17	"에너지볼"	2	3	1	0	6	0	0	0	0	0	0	6	1	0	0	0	0	0	0	1	0	0	0	0	0	0	0	0	0	0	0	0	0	0	0	0	0	0	0	0	17	0	0	2	0	0	0	0	0	0	0	3	30	-1	-1	200	0	0
4	"파이어볼"	5	8	3	0	6	0	40	0	0	0	0	6	1	0	0	0	0	0	0	1	0	0	1	0	1	0	0	1	0	0	0	1	0	1	0	0	0	0	0	0	4	0	0	2	0	0	0	0	0	0	0	3	30	-1	-1	197	0	0
11	"파워웨이브"	9	14	5	0	6	0	56	0	0	0	0	6	1	0	0	0	0	0	0	1	0	0	1	0	1	0	0	0	0	0	1	1	0	1	0	0	0	0	0	0	11	0	0	2	0	0	0	0	0	0	0	3	30	-1	-1	195	0	0
3	"번개"	13	17	15	0	6	0	72	0	0	0	0	6	1	0	0	0	0	0	0	1	0	0	1	0	0	0	0	0	0	0	1	1	0	1	0	0	0	0	0	0	3	0	0	2	0	0	0	0	0	0	0	3	40	-1	-1	180	0	0
6	"순간이동"	17	0	30	0	6	0	88	0	0	0	0	0	1	0	0	0	0	0	0	1	0	0	0	0	0	0	0	0	0	0	1	0	0	0	0	0	0	0	0	0	6	0	0	0	0	1	0	2	1	0	0	-1	-1	-1	-1	100	0	0
2	"운석"	21	21	12	0	6	0	104	0	0	0	0	6	1	0	0	0	0	0	0	1	0	0	1	0	1	0	0	1	0	0	0	1	0	1	0	0	0	0	0	0	2	0	0	2	0	0	0	0	0	0	0	3	45	-1	-1	190	0	0
7	"얼음"	25	10	38	0	6	0	120	0	0	0	0	6	1	0	0	0	0	0	0	1	0	0	1	0	1	0	0	0	0	0	1	1	0	1	0	0	0	0	0	0	7	0	0	2	0	0	0	0	0	0	0	3	45	-1	-1	150	0	0
1	"포이즌"	30	12	42	0	6	0	140	0	0	0	0	6	1	0	0	0	0	0	0	1	0	0	1	0	0	0	0	1	0	0	0	1	0	1	0	0	0	0	0	0	1	0	0	2	0	0	0	0	0	0	0	3	50	-1	-1	150	0	0
5	"불기둥"	35	25	50	0	6	0	160	0	0	0	0	6	1	0	0	0	0	0	0	1	0	0	1	0	0	0	0	1	0	0	0	1	0	1	0	0	0	0	0	0	5	0	0	2	0	1	0	0	0	0	0	3	100	-1	-1	120	0	0
8	"회오리"	40	35	60	0	6	0	180	0	0	0	0	6	1	0	0	0	0	0	0	1	0	0	1	0	0	0	0	1	0	0	1	1	0	1	0	0	0	0	0	0	8	0	0	2	0	1	0	0	0	0	0	3	90	-1	-1	140	0	0
9	"악령"	50	45	90	0	6	0	220	0	0	0	0	6	1	0	0	0	0	0	0	1	0	0	1	0	0	0	0	1	0	0	0	0	0	0	0	0	0	0	0	0	9	0	0	2	0	1	0	0	0	0	0	3	150	-1	-1	110	0	0
10	"헬파이어"	60	120	160	0	3	0	260	0	0	0	0	6	1	0	0	0	0	0	0	1	0	0	1	0	0	0	0	1	0	0	0	1	0	1	0	0	0	0	0	0	10	0	0	2	0	1	1	0	1	0	0	3	200	-1	-1	130	0	0
12	"아쿠아플래쉬"	74	80	140	0	6	0	345	0	0	0	0	6	1	0	0	0	0	0	0	1	0	0	1	0	0	0	0	0	0	0	1	0	0	1	0	0	0	0	0	0	12	0	0	2	0	1	0	0	0	0	0	3	200	-1	-1	140	0	0
16	"소울바리어"	77	0	70	22	6	0	408	0	0	0	0	0	1	0	0	0	0	0	0	1	0	0	0	0	0	0	0	0	0	0	0	0	0	0	0	0	0	0	0	0	16	1	0	0	4	3	0	0	0	0	0	-1	-1	-1	-1	100	0	0
13	"블래스트"	80	70	150	0	6	0	500	0	0	0	0	6	1	0	0	0	0	0	0	1	0	0	1	0	0	0	0	1	0	0	1	0	0	1	0	0	0	0	0	0	13	0	0	2	0	0	0	0	0	0	0	3	150	-1	-1	130	0	0
15	"텔레키네시스"	83	0	90	25	6	0	644	0	0	0	0	0	1	0	0	0	0	0	0	2	0	0	0	0	0	0	0	0	0	0	2	2	0	2	0	0	0	0	0	0	15	0	0	0	0	3	0	2	0	0	0	-1	-1	-1	-1	100	0	0
14	"인페르노"	88	100	200	0	4	0	724	0	0	0	0	6	1	0	0	0	0	0	0	1	0	0	1	0	0	0	0	1	0	0	0	1	0	1	0	0	0	0	0	0	14	0	0	2	0	1	1	0	1	0	0	3	90	-1	-1	110	0	0
39	"서든아이스"	93	80	100	5	6	0	849	0	0	0	0	6	1	0	0	0	0	0	0	2	0	0	0	0	0	0	0	2	0	0	0	2	0	2	0	0	0	0	0	0	39	0	0	2	0	1	0	0	0	0	0	3	90	-1	-1	115	0	0
38	"데쓰포이즌"	96	95	110	7	6	0	953	0	0	0	0	6	1	0	0	0	0	0	0	2	0	0	0	0	0	0	0	0	0	0	0	2	0	2	0	0	0	0	0	0	38	0	0	2	0	1	0	0	0	0	0	3	100	-1	-1	110	0	0
40	"헬버스트"	100	0	180	45	6	0	1052	0	0	0	0	6	1	0	0	0	0	0	0	2	0	0	0	0	0	0	0	0	0	0	2	0	0	2	0	0	0	0	0	0	40	0	0	2	0	1	1	0	1	0	0	-1	-1	-1	-1	160	0	0
45	"표창"	0	90	150	10	6	0	0	0	0	0	0	0	-1	0	75	0	0	0	0	1	0	0	0	0	1	0	0	1	0	0	1	1	0	1	0	0	0	0	0	0	45	0	0	0	0	0	0	0	0	0	0	-1	-1	-1	-1	100	0	0
18	"방어"	0	0	30	0	0	0	0	0	0	0	0	0	-1	0	0	0	0	0	0	0	1	0	1	1	0	0	1	0	0	0	0	0	0	0	0	0	0	0	0	0	18	0	1	0	0	1	1	0	1	0	1	-1	-1	-1	-1	100	0	0
19	"내려찍기"	0	0	9	0	3	0	0	0	0	0	0	6	0	0	0	0	0	0	0	0	1	0	1	1	0	1	0	0	0	0	0	0	0	0	0	0	0	0	0	0	19	0	1	1	0	0	0	0	0	0	1	1	30	-1	-1	180	0	0
20	"찌르기"	0	0	9	0	2	0	0	0	0	0	0	6	0	0	0	0	0	0	0	0	1	0	1	1	0	0	1	0	1	0	0	0	0	0	0	0	0	0	0	0	20	0	1	1	0	0	0	0	0	0	1	1	30	-1	-1	170	0	0
21	"올려치기"	0	0	8	0	2	0	0	0	0	0	0	6	0	0	0	0	0	0	0	0	1	0	1	1	0	0	0	0	1	0	0	0	0	0	0	0	0	0	0	0	21	0	1	1	0	0	0	0	0	0	1	1	30	-1	-1	190	0	0
22	"돌려치기"	0	0	9	0	2	0	0	0	0	0	0	6	0	0	0	0	0	0	0	0	1	0	1	1	0	0	0	0	1	0	0	0	1	0	0	0	0	0	0	0	22	0	1	1	0	0	0	0	0	0	1	1	30	-1	-1	165	0	0
23	"베기"	0	0	10	0	2	0	0	0	0	0	0	6	0	0	0	0	0	0	0	0	1	0	1	0	0	0	0	0	0	0	0	0	0	0	0	0	0	0	0	0	23	0	1	1	0	0	0	0	0	0	1	1	30	-1	-1	185	0	0
41	"회오리베기"	0	0	10	10	2	0	0	0	0	0	0	6	0	0	0	0	0	0	0	0	1	0	1	0	0	0	0	0	1	0	0	0	0	0	0	0	0	0	0	0	41	0	0	1	0	1	1	0	1	0	2	1	40	-1	-1	150	0	0
49	"레이드 슛"	110	30	9	0	3	0	0	0	0	0	0	6	0	0	0	0	0	0	0	0	1	0	0	0	0	0	0	0	0	0	0	0	0	0	0	0	0	0	0	0	49	0	0	1	0	0	0	0	0	0	0	-1	-1	-1	-1	150	0	0
48	"스웰라이프"	120	0	22	24	0	0	0	0	0	0	0	0	-1	0	0	0	0	0	0	0	1	0	0	0	0	0	0	0	0	0	0	0	0	0	0	0	0	0	0	0	48	1	0	0	8	2	1	0	1	0	0	-1	-1	-1	-1	100	0	0
43	"블로우"	160	70	15	3	3	0	0	0	0	0	0	6	0	0	0	0	0	0	0	0	2	0	0	0	0	0	0	0	0	0	0	0	0	0	0	0	0	0	0	0	43	0	0	1	0	0	0	0	0	0	2	1	150	-1	-1	105	0	0
42	"분노의 일격"	170	60	25	20	3	0	0	0	0	0	0	6	0	0	0	0	0	0	0	0	2	0	0	0	0	0	0	0	2	0	0	0	0	0	0	0	0	0	0	0	42	0	0	1	0	1	0	2	1	0	2	1	150	-1	-1	125	0	0
44	"반월베기"	0	90	22	15	4	0	0	0	0	0	0	0	-1	0	75	0	0	0	0	0	1	0	0	0	0	0	0	0	1	0	0	0	1	0	0	0	0	0	0	0	44	0	0	0	0	0	0	0	0	0	2	-1	-1	-1	-1	100	0	0
24	"다발"	0	0	5	0	6	0	0	0	0	0	0	6	0	0	0	0	0	0	0	0	0	1	0	0	0	0	0	0	0	0	0	0	0	0	0	0	0	0	0	0	24	0	1	1	0	1	0	0	0	0	1	2	100	-1	-1	160	0	0
26	"치료"	8	0	20	0	6	0	52	0	0	0	0	0	0	0	0	0	0	0	0	0	0	1	0	0	0	0	0	0	0	0	0	0	0	0	0	0	0	0	0	0	26	6	0	4	0	4	0	0	0	0	0	-1	-1	-1	-1	100	0	0
27	"방어력향상"	13	0	30	0	6	0	72	0	0	0	0	0	-1	0	0	0	0	0	0	0	0	1	0	0	0	0	0	0	0	0	0	0	0	0	0	0	0	0	0	0	27	1	0	4	2	4	0	0	0	0	0	-1	-1	-1	-1	100	0	0
28	"공격력향상"	18	0	40	0	6	0	92	0	0	0	0	0	-1	0	0	0	0	0	0	0	0	1	0	0	0	0	0	0	0	0	0	0	0	0	0	0	0	0	0	0	28	1	0	4	1	4	0	0	0	0	0	-1	-1	-1	-1	100	0	0
52	"관통"	130	70	7	9	6	0	0	0	0	0	0	6	0	0	0	0	0	0	0	0	0	1	0	0	0	0	0	0	0	0	0	0	0	0	0	0	0	0	0	0	52	0	0	1	0	1	0	2	0	0	5	2	200	-1	-1	130	0	0
51	"아이스애로우"	0	105	10	12	8	0	0	0	646	0	0	6	0	0	0	0	0	0	0	0	0	2	0	0	0	0	0	0	0	0	0	0	0	0	0	0	0	0	0	0	51	0	0	1	0	0	0	0	0	0	5	2	150	-1	-1	115	0	0
46	"디센트애로우"	0	120	20	15	8	0	0	0	0	0	0	0	-1	0	75	0	0	0	0	0	0	1	0	0	0	0	0	0	0	0	0	0	0	0	0	0	0	0	0	0	46	0	0	0	0	0	0	0	0	0	5	-1	-1	-1	-1	100	0	0
30	"고블린소환"	0	0	40	0	6	0	30	0	0	0	0	0	-1	0	0	0	0	0	0	0	0	1	0	0	0	0	0	0	0	0	0	0	0	0	0	0	0	0	0	0	30	4	0	0	0	1	1	0	1	0	0	-1	-1	-1	-1	100	0	0
31	"돌괴물소환"	0	0	70	0	6	0	60	0	0	0	0	0	-1	0	0	0	0	0	0	0	0	1	0	0	0	0	0	0	0	0	0	0	0	0	0	0	0	0	0	0	31	4	0	0	0	1	1	0	1	0	0	-1	-1	-1	-1	100	0	0
32	"암살자소환"	0	0	110	0	6	0	90	0	0	0	0	0	-1	0	0	0	0	0	0	0	0	1	0	0	0	0	0	0	0	0	0	0	0	0	0	0	0	0	0	0	32	4	0	0	0	1	1	0	1	0	0	-1	-1	-1	-1	100	0	0
33	"설인대장소환"	0	0	160	0	6	0	130	0	0	0	0	0	-1	0	0	0	0	0	0	0	0	1	0	0	0	0	0	0	0	0	0	0	0	0	0	0	0	0	0	0	33	4	0	0	0	1	1	0	1	0	0	-1	-1	-1	-1	100	0	0
34	"다크나이트소환"	0	0	200	0	6	0	170	0	0	0	0	0	-1	0	0	0	0	0	0	0	0	1	0	0	0	0	0	0	0	0	0	0	0	0	0	0	0	0	0	0	34	4	0	0	0	1	1	0	1	0	0	-1	-1	-1	-1	100	0	0
35	"발리소환"	0	0	250	0	6	0	210	0	0	0	0	0	-1	0	0	0	0	0	0	0	0	1	0	0	0	0	0	0	0	0	0	0	0	0	0	0	0	0	0	0	35	4	0	0	0	1	1	0	1	0	0	-1	-1	-1	-1	100	0	0
36	"솔져소환"	0	0	350	0	6	0	300	0	0	0	0	0	-1	0	0	0	0	0	0	0	0	1	0	0	0	0	0	0	0	0	0	0	0	0	0	0	0	0	0	0	36	4	0	0	0	1	1	0	1	0	0	-1	-1	-1	-1	100	0	0
55	"블러드어택"	0	80	17	12	3	0	0	596	0	0	0	6	-1	0	0	0	0	0	0	0	0	0	1	0	0	0	0	0	0	0	0	0	0	0	0	0	0	0	0	0	55	0	0	1	0	1	0	2	0	0	2	1	150	-1	-1	105	0	0
56	"파워슬래쉬"	0	0	15	0	5	0	0	0	0	0	0	6	-1	0	0	0	0	0	0	0	0	0	1	0	0	0	0	0	0	0	0	0	0	0	0	0	0	0	0	0	56	0	1	1	0	1	0	2	0	0	1	1	100	-1	-1	125	0	0
57	"나선베기"	0	75	20	15	5	0	0	0	0	0	0	0	-1	0	75	0	0	0	0	0	0	0	1	0	0	0	0	0	0	0	0	0	0	0	0	0	0	0	0	0	57	0	0	0	0	0	0	0	0	0	3	-1	-1	-1	-1	100	0	0
73	"광살포"	0	85	130	7	6	0	0	0	0	0	0	0	-1	0	75	0	0	0	0	0	0	0	1	0	0	0	0	0	0	0	0	0	0	0	0	0	0	0	0	0	73	0	0	0	0	0	0	0	0	0	6	-1	-1	-1	-1	100	0	0
50	"악의불꽃(몬스터)"	60	120	160	0	0	0	260	0	0	0	0	0	-1	6	0	0	0	0	0	0	0	0	0	0	0	0	0	0	0	0	0	0	0	0	0	0	0	0	0	0	50	0	0	0	0	0	0	0	0	0	0	-1	-1	-1	-1	100	0	0
60	"포스"	0	10	10	0	4	0	15	0	0	0	0	6	1	0	0	0	0	0	0	0	0	0	0	1	0	0	0	0	0	0	0	0	0	0	0	0	0	0	0	0	60	0	0	1	0	0	0	0	0	0	0	1	40	-1	-1	160	0	0
61	"파이어 버스트"	74	150	8	0	6	0	79	0	0	0	0	6	1	0	0	0	0	0	0	0	0	0	0	1	0	0	0	0	0	0	0	0	0	0	0	0	0	0	0	0	61	0	0	1	0	0	0	0	0	0	0	1	80	-1	-1	135	0	0
62	"어스 쉐이크"	0	150	0	50	10	10000	0	0	0	0	0	6	0	0	0	0	0	0	0	0	0	0	0	1	0	0	0	0	0	0	0	0	0	0	0	0	0	0	0	0	62	0	0	1	0	1	1	0	1	0	0	-1	-1	-1	-1	100	0	0
63	"셔먼"	98	0	70	30	0	30000	153	0	0	400	0	0	-1	0	0	0	0	0	0	0	0	0	0	1	0	0	0	0	0	0	0	0	0	0	0	0	0	0	0	0	63	0	0	0	0	1	1	0	1	0	0	-1	-1	-1	-1	100	0	0
64	"로드디그너티"	82	0	50	50	0	10000	102	0	0	300	0	0	-1	0	0	0	0	0	0	0	0	0	0	1	0	0	0	0	0	0	0	0	0	0	0	0	0	0	0	0	64	1	0	0	5	2	1	0	1	0	0	-1	-1	-1	-1	100	0	0
65	"일렉트릭 스파이크"	92	250	10	12	10	500	126	0	0	340	0	6	1	0	0	0	0	0	0	0	0	0	0	1	0	0	0	0	0	0	0	0	0	0	0	0	0	0	0	0	65	0	0	1	0	0	0	0	0	0	0	1	100	-1	-1	125	1	0
66	"포스 웨이브"	0	70	10	0	4	0	0	0	0	0	0	6	1	0	0	0	0	0	0	0	0	0	0	1	0	0	0	0	0	0	0	0	0	0	0	0	0	0	0	0	66	0	1	1	0	0	0	0	0	0	0	1	40	-1	-1	160	0	0
74	"파이어 브래스트"	0	150	30	10	6	0	0	0	0	0	0	0	-1	0	75	0	0	0	0	0	0	0	0	1	0	0	0	0	0	0	0	0	0	0	0	0	0	0	0	0	74	0	0	0	0	0	0	0	0	0	0	-1	-1	-1	-1	100	0	0
78	"파이어 스크림"	102	180	10	3	6	0	150	0	0	70	0	6	1	0	0	0	0	0	0	0	0	0	0	1	0	0	0	0	0	0	0	0	0	0	0	0	0	0	0	0	78	0	0	1	0	1	0	2	0	0	0	1	100	-1	-1	130	0	0
79	"폭발"	0	0	0	0	2	0	0	0	0	0	0	0	1	6	0	0	0	0	0	0	0	0	0	1	0	0	0	0	0	0	0	0	0	0	0	0	0	0	0	0	79	0	0	0	0	0	0	0	0	0	0	-1	-1	-1	-1	100	0	0
67	"스턴"	0	0	70	50	2	0	0	0	0	0	0	0	-1	1	0	4	0	0	1	1	1	1	1	1	1	0	0	1	1	0	1	1	1	1	0	0	0	0	0	0	67	2	0	0	0	1	0	0	0	0	0	-1	-1	-1	-1	100	0	0
68	"스턴해제"	0	0	25	30	0	0	0	0	0	0	0	0	-1	1	0	2	0	0	1	1	1	1	1	1	1	0	0	1	1	0	1	1	1	1	0	0	0	0	0	0	68	3	0	0	0	4	0	0	0	0	0	-1	-1	-1	-1	100	0	0
69	"스웰마나"	0	0	35	30	0	0	0	0	0	0	0	0	-1	1	0	4	0	0	1	1	1	1	1	1	1	0	0	1	1	0	1	1	1	1	0	0	0	0	0	0	69	1	0	0	9	2	1	0	1	0	0	-1	-1	-1	-1	100	0	0
70	"투명"	0	0	80	60	0	0	0	0	0	0	0	0	-1	1	0	5	1	1	0	1	1	1	1	1	1	0	0	1	1	0	1	1	1	1	0	0	0	0	0	0	70	1	0	0	0	2	1	0	1	0	0	-1	-1	-1	-1	100	0	0
71	"투명해제"	0	0	40	30	0	0	0	0	0	0	0	0	-1	1	0	2	1	1	0	1	1	1	1	1	1	0	0	1	1	0	1	1	1	1	0	0	0	0	0	0	71	3	0	0	0	4	0	0	0	0	0	-1	-1	-1	-1	100	0	0
72	"마법해제"	0	0	90	70	0	0	0	0	0	0	0	0	-1	1	0	8	1	0	0	0	0	0	0	1	0	0	0	0	0	0	0	0	0	0	0	0	0	0	0	0	72	3	0	0	0	4	0	0	0	0	0	-1	-1	-1	-1	100	0	0
76	"플라즈마스톰"	110	60	50	20	6	1500	0	0	0	0	0	0	0	0	0	0	0	0	0	2	2	2	1	1	2	1	1	2	2	2	2	2	2	2	0	0	0	0	0	0	76	0	0	0	0	0	0	0	0	0	0	-1	-1	-1	-1	100	0	0
200	"몬스터소환"	0	0	40	0	0	0	20	0	0	0	0	0	-1	6	0	0	0	0	0	0	0	0	0	0	0	0	0	0	0	0	0	0	0	0	0	0	0	0	0	0	200	0	0	0	0	0	0	0	0	0	0	-1	-1	-1	-1	100	0	0
201	"마법공격무적"	0	0	40	0	0	0	20	0	0	0	0	0	-1	6	0	0	0	0	0	0	0	0	0	0	0	0	0	0	0	0	0	0	0	0	0	0	0	0	0	0	201	0	0	0	0	0	0	0	0	0	0	-1	-1	-1	-1	100	0	0
202	"물리공격무적"	0	0	40	0	0	0	20	0	0	0	0	0	-1	6	0	0	0	0	0	0	0	0	0	0	0	0	0	0	0	0	0	0	0	0	0	0	0	0	0	0	202	0	0	0	0	0	0	0	0	0	0	-1	-1	-1	-1	100	0	0
203	"축복의물약"	0	0	40	0	0	0	20	0	0	0	0	0	-1	6	0	0	0	0	0	0	0	0	0	0	0	0	0	0	0	0	0	0	0	0	0	0	0	0	0	0	203	0	0	0	0	0	0	0	0	0	0	-1	-1	-1	-1	100	0	0
204	"영혼의물약"	0	0	40	0	0	0	20	0	0	0	0	0	-1	6	0	0	0	0	0	0	0	0	0	0	0	0	0	0	0	0	0	0	0	0	0	0	0	0	0	0	204	0	0	0	0	0	0	0	0	0	0	-1	-1	-1	-1	100	0	0
77	"인피니티 애로우"	220	0	50	10	0	0	0	0	0	0	0	0	-1	0	0	0	0	0	0	0	0	2	0	0	0	0	0	0	0	0	0	0	0	0	0	0	0	0	0	0	77	1	0	0	6	2	1	0	1	0	0	-1	-1	-1	-1	100	0	0
210	"보호의 주문"	0	0	30	0	0	60000	0	0	0	0	0	0	0	5	0	0	0	0	0	1	1	1	1	1	1	1	1	1	1	0	1	1	1	1	0	0	0	0	0	0	210	1	0	0	0	2	1	0	0	0	0	-1	-1	-1	-1	100	0	0
211	"속박의 주문"	0	0	30	0	3	60000	0	0	0	0	0	0	0	5	0	0	0	0	0	1	1	1	1	1	1	1	1	1	1	0	1	1	1	1	0	0	0	0	0	0	211	2	0	0	0	0	0	0	1	0	0	-1	-1	-1	-1	100	0	0
212	"추적의 주문"	0	0	30	0	0	120000	0	0	0	0	0	0	0	5	0	0	0	0	0	1	1	1	1	1	1	1	1	1	1	0	1	1	1	1	0	0	0	0	0	0	212	0	0	0	0	2	0	0	0	0	0	-1	-1	-1	-1	100	0	0
213	"쉴드번"	0	0	30	0	3	60000	0	0	0	0	0	0	0	5	0	0	0	0	0	1	1	1	1	1	1	1	1	1	1	0	1	1	1	1	0	0	0	0	0	0	213	0	0	0	0	0	0	0	1	0	0	-1	-1	-1	-1	100	0	0
214	"드레인 라이프"	35	35	50	0	6	0	150	0	0	0	0	6	1	0	0	0	0	0	0	0	0	0	0	0	1	0	0	0	0	0	0	0	0	0	0	0	0	0	0	0	214	0	0	2	0	0	0	0	0	0	0	-1	-1	-1	-1	100	0	0
219	"슬립"	40	0	20	3	6	0	180	0	0	0	0	0	1	0	0	0	0	0	0	0	0	0	0	0	1	0	0	0	0	0	0	0	0	0	0	0	0	0	0	0	219	2	0	0	0	0	0	0	0	0	0	-1	-1	-1	-1	100	0	0
223	"익스플로젼"	50	40	35	0	4	500	300	0	0	0	0	6	1	0	0	0	0	0	0	0	0	0	0	0	1	0	0	0	0	0	0	0	0	0	0	0	0	0	0	0	223	0	0	3	0	1	0	2	0	0	11	3	150	-1	-1	120	0	0
215	"체인 라이트닝"	75	70	85	0	6	0	245	0	0	0	0	6	1	0	0	0	0	0	0	0	0	0	0	0	1	0	0	0	0	0	0	0	0	0	0	0	0	0	0	0	215	0	0	2	0	0	0	0	0	0	0	3	200	-1	-1	105	0	0
224	"레퀴엠"	75	65	60	4	4	800	416	0	0	0	0	6	1	0	0	0	0	0	0	0	0	0	0	0	1	0	0	0	0	0	0	0	0	0	0	0	0	0	0	0	224	0	0	3	0	1	0	2	0	0	11	3	150	-1	-1	125	0	0
217	"데미지반사"	80	0	40	10	5	5000	375	0	0	0	0	0	1	0	0	0	0	0	0	0	0	0	0	0	1	0	0	0	0	0	0	0	0	0	0	0	0	0	0	0	217	1	0	0	71	4	0	0	0	0	0	-1	-1	-1	-1	100	0	0
225	"펄루션"	85	80	70	8	4	500	542	0	0	0	0	6	1	0	0	0	0	0	0	0	0	0	0	0	1	0	0	0	0	0	0	0	0	0	0	0	0	0	0	0	225	0	0	3	0	1	0	2	0	0	11	3	150	-1	-1	125	0	0
230	"라이트닝쇼크"	93	95	115	7	6	0	823	0	0	0	0	6	1	0	0	0	0	0	0	0	0	0	0	0	1	0	0	0	0	0	0	0	0	0	0	0	0	0	0	0	230	0	0	2	0	1	0	2	0	0	0	3	200	-1	-1	105	0	0
218	"버서커"	83	0	100	50	5	5000	300	0	0	0	0	0	1	0	0	0	0	0	0	0	0	0	0	0	1	0	0	0	0	0	0	0	0	0	0	0	0	0	0	0	218	1	0	0	81	2	1	0	1	0	10	-1	-1	-1	-1	100	0	0
221	"위크니스"	93	0	50	15	8	30000	663	0	0	0	0	0	1	0	0	0	0	0	0	0	0	0	0	0	1	0	0	0	0	0	0	0	0	0	0	0	0	0	0	30	221	2	0	0	0	1	0	2	0	0	11	-1	-1	-1	-1	100	0	0
222	"이너베이션"	111	0	50	15	8	30000	663	0	0	0	0	0	1	0	0	0	0	0	0	0	0	0	0	0	1	0	0	0	0	0	0	0	0	0	0	0	0	0	0	30	222	2	0	0	0	1	0	2	0	0	11	-1	-1	-1	-1	100	0	0
232	"파괴의일격"	100	110	30	24	5	0	0	0	0	0	0	6	0	0	0	0	0	0	0	0	2	0	0	0	0	0	0	0	0	0	0	0	0	0	0	0	0	0	0	0	232	0	0	1	0	1	0	2	1	0	2	1	150	-1	-1	135	0	0
233	"마력증대"	220	0	200	50	6	0	1058	0	0	0	0	0	1	0	0	0	0	0	0	2	0	0	0	0	0	0	0	2	0	0	2	2	0	2	0	0	0	0	0	0	233	1	0	0	82	2	1	0	1	0	0	-1	-1	-1	-1	100	0	0
234	"회복"	100	0	40	10	6	0	168	0	0	0	0	0	0	0	0	0	0	0	0	0	0	2	0	0	0	0	0	0	0	0	0	0	0	0	0	0	0	0	0	0	234	6	0	0	0	4	0	0	0	0	0	-1	-1	-1	-1	100	0	0
235	"멀티샷"	100	40	10	7	6	0	0	0	0	0	0	6	0	0	0	0	0	0	0	0	0	2	0	0	0	0	0	0	0	0	0	0	0	0	0	0	0	0	0	0	235	0	0	1	0	1	0	0	0	0	5	2	200	-1	-1	105	0	0
236	"플레임스트라이크"	100	140	20	25	3	0	0	0	0	0	0	6	1	0	0	0	0	0	0	0	0	0	1	0	0	0	0	0	0	0	0	0	0	0	0	0	0	0	0	0	236	0	0	1	0	1	0	2	0	0	2	1	200	-1	-1	135	0	0
237	"기간틱스톰"	220	110	120	10	6	0	1058	0	0	0	0	6	1	0	0	0	0	0	0	0	0	0	1	0	0	0	0	0	0	0	0	0	0	0	0	0	0	0	0	0	237	0	0	2	0	1	0	2	0	0	0	3	250	-1	-1	115	0	0
238	"카오틱디세이어"	100	220	12	4	6	0	84	0	0	0	0	6	1	0	0	0	0	0	0	0	0	0	0	1	0	0	0	0	0	0	0	0	0	0	0	0	0	0	0	0	238	0	0	1	0	1	0	2	0	0	0	1	80	-1	-1	130	1	0
239	"도플갱어 자폭 스킬"	100	140	20	25	3	0	0	0	0	0	0	6	1	6	0	0	0	0	0	0	0	0	1	0	0	0	0	0	0	0	0	0	0	0	0	0	0	0	0	0	239	0	0	0	0	0	0	0	0	0	0	-1	-1	-1	-1	100	0	0
240	"매지컬샷"	2	30	1	0	6	0	0	0	0	0	0	6	1	0	0	0	0	0	0	0	0	0	0	0	0	0	0	1	0	0	1	1	0	1	0	0	0	0	0	0	108	0	0	2	0	0	0	0	0	0	0	3	30	-1	-1	200	0	0
241	"샤이닝버드"	30	130	5	0	6	0	70	0	0	0	0	6	1	0	0	0	0	0	0	0	0	0	0	0	0	0	0	0	0	0	1	0	0	0	0	0	0	0	0	0	109	0	0	2	0	1	0	0	0	0	0	3	45	-1	-1	190	0	0
242	"드래곤바이얼런트"	50	140	30	0	6	0	680	0	0	0	0	6	1	0	0	0	0	0	0	0	0	0	0	0	0	0	0	0	0	0	1	0	0	0	0	0	0	0	0	0	110	0	0	2	0	0	0	0	0	0	0	3	60	-1	-1	190	0	0
243	"스피어스톰"	160	160	105	5	6	500	1160	0	0	0	0	6	1	0	0	0	0	0	0	0	0	0	0	0	0	0	0	0	0	0	3	0	0	0	0	0	0	0	0	0	111	0	0	2	1	1	0	0	0	0	0	3	60	-1	-1	150	1	0
244	"리플렉션바리어"	77	0	70	22	6	0	408	0	0	0	0	0	1	0	0	0	0	0	0	0	0	0	0	0	0	0	0	0	0	0	1	0	0	0	0	0	0	0	0	0	112	1	0	0	343	3	0	0	0	0	0	-1	-1	-1	-1	100	0	0
245	"마블버스트"	25	125	5	0	6	0	104	0	0	0	0	6	1	0	0	0	0	0	0	0	0	0	0	0	0	0	0	0	0	0	0	1	0	0	0	0	0	0	0	0	113	0	0	2	0	0	0	0	0	0	14	3	45	-1	-1	190	0	0
246	"언리쉬마블"	45	135	50	0	6	10000	700	0	0	0	0	6	1	0	0	0	0	0	0	0	0	0	0	0	0	0	0	0	0	0	0	1	0	0	0	0	0	0	0	0	114	0	0	2	0	1	0	0	0	0	14	3	60	-1	-1	100	0	0
247	"얼티밋포스"	160	10	92	4	7	0	1073	0	0	0	0	6	1	0	0	0	0	0	0	0	0	0	0	0	0	0	0	0	0	0	0	3	0	0	0	0	0	0	0	0	115	0	0	2	0	0	0	0	0	0	14	3	60	-1	-1	150	1	0
248	"리플렉션바리어(반사장벽)"	0	0	0	0	0	0	0	0	0	0	0	0	1	0	0	0	0	0	0	0	0	0	0	0	0	0	0	0	0	0	0	0	0	0	0	0	0	0	0	0	0	0	0	0	0	1	0	0	0	0	0	-1	-1	-1	-1	100	0	0
249	"일루전아바타 공격스킬"	50	300	0	0	7	0	0	0	0	0	0	0	1	0	0	0	0	0	0	0	0	0	0	0	0	0	0	0	0	0	0	0	0	0	0	0	0	0	0	0	0	0	0	0	0	0	0	0	0	0	0	2	80	-1	-1	100	1	0
260	"클링블로우"	0	0	9	0	2	0	0	0	0	0	0	6	1	0	0	0	0	0	0	0	0	0	0	0	0	1	0	0	0	0	0	0	0	0	0	0	0	0	0	0	260	0	1	1	0	0	0	1	0	0	0	4	200	-1	-1	155	0	0
261	"비스트어퍼"	0	0	9	0	2	0	0	0	0	0	0	6	1	0	0	0	0	0	0	0	0	0	0	0	0	1	0	0	0	0	0	0	0	0	0	0	0	0	0	0	261	0	1	1	0	0	0	1	0	0	0	4	200	-1	-1	155	0	0
262	"체인드라이브"	150	0	15	20	4	700	0	0	0	0	0	6	1	0	0	0	0	0	0	0	0	0	0	0	0	1	0	0	0	0	0	0	0	0	0	0	0	0	0	0	262	0	0	1	0	0	0	1	0	0	7	-1	-1	-1	-1	105	0	0
263	"다크사이드"	180	0	70	0	5	0	0	0	0	0	0	6	1	0	0	0	0	0	0	0	0	0	0	0	0	1	0	0	0	0	0	0	0	0	0	0	0	0	0	0	263	0	0	1	0	1	0	0	0	0	0	2	100	-1	-1	115	0	0
264	"드레곤로어"	150	0	50	30	3	700	0	0	0	0	0	6	1	0	0	0	0	0	0	0	0	0	0	0	0	1	0	0	0	0	0	0	0	0	0	0	0	0	0	0	264	0	0	1	0	0	0	0	0	0	7	-1	-1	-1	-1	100	0	0
265	"드레곤슬레셔"	200	0	100	100	4	3000	0	0	0	0	0	6	1	0	0	0	0	0	0	0	0	0	0	0	0	1	0	0	0	0	0	0	0	0	0	0	0	0	0	0	265	0	0	1	0	0	0	0	0	0	7	-1	-1	-1	-1	100	0	0
266	"적방어력무시"	120	0	50	10	3	0	404	0	0	0	0	0	1	0	0	0	0	0	0	0	0	0	0	0	0	1	0	0	0	0	0	0	0	0	0	0	0	0	0	0	266	1	0	0	129	2	1	0	1	0	0	-1	-1	-1	-1	100	0	0
267	"체력향상"	80	0	50	10	7	0	132	0	0	0	0	0	1	0	0	0	0	0	0	0	0	0	0	0	0	1	0	0	0	0	0	0	0	0	0	0	0	0	0	0	267	1	0	0	130	2	1	0	1	0	0	-1	-1	-1	-1	100	0	0
268	"방어성공율향상"	50	0	50	10	7	0	80	0	0	0	0	0	1	0	0	0	0	0	0	0	0	0	0	0	0	1	0	0	0	0	0	0	0	0	0	0	0	0	0	0	268	1	0	0	131	2	1	0	1	0	0	-1	-1	-1	-1	100	0	0
269	"차지"	0	90	20	15	4	0	0	0	0	0	0	0	1	0	75	0	0	0	0	0	0	0	0	0	0	1	0	0	0	0	0	0	0	0	0	0	0	0	0	0	269	0	0	0	0	0	0	1	0	0	0	-1	-1	-1	-1	100	0	0
270	"피닉스 샷"	0	0	30	0	4	1200	0	0	0	0	0	6	1	0	0	0	0	0	0	0	0	0	0	0	0	1	0	0	0	0	0	0	0	0	0	0	0	0	0	0	270	0	1	1	0	0	0	0	0	0	0	4	200	-1	-1	125	0	0
271	"스핀스텝"	83	100	12	0	2	500	0	0	150	0	0	6	0	0	0	0	0	0	0	0	0	0	0	0	0	0	1	0	0	0	0	0	0	0	0	0	0	0	0	0	271	0	0	1	0	0	0	0	0	0	4	2	-1	-1	-1	100	0	0
272	"서클실드"	220	0	100	50	0	0	0	0	0	0	0	0	0	0	0	0	0	0	0	0	0	0	0	0	0	0	1	0	0	0	0	0	0	0	0	0	0	0	0	0	272	1	0	0	216	2	0	0	0	0	8	2	-1	-1	-1	100	0	0
273	"옵시디언"	74	0	50	50	0	0	200	0	0	0	0	0	0	0	0	0	0	0	0	0	0	0	0	0	0	0	1	0	0	0	0	0	0	0	0	0	0	0	0	0	273	1	0	0	217	3	0	0	0	0	0	1	-1	-1	-1	100	0	0
274	"매직핀"	30	80	5	3	2	500	0	200	200	0	0	6	0	0	0	0	0	0	0	0	0	0	0	0	0	0	1	0	0	0	0	0	0	0	0	0	0	0	0	0	274	0	0	1	0	0	0	0	0	0	4	2	100	-1	-1	100	0	0
275	"격돌"	0	50	50	50	6	10000	0	0	0	0	0	0	0	0	75	0	0	0	0	0	0	0	0	0	0	0	1	0	0	0	0	0	0	0	0	0	0	0	0	0	275	0	0	0	0	0	0	0	0	0	0	1	-1	-1	-1	100	0	0
276	"하쉬스트라이크"	74	100	12	0	3	500	0	150	0	0	0	6	0	0	0	0	0	0	0	0	0	0	0	0	0	0	1	0	0	0	0	0	0	0	0	0	0	0	0	0	276	0	0	1	0	0	0	0	0	0	4	1	30	-1	-1	110	0	0
277	"샤이닝픽"	92	50	8	5	4	0	0	600	0	0	0	6	0	0	0	0	0	0	0	0	0	0	0	0	0	0	1	0	0	0	0	0	0	0	0	0	0	0	0	0	277	0	0	1	0	0	0	0	0	0	4	1	1	1	5	110	0	0
278	"격노"	66	0	40	30	0	0	0	200	200	0	0	0	0	0	0	0	0	0	0	0	0	0	0	0	0	0	1	0	0	0	0	0	0	0	0	0	0	0	0	0	278	1	0	0	424	2	0	0	0	0	0	2	-1	-1	-1	100	0	0
279	"브레쉬"	300	230	15	6	5	0	0	300	300	0	0	6	0	0	0	0	0	0	0	0	0	0	0	0	0	0	1	0	0	0	0	0	0	0	0	0	0	0	0	0	279	0	0	1	0	1	0	0	0	0	4	1	100	-1	-1	110	0	0
280	"폭발"	0	50	0	0	2	0	0	0	0	0	0	0	1	6	0	0	0	0	0	0	0	0	0	0	0	0	1	0	0	0	0	0	0	0	0	0	0	0	0	0	280	0	0	0	0	0	0	0	0	0	0	-1	-1	-1	-1	110	0	0
281	"매직핀 폭발"	0	0	0	0	0	0	0	0	0	0	0	0	1	6	0	0	0	0	0	0	0	0	0	0	0	0	1	0	0	0	0	0	0	0	0	0	0	0	0	0	281	0	0	0	0	0	0	0	0	0	0	-1	-1	-1	-1	100	0	0
282	"스피릿훅"	180	255	27	21	3	0	0	0	0	0	1480	6	1	0	0	0	0	0	0	0	0	0	0	0	0	3	0	0	0	0	0	0	0	0	0	0	0	0	0	0	441	0	0	1	0	0	0	1	0	0	7	4	10	-1	-1	105	1	0
283	"매직애로우"	50	10	5	0	8	0	60	0	0	0	0	6	1	0	0	0	0	0	0	0	0	0	0	0	0	0	0	1	0	0	0	0	0	0	0	0	0	0	0	0	79	0	0	2	0	1	0	0	0	0	9	3	500	-1	-1	100	0	0
284	"플라즈마볼"	130	40	120	35	8	4000	300	0	0	0	0	6	1	0	0	0	0	0	0	0	0	0	0	0	0	0	0	1	0	0	0	0	0	0	0	0	0	0	0	0	80	0	0	2	0	1	0	0	0	0	9	3	200	-1	-1	110	0	0
285	"라이트닝스톰"	160	300	80	7	8	0	1080	0	0	0	0	6	1	0	0	0	0	0	0	0	0	0	0	0	0	0	0	3	0	0	0	0	0	0	0	0	0	0	0	0	81	0	0	2	0	1	0	0	0	0	9	3	100	-1	-1	115	1	0
286	"버스트"	200	0	50	0	0	120000	0	0	0	0	0	0	1	0	0	0	0	0	0	0	0	0	0	0	0	0	0	2	0	0	0	0	0	0	0	0	0	0	0	0	82	1	0	0	293	2	1	0	1	0	0	-1	-1	-1	-1	100	0	0
287	"헤이스트"	400	0	0	50	0	120000	0	0	0	0	0	0	1	0	0	0	0	0	0	0	0	0	0	0	0	0	0	2	0	0	0	0	0	0	0	0	0	0	0	0	83	1	0	0	294	2	1	0	1	0	0	-1	-1	-1	-1	100	0	0
288	"데스사이드"	85	75	120	20	6	0	930	0	0	0	0	6	1	0	0	0	0	0	0	0	0	0	0	0	3	0	0	0	0	0	0	0	0	0	0	0	0	0	0	0	84	0	0	3	306	1	0	2	0	0	11	3	150	-1	-1	125	1	0
289	"다크니스"	83	0	100	50	5	5000	300	0	0	0	0	0	1	0	0	0	0	0	0	0	0	0	0	0	1	0	0	0	0	0	0	0	0	0	0	0	0	0	0	0	85	1	0	0	301	2	1	0	1	0	11	-1	-1	-1	-1	100	0	0
291	"정예몬스터스킬"	0	0	0	0	0	0	0	0	0	0	0	0	1	0	0	0	0	0	0	0	0	0	0	0	0	0	0	0	0	0	0	0	0	0	0	0	0	0	0	0	0	0	0	0	0	1	0	0	0	0	0	-1	-1	-1	-1	100	0	0
292	"소드이너시아"	30	10	5	0	6	0	0	50	100	0	0	6	0	0	0	0	0	0	0	0	0	0	0	0	0	0	0	0	1	0	0	0	0	0	0	0	0	0	0	0	86	0	0	1	0	1	0	0	0	0	2	2	150	-1	-1	100	0	0
293	"뱃플로크"	150	90	20	5	6	0	0	100	380	0	0	6	0	0	0	0	0	0	0	0	0	0	0	0	0	0	0	0	2	0	0	0	0	0	0	0	0	0	0	0	87	0	0	1	0	1	0	0	0	0	0	2	150	-1	-1	100	0	0
294	"피어스어택"	160	170	30	10	6	0	0	300	1100	0	0	6	0	0	0	0	0	0	0	0	0	0	0	0	0	0	0	0	3	0	0	0	0	0	0	0	0	0	0	0	88	0	0	1	0	0	0	0	0	0	2	2	150	-1	-1	120	1	0
295	"디텍션"	350	0	100	100	0	5000	0	0	800	0	0	0	1	0	0	0	0	0	0	0	0	0	0	0	0	0	0	0	3	0	0	0	0	0	0	0	0	0	0	0	89	1	0	0	316	2	1	0	1	0	0	-1	-1	-1	-1	100	0	0
297	"데몰리쉬"	400	0	50	0	0	60000	0	0	1450	0	0	0	1	0	0	0	0	0	0	0	0	0	0	0	0	0	0	0	3	0	0	0	0	0	0	0	0	0	0	0	90	1	0	0	317	2	1	0	1	0	0	-1	-1	-1	-1	100	0	0
298	"경험의 축복"	50	0	5	0	8	0	0	0	0	0	0	0	0	0	0	0	0	0	0	1	1	1	1	1	1	1	1	1	1	1	1	1	1	1	0	0	0	0	0	0	106	1	0	0	377	4	0	0	0	0	0	-1	-1	-1	-1	100	0	0
300	"내구 감소 (1)"	0	37	0	0	0	0	0	0	0	0	0	0	-1	3	0	0	0	0	0	3	3	3	3	3	3	0	3	3	3	3	3	3	3	3	1	1	1	0	0	0	0	0	0	0	0	0	0	0	0	0	0	-1	-1	-1	-1	100	0	0
301	"대인 방어율 증가"	0	12	0	0	0	0	0	0	0	0	0	0	-1	3	0	0	0	0	0	3	3	3	3	3	3	0	3	3	3	3	3	3	3	3	1	2	1	0	0	0	1	0	0	0	0	0	0	0	0	0	0	-1	-1	-1	-1	100	0	0
302	"최대 SD 증가"	0	13	0	0	0	0	0	0	0	0	0	0	-1	3	0	0	0	0	0	3	3	3	3	3	3	0	3	3	3	3	3	3	3	3	2	3	1	0	0	0	2	0	0	0	0	0	0	0	0	0	0	-1	-1	-1	-1	100	0	0
303	"자동 마나 회복력 증가"	0	7	0	0	0	0	0	0	0	0	0	0	-1	3	0	0	0	0	0	3	3	3	3	3	3	0	3	3	3	3	3	3	3	3	2	4	1	0	0	0	3	0	0	0	0	0	0	0	0	0	0	-1	-1	-1	-1	100	0	0
304	"독 저항력 상승"	0	1	0	0	0	0	0	0	0	0	0	6	-1	3	0	0	0	0	0	3	3	3	3	3	3	0	3	3	3	0	0	0	3	0	2	5	1	0	0	0	4	0	0	0	0	0	0	0	0	0	0	-1	-1	-1	-1	100	0	0
305	"내구 감소 (2)"	0	17	0	0	0	0	0	0	0	0	0	0	-1	3	0	0	0	0	0	3	3	3	3	3	3	0	3	3	3	3	3	3	3	3	3	6	1	0	0	0	5	0	0	0	0	0	0	0	0	0	0	-1	-1	-1	-1	100	0	0
306	"SD 회복 속도 상승"	0	1	0	0	0	0	0	0	0	0	0	0	-1	3	0	0	0	0	0	3	3	3	3	3	3	0	3	3	3	3	3	3	3	3	3	7	1	0	0	0	6	0	0	0	0	0	0	0	0	0	0	-1	-1	-1	-1	100	0	0
307	"자동 생명 회복력 증가"	0	1	0	0	0	0	0	0	0	0	0	0	-1	3	0	0	0	0	0	3	3	3	3	3	3	0	3	3	3	3	3	3	3	3	3	8	1	0	0	0	7	0	0	0	0	0	0	0	0	0	0	-1	-1	-1	-1	100	0	0
308	"번개 저항력 상승"	0	1	0	0	0	0	0	0	0	0	0	6	-1	3	0	0	0	0	0	3	3	3	3	3	3	0	3	3	3	0	0	0	3	0	3	9	1	0	0	0	8	0	0	0	0	0	0	0	0	0	0	-1	-1	-1	-1	100	0	0
309	"방어력 증가"	0	16	0	0	0	0	0	0	0	0	0	0	-1	3	0	0	0	0	0	3	3	3	3	3	3	0	3	3	3	3	3	3	3	3	4	10	1	0	0	0	9	0	0	0	0	0	0	0	0	0	0	-1	-1	-1	-1	100	0	0
310	"자동 AG 회복력 증가"	0	1	0	0	0	0	0	0	0	0	0	0	-1	3	0	0	0	0	0	3	3	3	3	3	3	0	3	3	3	3	3	3	3	3	4	11	1	0	0	0	10	0	0	0	0	0	0	0	0	0	0	-1	-1	-1	-1	100	0	0
311	"얼음 저항력 상승"	0	1	0	0	0	0	0	0	0	0	0	0	-1	3	0	0	0	0	0	3	3	3	3	3	3	0	3	3	3	0	0	0	3	0	4	12	1	0	0	0	11	0	0	0	0	0	0	0	0	0	0	-1	-1	-1	-1	100	0	0
312	"내구 감소 (3)"	0	17	0	0	0	0	0	0	0	0	0	0	-1	3	0	0	0	0	0	3	3	3	3	3	3	0	3	3	3	3	3	3	3	3	5	13	1	0	0	0	12	0	0	0	0	0	0	0	0	0	0	-1	-1	-1	-1	100	0	0
313	"방어 성공율 상승"	0	1	0	0	0	0	0	0	0	0	0	0	-1	3	0	0	0	0	0	3	3	3	3	3	3	0	3	3	3	3	3	3	3	3	5	14	1	0	0	0	13	0	0	0	0	0	0	0	0	0	0	-1	-1	-1	-1	100	0	0
314	"무적 시전"	0	38	0	0	0	0	0	0	0	0	0	0	-1	3	0	0	0	0	0	3	3	3	3	3	3	0	3	3	3	0	0	0	3	0	6	15	1	0	0	0	14	0	0	0	0	0	0	0	0	0	0	-1	-1	-1	-1	100	0	0
315	"세트 방어력 증가"	0	3	0	0	0	0	0	0	0	0	0	0	-1	3	0	0	0	0	0	3	3	3	3	3	3	0	3	3	3	3	3	3	3	3	6	16	1	0	0	0	15	0	0	0	0	0	0	0	0	0	0	-1	-1	-1	-1	100	0	0
316	"복수"	0	38	0	0	0	0	0	0	0	0	0	0	-1	3	0	0	0	0	0	3	3	3	3	3	3	0	3	3	3	3	3	3	3	3	6	17	1	0	0	0	16	0	0	0	0	0	0	0	0	0	0	-1	-1	-1	-1	100	0	0
317	"에너지 스탯 증가"	0	40	0	0	0	0	0	0	0	0	0	0	-1	3	0	0	0	0	0	3	3	3	3	3	3	0	3	3	3	0	3	3	3	3	7	18	1	0	0	0	17	0	0	0	0	0	0	0	0	0	0	-1	-1	-1	-1	100	0	0
318	"체력 스탯 증가"	0	40	0	0	0	0	0	0	0	0	0	0	-1	3	0	0	0	0	0	3	3	3	3	3	3	0	3	3	3	0	3	3	3	3	7	19	1	0	0	0	18	0	0	0	0	0	0	0	0	0	0	-1	-1	-1	-1	100	0	0
319	"민첩 스탯 증가"	0	40	0	0	0	0	0	0	0	0	0	0	-1	3	0	0	0	0	0	3	3	3	3	3	3	0	3	3	3	0	3	3	3	3	7	20	1	0	0	0	19	0	0	0	0	0	0	0	0	0	0	-1	-1	-1	-1	100	0	0
320	"힘 스탯 증가"	0	40	0	0	0	0	0	0	0	0	0	0	-1	3	0	0	0	0	0	3	3	3	3	3	3	0	3	3	3	0	3	3	3	3	7	21	1	0	0	0	20	0	0	0	0	0	0	0	0	0	0	-1	-1	-1	-1	100	0	0
321	"폭풍의 날개 흡수 강화"	0	38	0	0	0	0	0	0	0	0	0	0	-1	3	0	0	0	0	0	0	3	0	0	0	0	0	0	0	0	0	0	0	0	0	8	22	1	0	0	0	21	0	0	0	0	0	0	0	0	0	0	-1	-1	-1	-1	100	0	0
322	"폭풍의 날개 방어 강화"	0	17	0	0	0	0	0	0	0	0	0	0	-1	3	0	0	0	0	0	0	3	0	0	0	0	0	0	0	0	0	0	0	0	0	8	23	1	0	0	0	22	0	0	0	0	0	0	0	0	0	0	-1	-1	-1	-1	100	0	0
323	"무적 시전"	0	1	0	0	0	0	0	0	0	0	0	0	-1	3	0	0	0	0	0	3	3	3	3	3	3	3	3	0	0	0	0	0	0	0	6	15	1	0	0	0	14	0	0	0	0	0	0	0	0	0	0	-1	-1	-1	-1	100	0	0
324	"폭풍의 날개 공격 강화"	0	17	0	0	0	0	0	0	0	0	0	0	-1	3	0	0	0	0	0	0	3	0	0	0	0	0	0	0	0	0	0	0	0	0	9	35	1	0	0	0	24	0	0	0	0	0	0	0	0	0	0	-1	-1	-1	-1	100	0	0
325	"공격 성공율 상승"	0	13	0	0	0	0	0	0	0	0	0	0	-1	3	0	0	0	0	0	3	3	3	3	3	3	0	3	3	3	3	3	3	3	3	1	36	1	0	0	0	25	0	0	0	0	0	0	0	0	0	0	-1	-1	-1	-1	100	0	0
326	"돌려치기 강화"	0	4	9	0	2	0	0	0	0	0	0	6	0	4	22	0	0	0	0	0	3	0	0	0	0	0	0	0	3	0	0	0	0	0	2	37	1	0	0	0	26	0	1	1	0	0	0	0	0	0	0	1	30	-1	-1	165	0	0
327	"베기 강화"	0	40	10	0	2	0	0	0	0	0	0	6	0	4	23	0	0	0	0	0	3	0	0	0	0	0	0	0	3	0	0	0	0	0	2	38	1	0	0	0	27	0	1	1	0	0	0	0	0	0	0	1	30	-1	-1	185	0	0
328	"내려찍기 강화"	0	17	9	0	3	0	0	0	0	0	0	6	0	4	19	0	0	0	0	0	3	0	0	0	0	0	0	0	0	0	0	0	0	0	2	39	1	0	0	0	28	0	1	1	0	0	0	0	0	0	0	1	30	-1	-1	180	0	0
329	"찌르기 강화"	0	17	9	0	2	0	0	0	0	0	0	6	0	4	20	0	0	0	0	0	3	0	0	0	0	0	3	0	0	0	0	0	0	0	2	40	1	0	0	0	29	0	1	1	0	0	0	0	0	0	0	1	30	-1	-1	170	0	0
330	"회오리베기 강화"	0	40	10	10	2	0	0	0	0	0	0	6	0	4	41	0	0	0	0	0	3	0	0	0	0	0	0	0	3	0	0	0	0	0	3	41	1	0	0	0	30	0	0	1	0	1	1	0	1	0	2	1	40	-1	-1	150	0	0
331	"분노의 일격 강화"	170	22	25	22	3	0	0	0	0	0	0	6	0	4	42	0	0	0	0	0	3	0	0	0	0	0	0	0	3	0	0	0	0	0	3	42	1	0	0	0	31	0	0	1	0	1	0	2	1	0	2	1	150	-1	-1	125	0	0
332	"회오리베기 마스터리"	0	1	22	20	2	0	0	0	0	0	0	6	0	4	330	0	0	0	0	0	3	0	0	0	0	0	0	0	0	0	0	0	0	0	4	41	1	0	0	0	32	0	0	0	0	1	1	0	1	0	0	1	40	-1	-1	150	0	0
333	"분노의 일격 마스터리"	170	1	50	30	3	0	0	0	0	0	0	6	0	4	331	0	0	0	0	0	3	0	0	0	0	0	0	0	0	0	0	0	0	0	4	42	1	0	0	0	33	0	0	0	0	1	0	2	1	0	2	1	150	-1	-1	125	0	0
334	"최대 생명력 증가"	0	9	0	0	0	0	0	0	0	0	0	0	-1	3	0	0	0	0	0	3	3	3	3	3	3	0	3	3	3	3	3	3	3	3	4	43	1	0	0	0	34	0	0	0	0	0	0	0	0	0	0	-1	-1	-1	-1	100	0	0
335	"웨폰 마스터리"	0	22	0	0	0	0	0	0	0	0	0	0	-1	3	0	0	0	0	0	0	3	0	0	0	0	0	0	0	3	3	0	0	3	0	3	44	1	0	0	0	35	0	0	0	0	0	0	0	0	0	0	-1	-1	-1	-1	100	0	0
336	"블로우 강화"	160	22	15	13	4	0	0	0	0	0	0	6	0	4	43	0	0	0	0	0	3	0	0	0	0	0	0	0	0	0	0	0	0	0	4	45	1	0	0	0	36	0	0	1	0	0	0	0	0	0	2	1	150	-1	-1	105	0	0
338	"최대 마나 증가"	0	9	0	0	0	0	0	0	0	0	0	0	-1	3	0	0	0	0	0	3	3	3	3	3	3	0	3	3	3	3	3	3	3	3	5	47	1	0	0	0	38	0	0	0	0	0	0	0	0	0	0	-1	-1	-1	-1	100	0	0
339	"블로우 숙련"	160	22	30	26	4	0	0	0	0	0	0	6	0	4	336	0	0	0	0	0	3	0	0	0	0	0	0	0	0	0	0	0	0	0	5	45	1	0	0	0	39	0	0	0	0	0	0	0	0	0	2	1	150	-1	-1	105	0	0
340	"파괴의 일격 숙련"	100	22	30	24	5	0	0	0	0	0	0	6	0	4	337	0	0	0	0	0	3	0	0	0	0	0	0	0	0	0	0	0	0	0	6	46	1	0	0	0	40	0	0	0	0	1	0	2	1	0	2	1	150	-1	-1	135	0	0
341	"최대 AG 증가"	0	8	0	0	0	0	0	0	0	0	0	0	-1	3	0	0	0	0	0	3	3	3	3	3	3	0	3	3	3	3	3	3	3	3	6	48	1	0	0	0	41	0	0	0	0	0	0	0	0	0	0	-1	-1	-1	-1	100	0	0
342	"블로우 마스터리"	160	7	30	26	4	0	0	0	0	0	0	6	0	4	339	0	0	0	0	0	3	0	0	0	0	0	0	0	0	0	0	0	0	0	7	45	1	0	0	0	42	0	0	0	0	0	0	0	0	0	2	1	150	-1	-1	105	0	0
343	"파괴의 일격 마스터리"	100	22	30	24	5	0	0	0	0	0	0	6	0	4	340	0	0	0	0	0	3	0	0	0	0	0	0	0	0	0	0	0	0	0	7	46	1	0	0	0	43	0	0	0	0	1	0	2	1	0	2	1	150	-1	-1	135	0	0
344	"블러드 스톰"	0	25	87	29	3	5000	0	0	0	0	0	6	0	4	0	0	0	0	0	0	3	0	3	0	0	0	0	0	0	0	0	0	0	0	8	49	10	0	0	0	44	0	0	0	0	1	0	2	1	0	2	1	200	-1	-1	138	0	0
345	"콤보 강화"	0	7	0	0	0	0	0	0	0	0	0	0	0	3	0	0	0	0	0	0	3	0	0	0	0	0	0	0	0	0	0	0	0	0	6	50	1	0	0	0	45	0	0	0	0	0	0	0	0	0	0	-1	-1	-1	-1	100	0	0
346	"블러드 스톰 강화"	0	5	95	31	3	3000	0	0	0	0	0	6	0	4	344	0	0	0	0	0	3	0	3	0	0	0	0	0	0	0	0	0	0	0	9	49	1	0	0	0	46	0	0	1	0	1	0	2	1	0	2	1	200	-1	-1	138	0	0
347	"대인 공격율 상승"	0	14	0	0	0	0	0	0	0	0	0	0	-1	3	0	0	0	0	0	3	3	3	3	3	3	0	3	3	3	3	3	3	3	3	1	51	1	0	0	0	47	0	0	0	0	0	0	0	0	0	0	-1	-1	-1	-1	100	0	0
348	"양손검 강화"	0	42	0	0	0	0	0	0	0	0	0	0	0	3	0	0	0	0	0	0	3	0	3	0	0	0	0	0	0	0	0	0	0	0	2	52	1	0	0	0	48	0	0	1	0	0	0	0	0	0	0	-1	-1	-1	-1	100	0	0
349	"한손검 강화"	0	22	0	0	0	0	0	0	0	0	0	0	0	3	0	0	0	0	0	0	3	0	3	0	0	0	0	0	0	0	0	0	0	0	2	53	1	0	0	0	49	0	0	1	0	0	0	0	0	0	0	-1	-1	-1	-1	100	0	0
350	"둔기류 강화"	0	3	0	0	0	0	0	0	0	0	0	0	0	3	0	0	0	0	0	0	3	0	0	0	0	0	0	0	0	0	0	0	0	0	2	54	1	0	0	0	50	0	0	1	0	0	0	0	0	0	0	-1	-1	-1	-1	100	0	0
351	"창류 강화"	0	41	0	0	0	0	0	0	0	0	0	0	0	3	0	0	0	0	0	0	3	0	0	0	0	0	0	0	0	0	0	0	0	0	2	55	1	0	0	0	51	0	0	1	0	0	0	0	0	0	0	-1	-1	-1	-1	100	0	0
352	"양손검 마스터리"	0	41	0	0	0	0	0	0	0	0	0	0	0	3	0	0	0	0	0	0	3	0	3	0	0	0	0	0	0	0	0	0	0	0	3	56	1	0	0	0	52	0	0	0	0	0	0	0	0	0	0	-1	-1	-1	-1	100	0	0
353	"한손검 마스터리"	0	23	0	0	0	0	0	0	0	0	0	0	0	3	0	0	0	0	0	0	3	0	3	0	0	0	0	0	0	0	0	0	0	0	3	57	1	0	0	0	53	0	0	0	0	0	0	0	0	0	0	-1	-1	-1	-1	100	0	0
354	"둔기류 마스터리"	0	1	0	0	0	0	0	0	0	0	0	0	0	3	0	0	0	0	0	0	3	0	0	0	0	0	0	0	0	0	0	0	0	0	3	58	1	0	0	0	54	0	0	0	0	0	0	0	0	0	0	-1	-1	-1	-1	100	0	0
355	"창류 마스터리"	0	1	0	0	0	0	0	0	0	0	0	0	0	3	0	0	0	0	0	0	3	0	0	0	0	0	0	0	0	0	0	0	0	0	3	59	1	0	0	0	55	0	0	0	0	0	0	0	0	0	0	-1	-1	-1	-1	100	0	0
356	"스웰라이프 강화"	120	7	24	26	0	0	0	0	0	0	0	0	-1	4	48	0	0	0	0	0	3	0	0	0	0	0	0	0	3	0	0	0	0	0	4	60	1	0	0	0	56	1	0	0	8	2	1	0	1	0	0	-1	-1	-1	-1	100	0	0
357	"마나 감소"	0	18	0	0	0	0	0	0	0	0	0	0	-1	3	0	0	0	0	0	3	3	3	3	3	3	0	3	3	3	3	3	3	3	3	4	61	1	0	0	0	57	0	0	0	0	0	0	0	0	0	0	-1	-1	-1	-1	100	0	0
358	"몬스터 킬시 SD 회복"	0	11	0	0	0	0	0	0	0	0	0	0	-1	3	0	0	0	0	0	3	3	3	3	3	3	0	3	3	3	3	3	3	3	3	4	62	1	0	0	0	58	0	0	0	0	0	0	0	0	0	0	-1	-1	-1	-1	100	0	0
359	"몬스터 킬시 생명력 회복"	0	6	0	0	0	0	0	0	0	0	0	0	-1	3	0	0	0	0	0	3	3	3	3	3	3	0	3	3	3	3	3	3	3	3	4	63	1	0	0	0	59	0	0	0	0	0	0	0	0	0	0	-1	-1	-1	-1	100	0	0
360	"스웰라이프 숙련"	120	7	26	28	0	0	0	0	0	0	0	0	-1	4	356	0	0	0	0	0	3	0	0	0	0	0	0	0	3	0	0	0	0	0	5	60	1	0	0	0	60	1	0	0	135	2	1	0	1	0	0	-1	-1	-1	-1	100	0	0
361	"최소 공격력 상승"	0	22	0	0	0	0	0	0	0	0	0	0	0	3	0	0	0	0	0	0	3	0	3	3	0	0	3	0	3	3	0	0	3	0	5	64	1	0	0	0	61	0	0	1	0	0	0	0	0	0	0	-1	-1	-1	-1	100	0	0
362	"몬스터 킬시 마나 회복"	0	6	0	0	0	0	0	0	0	0	0	0	-1	3	0	0	0	0	0	3	3	3	3	3	3	0	3	3	3	3	3	3	3	3	5	65	1	0	0	0	62	0	0	0	0	0	0	0	0	0	0	-1	-1	-1	-1	100	0	0
363	"스웰라이프 마스터리"	120	7	28	30	0	0	0	0	0	0	0	0	-1	4	360	0	0	0	0	0	3	0	0	0	0	0	0	0	0	0	0	0	0	0	6	60	1	0	0	0	63	1	0	0	136	2	1	0	1	0	0	-1	-1	-1	-1	100	0	0
364	"최대 공격력 상승"	0	3	0	0	0	0	0	0	0	0	0	0	0	3	0	0	0	0	0	0	3	0	3	3	0	0	3	0	3	3	0	0	3	0	6	66	1	0	0	0	64	0	0	1	0	0	0	0	0	0	0	-1	-1	-1	-1	100	0	0
366	"크리티컬 데미지 확률 상승"	0	38	0	0	0	0	0	0	0	0	0	0	-1	3	0	0	0	0	0	3	3	3	3	3	3	0	3	3	3	3	3	3	3	3	6	68	1	0	0	0	66	0	0	0	0	0	0	0	0	0	0	-1	-1	-1	-1	100	0	0
367	"마나 완전 회복"	0	38	0	0	0	0	0	0	0	0	0	0	-1	3	0	0	0	0	0	3	3	3	3	3	3	0	3	3	3	3	3	3	3	3	7	69	1	0	0	0	67	0	0	0	0	0	0	0	0	0	0	-1	-1	-1	-1	100	0	0
368	"생명력 완전 회복"	0	38	0	0	0	0	0	0	0	0	0	0	-1	3	0	0	0	0	0	3	3	3	3	3	3	0	3	3	3	3	3	3	3	3	7	70	1	0	0	0	68	0	0	0	0	0	0	0	0	0	0	-1	-1	-1	-1	100	0	0
369	"엑설런트 데미지 확률 상승"	0	38	0	0	0	0	0	0	0	0	0	0	-1	3	0	0	0	0	0	3	3	3	3	3	3	0	3	3	3	3	3	3	3	3	7	71	1	0	0	0	69	0	0	0	0	0	0	0	0	0	0	-1	-1	-1	-1	100	0	0
370	"더블 데미지 확률 상승"	0	38	0	0	0	0	0	0	0	0	0	0	-1	3	0	0	0	0	0	3	3	3	3	3	3	0	3	3	3	3	3	3	3	3	8	72	1	0	0	0	70	0	0	0	0	0	0	0	0	0	0	-1	-1	-1	-1	100	0	0
371	"적 방어력 무시 확률 상승"	0	38	0	0	0	0	0	0	0	0	0	0	-1	3	0	0	0	0	0	3	3	3	3	3	3	0	3	3	3	3	3	3	3	3	9	73	1	0	0	0	71	0	0	0	0	0	0	0	0	0	0	-1	-1	-1	-1	100	0	0
372	"SD 완전 회복"	0	38	0	0	0	0	0	0	0	0	0	0	-1	3	0	0	0	0	0	3	3	3	3	3	3	0	3	3	3	3	3	3	3	3	8	74	1	0	0	0	72	0	0	0	0	0	0	0	0	0	0	-1	-1	-1	-1	100	0	0
373	"트리플 데미지 확률 상승"	0	38	0	0	0	0	0	0	0	0	0	0	-1	3	0	0	0	0	0	3	3	3	3	3	3	0	0	3	0	0	3	3	3	3	9	75	1	0	0	0	73	0	0	0	0	0	0	0	0	0	0	-1	-1	-1	-1	100	0	0
374	"시공의 날개 흡수 강화"	0	38	0	0	0	0	0	0	0	0	0	0	-1	3	0	0	0	0	0	3	0	0	0	0	0	0	0	0	0	0	0	0	0	0	8	76	1	0	0	0	74	0	0	0	0	0	0	0	0	0	0	-1	-1	-1	-1	100	0	0
375	"시공의 날개 방어 강화"	0	17	0	0	0	0	0	0	0	0	0	0	-1	3	0	0	0	0	0	3	0	0	0	0	0	0	0	0	0	0	0	0	0	0	8	77	1	0	0	0	75	0	0	0	0	0	0	0	0	0	0	-1	-1	-1	-1	100	0	0
377	"시공의 날개 공격 강화"	0	17	0	0	0	0	0	0	0	0	0	0	-1	3	0	0	0	0	0	3	0	0	0	0	0	0	0	0	0	0	0	0	0	0	9	79	1	0	0	0	77	0	0	0	0	0	0	0	0	0	0	-1	-1	-1	-1	100	0	0
378	"불기둥 강화"	35	17	55	0	6	0	160	0	0	0	0	6	1	4	5	0	0	0	0	3	0	0	0	0	0	0	0	3	0	0	0	3	0	3	2	80	1	0	0	0	78	0	0	2	0	1	0	0	0	0	0	3	100	-1	-1	120	0	0
379	"번개 강화"	13	40	20	0	6	0	72	0	0	0	0	6	1	4	3	0	0	0	0	3	0	0	0	0	0	0	0	3	0	0	3	0	0	3	2	81	1	0	0	0	79	0	0	2	0	0	0	0	0	0	0	3	40	-1	-1	180	0	0
380	"마력 증대 강화"	220	1	220	55	6	0	1058	0	0	0	0	0	1	4	233	0	0	0	0	3	0	0	0	0	0	0	0	3	0	0	3	3	0	3	2	82	1	0	0	0	80	1	0	2	138	2	1	0	1	0	0	-1	-1	-1	-1	100	0	0
381	"인페르노 강화"	88	4	220	0	4	0	724	0	0	0	0	6	1	4	14	0	0	0	0	3	0	0	0	0	0	0	0	3	0	0	0	3	0	3	3	83	1	0	0	0	81	0	0	2	0	1	1	0	1	0	0	3	90	-1	-1	110	0	0
382	"블래스트 강화"	80	17	165	0	6	0	500	0	0	0	0	6	1	4	13	0	0	0	0	3	0	0	0	0	0	0	0	3	0	0	3	0	0	3	3	84	1	0	0	0	82	0	0	2	0	0	0	0	0	0	0	3	150	-1	-1	130	0	0
383	"마력 증대 마스터리"	220	1	220	55	6	0	1058	0	0	0	0	0	1	4	380	0	0	0	0	3	0	0	0	0	0	0	0	3	0	0	3	3	0	3	3	82	1	0	0	0	83	1	0	0	139	2	1	0	1	0	0	-1	-1	-1	-1	100	0	0
384	"포이즌 강화"	30	40	46	0	6	0	140	0	0	0	0	6	1	4	1	0	0	0	0	3	0	0	0	0	0	0	0	3	0	0	0	0	0	3	3	85	1	0	0	0	84	0	0	2	0	0	0	0	0	0	0	3	50	-1	-1	150	0	0
385	"악령 강화"	50	4	108	0	6	0	220	0	0	0	0	6	1	4	9	0	0	0	0	3	0	0	0	0	0	0	0	3	0	0	0	0	0	3	4	86	1	0	0	0	85	0	0	2	0	1	0	0	0	0	0	3	150	-1	-1	110	0	0
386	"매직 마스터리"	50	22	0	0	0	0	0	0	0	0	0	0	-1	3	0	0	0	0	0	3	0	0	0	0	0	0	0	3	0	3	3	3	0	3	4	87	1	0	0	0	86	0	0	2	0	0	0	0	0	0	0	-1	-1	-1	-1	100	0	0
387	"데쓰 포이즌 강화"	96	17	120	10	6	0	953	0	0	0	0	6	1	4	38	0	0	0	0	3	0	0	0	0	0	0	0	3	0	0	0	0	0	3	4	88	1	0	0	0	87	0	0	2	0	1	0	0	0	0	0	3	100	-1	-1	110	0	0
388	"헬파이어 강화"	60	40	176	0	3	0	260	0	0	0	0	6	1	4	10	0	0	0	0	3	0	0	0	0	0	0	0	3	0	0	0	0	0	3	5	89	1	0	0	0	88	0	0	2	0	1	1	0	1	0	0	3	200	-1	-1	130	0	0
389	"얼음 강화"	25	40	42	0	6	0	120	0	0	0	0	6	1	4	7	0	0	0	0	3	0	0	0	0	0	0	0	3	0	0	3	3	0	3	5	90	1	0	0	0	89	0	0	2	0	0	0	0	0	0	0	3	45	-1	-1	150	0	0
390	"운석 강화"	21	40	13	0	6	0	104	0	0	0	0	6	1	4	2	0	0	0	0	3	0	0	0	0	0	0	0	3	0	0	0	0	0	3	6	210	1	0	0	0	90	0	0	2	0	0	0	0	0	0	0	3	45	-1	-1	190	0	0
391	"서든 아이스 강화"	93	17	110	5	6	0	849	0	0	0	0	6	1	4	39	0	0	0	0	3	0	0	0	0	0	0	0	3	0	0	0	3	0	3	6	92	1	0	0	0	91	0	0	2	0	1	0	0	0	0	0	3	90	-1	-1	115	0	0
392	"헬버스트 강화"	100	17	198	49	6	0	1052	0	0	0	0	6	1	4	40	0	0	0	0	3	0	0	0	0	0	0	0	3	0	0	3	0	0	3	7	93	1	0	0	0	92	0	0	2	0	1	1	0	1	0	0	-1	-1	-1	-1	160	0	0
393	"서든 아이스 마스터리"	93	22	110	5	6	0	849	0	0	0	0	6	1	4	391	0	0	0	0	3	0	0	0	0	0	0	0	3	0	0	0	0	0	3	7	92	1	0	0	0	93	0	0	0	0	1	0	0	0	0	0	3	90	-1	-1	115	0	0
394	"운석 마스터리"	21	1	14	0	6	0	104	0	0	0	0	6	1	4	390	0	0	0	0	3	0	0	0	0	0	0	0	3	0	0	0	0	0	3	8	210	1	0	0	0	95	0	0	0	0	0	0	0	0	0	0	3	45	-1	-1	190	0	0
395	"헬버스트 강화 시전 시작"	100	22	198	49	6	0	1052	0	0	0	0	6	1	4	58	0	0	0	0	3	0	0	0	0	0	0	0	0	0	0	0	0	0	3	7	93	1	0	0	0	92	0	0	2	0	1	1	0	1	0	0	-1	-1	-1	-1	160	0	0
397	"한손 지팡이 강화"	0	22	0	0	0	0	0	0	0	0	0	0	1	3	0	0	0	0	0	3	0	0	3	0	0	0	0	0	0	0	3	0	0	0	2	96	1	0	0	0	97	0	0	2	0	0	0	0	0	0	0	-1	-1	-1	-1	100	0	0
398	"양손 지팡이 강화"	0	42	0	0	0	0	0	0	0	0	0	0	1	3	0	0	0	0	0	3	0	0	3	0	0	0	0	0	0	0	0	0	0	0	2	97	1	0	0	0	98	0	0	2	0	0	0	0	0	0	0	-1	-1	-1	-1	100	0	0
399	"방패 강화"	0	10	0	0	0	0	0	0	0	0	0	0	-1	3	0	0	0	0	0	3	0	0	0	0	0	0	0	3	0	0	0	3	0	0	2	98	1	0	0	0	99	0	0	0	0	0	0	0	0	0	0	-1	-1	-1	-1	100	0	0
400	"한손 지팡이 마스터리"	0	23	0	0	0	0	0	0	0	0	0	0	-1	3	0	0	0	0	0	3	0	0	3	0	0	0	0	0	0	0	3	0	0	0	3	99	1	0	0	0	100	0	0	0	0	0	0	0	0	0	0	-1	-1	-1	-1	100	0	0
401	"양손 지팡이 마스터리"	0	42	0	0	0	0	0	0	0	0	0	0	1	3	0	0	0	0	0	3	0	0	3	0	0	0	0	0	0	0	0	0	0	0	3	100	1	0	0	0	101	0	0	0	0	0	0	0	0	0	0	-1	-1	-1	-1	100	0	0
402	"방패 마스터리"	0	17	0	0	0	0	0	0	0	0	0	0	-1	3	0	0	0	0	0	3	0	0	0	0	0	0	0	3	0	0	0	3	0	0	3	101	1	0	0	0	102	0	0	0	0	0	0	0	0	0	0	-1	-1	-1	-1	100	0	0
403	"소울바리어 강화"	77	7	77	24	6	0	408	0	0	0	0	0	1	4	16	0	0	0	0	3	0	0	0	0	0	0	0	0	0	0	0	0	0	0	4	102	1	0	0	0	103	1	0	0	4	3	0	0	0	0	0	-1	-1	-1	-1	100	0	0
404	"소울바리어 숙련"	77	10	84	26	6	0	408	0	0	0	0	0	1	4	403	0	0	0	0	3	0	0	0	0	0	0	0	0	0	0	0	0	0	0	5	102	1	0	0	0	104	1	0	0	4	3	0	0	0	0	0	-1	-1	-1	-1	100	0	0
405	"최소 마력 상승"	0	22	0	0	0	0	0	0	0	0	0	0	-1	3	0	0	0	0	0	3	0	0	3	0	0	0	0	3	0	3	3	3	0	3	5	103	1	0	0	0	105	0	0	2	0	0	0	0	0	0	0	-1	-1	-1	-1	100	0	0
406	"소울바리어 마스터리"	77	7	92	28	6	0	408	0	0	0	0	0	1	4	404	0	0	0	0	3	0	0	0	0	0	0	0	0	0	0	0	0	0	0	6	102	1	0	0	0	106	1	0	0	140	3	0	0	0	0	0	-1	-1	-1	-1	100	0	0
407	"최대 마력 상승"	0	3	0	0	0	0	0	0	0	0	0	0	-1	3	0	0	0	0	0	3	0	0	3	0	0	0	0	3	0	3	3	3	0	3	6	104	1	0	0	0	107	0	0	2	0	0	0	0	0	0	0	-1	-1	-1	-1	100	0	0
409	"환영의 날개 흡수 강화"	0	38	0	0	0	0	0	0	0	0	0	0	-1	3	0	0	0	0	0	0	0	3	0	0	0	0	0	0	0	0	0	0	0	0	8	106	1	0	0	0	109	0	0	0	0	0	0	0	0	0	0	-1	-1	-1	-1	100	0	0
410	"환영의 날개 방어 강화"	0	17	0	0	0	0	0	0	0	0	0	0	-1	3	0	0	0	0	0	0	0	3	0	0	0	0	0	0	0	0	0	0	0	0	8	107	1	0	0	0	110	0	0	0	0	0	0	0	0	0	0	-1	-1	-1	-1	100	0	0
411	"멀티샷 강화"	100	22	11	7	6	0	0	0	0	0	0	6	0	4	235	0	0	0	0	0	0	3	0	0	0	0	0	0	0	0	0	0	0	0	6	211	1	0	0	0	111	0	0	1	0	1	0	0	0	0	5	2	100	-1	-1	105	0	0
412	"환영의 날개 공격 강화"	0	17	0	0	0	0	0	0	0	0	0	0	-1	3	0	0	0	0	0	0	0	3	0	0	0	0	0	0	0	0	0	0	0	0	9	109	1	0	0	0	112	0	0	0	0	0	0	0	0	0	0	-1	-1	-1	-1	100	0	0
413	"치료 강화"	8	22	22	0	6	0	52	0	0	0	0	0	0	4	26	0	0	0	0	0	0	3	0	0	0	0	0	0	0	0	0	0	0	0	2	110	1	0	0	0	113	6	0	4	0	4	0	0	0	0	0	-1	-1	-1	-1	100	0	0
414	"다발 강화"	0	4	5	0	6	0	0	0	0	0	0	6	0	4	24	0	0	0	0	0	0	3	0	0	0	0	0	0	0	0	0	0	0	0	2	111	1	0	0	0	114	0	1	1	0	1	0	0	0	0	5	2	100	-1	-1	160	0	0
415	"소환 몬스터 강화 (1)"	0	16	0	0	0	0	0	0	0	0	0	0	-1	3	0	0	0	0	0	0	0	3	0	0	0	0	0	0	0	0	0	0	0	0	2	112	1	0	0	0	115	0	0	0	0	0	0	0	0	0	0	-1	-1	-1	-1	100	0	0
416	"관통 강화"	130	17	10	11	6	0	0	0	0	0	0	6	0	4	52	0	0	0	0	0	0	3	0	0	0	0	0	0	0	0	0	0	0	0	3	113	1	0	0	0	116	0	0	1	0	1	0	2	0	0	5	2	200	-1	-1	130	0	0
417	"방어력 향상 강화"	13	22	33	0	6	0	72	0	0	0	0	0	-1	4	27	0	0	0	0	0	0	3	0	0	0	0	0	0	0	0	0	0	0	0	3	114	1	0	0	0	117	1	0	4	2	4	0	0	0	0	0	-1	-1	-1	-1	100	0	0
418	"다발 마스터리"	0	0	9	0	6	0	0	0	0	0	0	6	0	4	414	0	0	0	0	0	0	3	0	0	0	0	0	0	0	0	0	0	0	0	3	111	10	0	0	0	118	0	1	0	0	1	0	0	0	0	5	2	100	-1	-1	160	0	0
419	"소환 몬스터 강화 (2)"	0	16	0	0	0	0	0	0	0	0	0	0	-1	3	0	0	0	0	0	0	0	3	0	0	0	0	0	0	0	0	0	0	0	0	3	115	1	0	0	0	119	0	0	0	0	0	0	0	0	0	0	-1	-1	-1	-1	100	0	0
420	"공격력 향상 강화"	18	22	44	0	6	0	92	0	0	0	0	0	-1	4	28	0	0	0	0	0	0	3	0	0	0	0	0	0	0	0	0	0	0	0	4	116	1	0	0	0	120	1	0	4	1	4	0	0	0	0	0	-1	-1	-1	-1	100	0	0
421	"웨폰 마스터리"	0	22	0	0	0	0	0	0	0	0	0	0	-1	3	0	0	0	0	0	0	0	3	0	0	0	0	0	0	0	0	0	0	0	0	4	117	1	0	0	0	121	0	0	1	0	0	0	0	0	0	0	-1	-1	-1	-1	100	0	0
422	"공격력 향상 마스터리"	18	22	48	0	6	0	92	0	0	0	0	0	-1	4	420	0	0	0	0	0	0	3	0	0	0	0	0	0	0	0	0	0	0	0	5	116	1	0	0	0	122	1	0	4	1	4	0	0	0	0	0	-1	-1	-1	-1	100	0	0
423	"방어력 향상 마스터리"	13	22	36	0	6	0	72	0	0	0	0	0	-1	4	417	0	0	0	0	0	0	3	0	0	0	0	0	0	0	0	0	0	0	0	5	114	1	0	0	0	123	1	0	4	2	4	0	0	0	0	0	-1	-1	-1	-1	100	0	0
424	"아이스 애로우 강화"	0	22	15	18	8	0	0	0	646	0	0	6	0	4	51	0	0	0	0	0	0	3	0	0	0	0	0	0	0	0	0	0	0	0	5	118	1	0	0	0	124	0	0	1	0	0	0	0	0	0	5	2	150	-1	-1	115	0	0
425	"큐어"	0	0	72	10	6	3000	0	0	0	0	0	0	-1	4	0	0	0	0	0	0	0	3	0	0	0	0	0	0	0	0	0	3	0	0	6	119	10	0	0	0	125	3	0	0	0	4	0	0	0	0	0	-1	-1	-1	-1	100	0	0
426	"파티 치료"	0	0	266	12	6	0	20	0	0	0	0	0	-1	4	0	0	0	0	0	0	0	3	0	0	0	0	0	0	0	0	0	0	0	0	7	120	10	0	0	0	126	6	0	4	0	4	0	0	0	0	0	-1	-1	-1	-1	100	0	0
427	"포이즌 애로우"	0	27	50	50	6	1000	0	0	0	0	0	6	0	4	0	0	0	0	0	0	0	3	0	0	0	0	0	0	0	0	0	0	0	0	8	121	10	0	0	0	127	0	0	0	0	0	0	0	0	0	5	2	100	-1	-1	165	0	0
428	"소환 몬스터 강화 (3)"	0	16	0	0	0	0	0	0	0	0	0	0	-1	3	0	0	0	0	0	0	0	3	0	0	0	0	0	0	0	0	0	0	0	0	7	122	1	0	0	0	128	0	0	0	0	0	0	0	0	0	0	-1	-1	-1	-1	100	0	0
429	"파티 치료 강화"	0	22	272	13	6	0	20	0	0	0	0	0	-1	4	426	0	0	0	0	0	0	3	0	0	0	0	0	0	0	0	0	0	0	0	8	120	1	0	0	0	129	6	0	4	0	4	0	0	0	0	0	-1	-1	-1	-1	100	0	0
430	"블레스"	0	0	108	18	6	3000	20	0	0	0	0	0	-1	4	0	0	0	0	0	0	0	3	0	0	0	0	0	0	0	0	0	0	0	0	8	123	10	0	0	300	130	1	0	4	142	4	0	0	0	0	0	-1	-1	-1	-1	100	0	0
431	"멀티샷 마스터리"	100	1	12	8	6	0	0	0	0	0	0	6	0	4	411	0	0	0	0	0	0	3	0	0	0	0	0	0	0	0	0	0	0	0	7	211	1	0	0	0	243	0	0	0	0	1	0	0	0	0	5	2	100	-1	-1	105	0	0
432	"사티로스 소환"	0	0	525	52	6	0	300	0	0	0	0	0	-1	4	0	0	0	0	0	0	0	3	0	0	0	0	0	0	0	0	0	0	0	0	8	125	10	0	0	0	132	4	0	0	0	1	1	0	1	0	0	-1	-1	-1	-1	100	0	0
433	"블레스 강화"	0	10	118	20	6	3000	20	0	0	0	0	0	-1	4	430	0	0	0	0	0	0	3	0	0	0	0	0	0	0	0	0	0	0	0	9	123	1	0	0	300	133	1	0	4	142	4	0	0	0	0	0	-1	-1	-1	-1	100	0	0
434	"포이즌 애로우 강화"	0	40	50	50	6	500	0	0	0	0	0	6	0	4	427	0	0	0	0	0	0	3	0	0	0	0	0	0	0	0	0	0	0	0	9	121	1	0	0	0	131	0	0	1	0	0	0	0	0	0	5	2	100	-1	-1	165	0	0
435	"활류 강화"	0	3	0	0	0	0	0	0	0	0	0	0	-1	3	0	0	0	0	0	0	0	3	0	0	0	0	0	0	0	0	0	0	0	0	2	126	1	0	0	0	135	0	0	1	0	0	0	0	0	0	0	-1	-1	-1	-1	100	0	0
436	"석궁류 강화"	0	4	0	0	0	0	0	0	0	0	0	0	-1	3	0	0	0	0	0	0	0	3	0	0	0	0	0	0	0	0	0	0	0	0	2	127	1	0	0	0	136	0	0	1	0	0	0	0	0	0	0	-1	-1	-1	-1	100	0	0
437	"방패류 강화"	0	10	0	0	0	0	0	0	0	0	0	0	-1	3	0	0	0	0	0	0	0	3	0	0	0	0	0	0	0	0	0	0	0	0	2	128	1	0	0	0	137	0	0	0	0	0	0	0	0	0	0	-1	-1	-1	-1	100	0	0
438	"활류 마스터리"	0	23	0	0	0	0	0	0	0	0	0	0	-1	3	0	0	0	0	0	0	0	3	0	0	0	0	0	0	0	0	0	0	0	0	3	129	1	0	0	0	138	0	0	0	0	0	0	0	0	0	0	-1	-1	-1	-1	100	0	0
439	"석궁류 마스터리"	0	5	0	0	0	0	0	0	0	0	0	0	-1	3	0	0	0	0	0	0	0	3	0	0	0	0	0	0	0	0	0	0	0	0	3	130	1	0	0	0	139	0	0	0	0	0	0	0	0	0	0	-1	-1	-1	-1	100	0	0
440	"방패류 마스터리"	0	15	0	0	0	0	0	0	0	0	0	0	-1	3	0	0	0	0	0	0	0	3	0	0	0	0	0	0	0	0	0	0	0	0	3	131	1	0	0	0	140	0	0	0	0	0	0	0	0	0	0	-1	-1	-1	-1	100	0	0
441	"인피니티 애로우 강화"	220	1	55	11	0	0	0	0	0	0	0	0	-1	4	77	0	0	0	0	0	0	3	0	0	0	0	0	0	0	0	0	0	0	0	5	132	1	0	0	0	141	1	0	0	143	2	1	0	1	0	0	-1	-1	-1	-1	100	0	0
442	"최소 공격력 상승"	0	22	0	0	0	0	0	0	0	0	0	0	0	3	0	0	0	0	0	0	0	3	0	0	0	0	0	0	0	0	0	0	0	0	5	133	1	0	0	0	61	0	0	1	0	0	0	0	0	0	0	-1	-1	-1	-1	100	0	0
443	"최대 공격력 상승"	0	3	0	0	0	0	0	0	0	0	0	0	0	3	0	0	0	0	0	0	0	3	0	0	0	0	0	0	0	0	0	0	0	0	6	134	1	0	0	0	143	0	0	1	0	0	0	0	0	0	0	-1	-1	-1	-1	100	0	0
445	"차원의 날개 흡수 강화"	0	38	0	0	0	0	0	0	0	0	0	0	-1	3	0	0	0	0	0	0	0	0	0	0	3	0	0	0	0	0	0	0	0	0	8	136	1	0	0	0	145	0	0	0	0	0	0	0	0	0	0	-1	-1	-1	-1	100	0	0
446	"차원의 날개 방어 강화"	0	17	0	0	0	0	0	0	0	0	0	0	-1	3	0	0	0	0	0	0	0	0	0	0	3	0	0	0	0	0	0	0	0	0	8	137	1	0	0	0	146	0	0	0	0	0	0	0	0	0	0	-1	-1	-1	-1	100	0	0
447	"차원의 날개 공격 강화"	0	17	0	0	0	0	0	0	0	0	0	0	-1	3	0	0	0	0	0	0	0	0	0	0	3	0	0	0	0	0	0	0	0	0	9	138	1	0	0	0	147	0	0	0	0	0	0	0	0	0	0	-1	-1	-1	-1	100	0	0
451	"불속성 마스터리"	0	7	0	0	0	1000	0	0	0	0	0	0	1	3	0	0	0	0	0	0	0	0	0	0	3	0	0	0	0	0	0	0	0	0	3	139	1	0	0	0	151	0	0	0	0	0	0	0	0	0	0	-1	-1	-1	-1	100	0	0
452	"땅속성 서 마스터리"	0	1	0	0	0	0	0	0	0	0	0	0	-1	3	0	0	0	0	0	0	0	0	0	0	3	0	0	0	0	0	0	0	0	0	3	140	1	0	0	3	152	0	0	0	0	0	0	0	0	0	0	-1	-1	-1	-1	100	0	0
453	"바람속성 서 마스터리"	0	7	0	0	0	0	0	0	0	0	0	0	1	3	0	0	0	0	0	0	0	0	0	0	3	0	0	0	0	0	0	0	0	0	3	141	1	0	0	0	153	0	0	0	0	0	0	0	0	0	0	-1	-1	-1	-1	100	0	0
454	"슬립 강화"	40	1	30	7	6	0	180	0	0	0	0	0	1	4	219	0	0	0	0	0	0	0	0	0	3	0	0	0	0	0	0	0	0	0	3	142	1	0	0	0	154	2	0	0	0	0	0	0	0	0	0	-1	-1	-1	-1	100	0	0
455	"체인 라이트닝 강화"	75	22	103	0	6	0	245	0	0	0	0	6	1	4	215	0	0	0	0	0	0	0	0	0	3	0	0	0	0	0	0	0	0	0	3	143	1	0	0	0	155	0	0	2	0	0	0	0	0	0	0	3	200	-1	-1	105	0	0
456	"라이트닝 쇼크 강화"	93	22	125	10	6	0	823	0	0	0	0	6	1	4	230	0	0	0	0	0	0	0	0	0	3	0	0	0	0	0	0	0	0	0	4	144	1	0	0	0	156	0	0	2	0	1	0	2	0	0	0	3	200	-1	-1	105	0	0
457	"매직 마스터리"	0	22	0	0	0	0	0	0	0	0	0	0	1	3	0	0	0	0	0	0	0	0	0	0	3	0	0	0	0	0	0	0	0	0	5	145	1	0	0	0	157	0	0	0	0	0	0	0	0	0	0	-1	-1	-1	-1	100	0	0
458	"드레인 라이프 강화"	35	22	57	0	6	0	150	0	0	0	0	6	1	4	214	0	0	0	0	0	0	0	0	0	3	0	0	0	0	0	0	0	0	0	5	146	1	0	0	0	158	0	0	2	0	0	0	0	0	0	0	-1	-1	-1	-1	100	0	0
459	"위크니스 강화"	93	3	50	15	8	30000	663	0	0	0	0	0	1	4	221	0	0	0	0	0	0	0	0	0	3	0	0	0	0	0	0	0	0	0	6	147	1	0	0	30	159	2	0	0	0	1	0	2	0	0	11	-1	-1	-1	-1	100	0	0
460	"이너베이션 강화"	111	3	50	15	8	30000	663	0	0	0	0	0	1	4	222	0	0	0	0	0	0	0	0	0	3	0	0	0	0	0	0	0	0	0	6	148	1	0	0	30	160	2	0	0	0	1	0	2	0	0	11	-1	-1	-1	-1	100	0	0
461	"블라인드"	0	0	115	25	3	5000	20	0	0	0	0	0	1	4	0	0	0	0	0	0	0	0	0	0	3	0	0	0	0	0	0	0	0	0	8	149	10	0	0	7	161	2	0	0	0	0	0	0	0	0	0	-1	-1	-1	-1	100	0	0
462	"드레인 라이프 마스터리"	35	9	62	0	6	0	150	0	0	0	0	6	1	4	458	0	0	0	0	0	0	0	0	0	3	0	0	0	0	0	0	0	0	0	7	146	1	0	0	0	162	0	0	2	0	0	0	0	0	0	0	-1	-1	-1	-1	100	0	0
463	"블라인드 강화"	0	1	126	27	3	5000	20	0	0	0	0	0	1	4	461	0	0	0	0	0	0	0	0	0	3	0	0	0	0	0	0	0	0	0	9	149	1	0	0	7	163	2	0	0	0	1	0	0	0	0	0	-1	-1	-1	-1	100	0	0
465	"스틱 강화"	0	22	0	0	0	0	0	0	0	0	0	0	1	3	0	0	0	0	0	0	0	0	0	0	3	0	0	0	0	0	0	0	0	0	2	150	1	0	0	0	165	0	0	2	0	0	0	0	0	0	0	-1	-1	-1	-1	100	0	0
466	"이계의 서 강화"	0	4	0	0	0	0	0	0	0	0	0	0	1	3	0	0	0	0	0	0	0	0	0	0	3	0	0	0	0	0	0	0	0	0	2	151	1	0	0	0	166	0	0	3	0	0	0	0	0	0	0	-1	-1	-1	-1	100	0	0
467	"스틱 마스터리"	0	5	0	0	0	0	0	0	0	0	0	0	1	3	0	0	0	0	0	0	0	0	0	0	3	0	0	0	0	0	0	0	0	0	3	152	1	0	0	0	167	0	0	0	0	0	0	0	0	0	0	-1	-1	-1	-1	100	0	0
468	"이계의 서 마스터리"	0	23	0	0	0	0	0	0	0	0	0	0	-1	3	0	0	0	0	0	0	0	0	0	0	3	0	0	0	0	0	0	0	0	0	3	153	1	0	0	0	168	0	0	0	0	0	0	0	0	0	0	-1	-1	-1	-1	100	0	0
469	"버서커 강화"	83	172	165	82	5	5000	300	0	0	0	0	0	1	4	218	0	0	0	0	0	0	0	0	0	3	0	0	0	0	0	0	0	0	0	5	154	1	0	0	0	169	1	0	0	150	2	1	0	1	0	10	-1	-1	-1	-1	100	0	0
470	"버서커 마스터리"	83	173	181	90	5	5000	300	0	0	0	0	0	1	4	469	0	0	0	0	0	0	0	0	0	3	0	0	0	0	0	0	0	0	0	6	154	1	0	0	0	172	1	0	0	152	2	1	0	1	0	10	-1	-1	-1	-1	100	0	0
471	"최소 마력/저주력 상승"	0	22	0	0	0	0	0	0	0	0	0	0	-1	3	0	0	0	0	0	0	0	0	0	0	3	0	0	0	0	0	0	0	0	0	5	155	1	0	0	0	171	0	0	0	0	0	0	0	0	0	0	-1	-1	-1	-1	100	0	0
473	"최대 마력/저주력 상승"	0	3	0	0	0	0	0	0	0	0	0	0	-1	3	0	0	0	0	0	0	0	0	0	0	3	0	0	0	0	0	0	0	0	0	6	156	1	0	0	0	173	0	0	0	0	0	0	0	0	0	0	-1	-1	-1	-1	100	0	0
475	"파멸의 날개 흡수 강화"	0	38	0	0	0	0	0	0	0	0	0	0	-1	3	0	0	0	0	0	0	0	0	3	0	0	0	0	0	0	0	0	0	0	0	8	158	1	0	0	0	175	0	0	0	0	0	0	0	0	0	0	-1	-1	-1	-1	100	0	0
476	"파멸의 날개 방어 강화"	0	17	0	0	0	0	0	0	0	0	0	0	-1	3	0	0	0	0	0	0	0	0	3	0	0	0	0	0	0	0	0	0	0	0	8	159	1	0	0	0	176	0	0	0	0	0	0	0	0	0	0	-1	-1	-1	-1	100	0	0
478	"파멸의 날개 공격 강화"	0	17	0	0	0	0	0	0	0	0	0	0	-1	3	0	0	0	0	0	0	0	0	3	0	0	0	0	0	0	0	0	0	0	0	9	161	1	0	0	0	178	0	0	0	0	0	0	0	0	0	0	-1	-1	-1	-1	100	0	0
479	"돌려치기 강화"	0	4	9	0	2	0	0	0	0	0	0	6	0	4	22	0	0	0	0	0	0	0	3	0	0	0	0	0	0	0	0	0	0	0	2	162	1	0	0	0	179	0	1	1	0	0	0	0	0	0	0	1	30	-1	-1	165	0	0
480	"번개 강화"	13	40	20	0	6	0	72	0	0	0	0	6	1	4	3	0	0	0	0	0	0	0	3	0	0	0	0	0	0	0	0	0	0	0	2	163	1	0	0	0	180	0	0	2	0	0	0	0	0	0	0	3	40	-1	-1	180	0	0
481	"회오리베기 강화"	0	40	10	10	2	0	0	0	0	0	0	6	0	4	41	0	0	0	0	0	0	0	3	0	0	0	0	0	0	0	0	0	0	0	2	164	1	0	0	0	181	0	0	1	0	1	1	0	1	0	2	1	40	-1	-1	150	0	0
482	"파워슬래쉬 강화"	0	17	15	0	5	0	0	0	0	0	0	6	-1	4	56	0	0	0	0	0	0	0	3	0	0	0	0	0	0	0	0	0	0	0	2	165	1	0	0	0	182	0	1	1	0	1	0	2	0	0	2	1	100	-1	-1	125	0	0
483	"불기둥 강화"	35	17	55	0	6	0	160	0	0	0	0	6	1	4	5	0	0	0	0	0	0	0	3	0	0	0	0	0	0	0	0	0	0	0	3	166	1	0	0	0	183	0	0	2	0	1	0	0	0	0	0	3	100	-1	-1	120	0	0
484	"블래스트 강화"	80	17	165	0	6	0	500	0	0	0	0	6	1	4	13	0	0	0	0	0	0	0	3	0	0	0	0	0	0	0	0	0	0	0	3	167	1	0	0	0	184	0	0	2	0	0	0	0	0	0	0	3	150	-1	-1	130	0	0
485	"웨폰 마스터리"	0	22	0	0	0	0	0	0	0	0	0	0	-1	3	0	0	0	0	0	0	0	0	3	0	0	0	0	0	0	0	0	0	0	0	3	168	1	0	0	0	185	0	0	1	0	0	0	0	0	0	0	-1	-1	-1	-1	100	0	0
486	"인페르노 강화"	88	4	220	0	4	0	724	0	0	0	0	6	1	4	14	0	0	0	0	0	0	0	3	0	0	0	0	0	0	0	0	0	0	0	4	169	1	0	0	0	186	0	0	2	0	1	1	0	1	0	0	3	90	-1	-1	110	0	0
487	"악령 강화"	50	4	108	0	6	0	220	0	0	0	0	6	1	4	9	0	0	0	0	0	0	0	3	0	0	0	0	0	0	0	0	0	0	0	4	170	1	0	0	0	187	0	0	2	0	1	0	0	0	0	0	3	150	-1	-1	110	0	0
488	"매직 마스터리"	0	22	0	0	0	0	0	0	0	0	0	0	-1	3	0	0	0	0	0	0	0	0	3	0	0	0	0	0	0	0	0	0	0	0	4	171	1	0	0	0	188	0	0	2	0	0	0	0	0	0	0	-1	-1	-1	-1	100	0	0
489	"얼음 강화"	25	40	42	0	6	0	120	0	0	0	0	6	1	4	7	0	0	0	0	0	0	0	3	0	0	0	0	0	0	0	0	0	0	0	5	172	1	0	0	0	189	0	0	2	0	0	0	0	0	0	0	3	45	-1	-1	150	0	0
490	"블러드어택 강화"	0	3	15	12	3	0	0	596	0	0	0	6	-1	4	55	0	0	0	0	0	0	0	3	0	0	0	0	0	0	0	0	0	0	0	4	173	1	0	0	0	190	0	0	1	0	1	0	2	0	0	2	1	150	-1	-1	105	0	0
491	"얼음 마스터리"	25	1	46	0	6	0	120	0	0	0	0	6	1	4	489	0	0	0	0	0	0	0	3	0	0	0	0	0	0	0	0	0	0	0	6	172	1	0	0	0	246	0	0	0	0	0	0	0	0	0	0	3	45	-1	-1	150	0	0
492	"플레임스트라이크 강화"	0	4	30	37	3	0	0	0	0	0	0	6	1	4	236	0	0	0	0	0	0	0	3	0	0	0	0	0	0	0	0	0	0	0	6	175	1	0	0	0	192	0	0	1	0	1	0	2	0	0	2	1	200	-1	-1	135	0	0
493	"블러드어택 마스터리"	0	7	17	12	3	0	0	596	0	0	0	6	-1	4	490	0	0	0	0	0	0	0	3	0	0	0	0	0	0	0	0	0	0	0	5	173	1	0	0	0	193	0	0	0	0	1	0	2	0	0	0	1	150	-1	-1	105	0	0
494	"플레임스트라이크 마스터리"	0	7	33	40	3	0	0	0	0	0	0	6	1	4	492	0	0	0	0	0	0	0	3	0	0	0	0	0	0	0	0	0	0	0	7	175	1	0	0	0	194	0	0	0	0	1	0	2	0	0	2	1	200	-1	-1	135	0	0
495	"어스프리즌"	0	26	180	15	3	5000	20	0	0	0	0	6	1	4	0	0	0	0	0	3	0	0	3	0	0	0	0	3	0	0	3	3	0	3	8	178	10	0	0	0	197	0	0	2	0	1	1	0	1	0	0	3	200	-1	-1	135	0	0
496	"기간틱 스톰 강화"	220	3	132	10	6	0	1058	0	0	0	0	6	1	4	237	0	0	0	0	0	0	0	3	0	0	0	0	0	0	0	0	0	0	0	5	180	1	0	0	0	199	0	0	2	0	1	0	2	0	0	0	3	250	-1	-1	115	0	0
497	"어스프리즌 강화"	0	4	198	17	3	3000	20	0	0	0	0	6	1	4	495	0	0	0	0	3	0	0	3	0	0	0	0	3	0	0	3	3	0	3	9	178	1	0	0	0	201	0	0	2	0	1	1	0	1	0	0	1	200	-1	-1	135	0	0
504	"제왕의 망토 흡수 강화"	0	38	0	0	0	0	0	0	0	0	0	0	-1	3	0	0	0	0	0	0	0	0	0	3	0	0	0	0	0	0	0	0	0	0	8	182	1	0	0	0	204	0	0	0	0	0	0	0	0	0	0	-1	-1	-1	-1	100	0	0
505	"제왕의 망토 방어 강화"	0	17	0	0	0	0	0	0	0	0	0	0	-1	3	0	0	0	0	0	0	0	0	0	3	0	0	0	0	0	0	0	0	0	0	8	183	1	0	0	0	205	0	0	0	0	0	0	0	0	0	0	-1	-1	-1	-1	100	0	0
506	"통솔 스탯 추가"	0	40	0	0	0	0	0	0	0	0	0	0	-1	3	0	0	0	0	0	0	0	0	0	3	0	0	0	0	0	0	0	0	0	0	6	184	1	0	0	0	206	0	0	0	0	0	0	0	0	0	0	-1	-1	-1	-1	100	0	0
507	"제왕의 망토 공격 강화"	0	17	0	0	0	0	0	0	0	0	0	0	-1	3	0	0	0	0	0	0	0	0	0	3	0	0	0	0	0	0	0	0	0	0	9	185	1	0	0	0	207	0	0	0	0	0	0	0	0	0	0	-1	-1	-1	-1	100	0	0
508	"파이어 버스트 강화"	74	4	13	0	6	0	79	0	0	0	0	6	1	4	61	0	0	0	0	0	0	0	0	3	0	0	0	0	0	0	0	0	0	0	2	186	1	0	0	0	208	0	0	1	0	0	0	0	0	0	0	1	80	-1	-1	135	0	0
510	"호스 강화"	0	17	0	0	0	0	0	0	0	0	0	0	-1	3	0	0	0	0	0	0	0	0	0	3	0	0	0	0	0	0	0	0	0	0	4	188	1	0	0	0	210	0	0	0	0	0	0	0	0	0	0	-1	-1	-1	-1	100	0	0
511	"로드디그너티 강화"	82	321	65	65	0	10000	102	0	0	300	0	0	-1	4	64	0	0	0	0	0	0	0	0	3	0	0	0	0	0	0	0	0	0	0	5	189	1	0	0	0	211	1	0	0	148	2	1	0	1	0	0	-1	-1	-1	-1	100	0	0
512	"어스 쉐이크 강화"	0	4	0	75	10	10000	0	0	0	0	0	6	0	4	62	0	0	0	0	0	0	0	0	3	0	0	0	0	0	0	0	0	0	0	5	190	1	0	0	0	212	0	0	1	0	1	1	0	1	0	0	-1	-1	-1	-1	100	0	0
513	"웨폰 마스터리"	0	22	0	0	0	0	0	0	0	0	0	0	-1	3	0	0	0	0	0	0	0	0	0	3	0	0	0	0	0	0	0	0	0	0	3	191	1	0	0	0	213	0	0	1	0	0	0	0	0	0	0	-1	-1	-1	-1	100	0	0
514	"파이어 버스트 마스터리"	74	1	13	0	6	0	79	0	0	0	0	6	1	4	508	0	0	0	0	0	0	0	0	3	0	0	0	0	0	0	0	0	0	0	4	186	1	0	0	0	214	0	0	0	0	0	0	0	0	0	0	1	80	-1	-1	135	0	0
518	"파이어 스크림 강화"	102	22	14	5	6	0	150	0	0	70	0	6	1	4	78	0	0	0	0	0	0	0	0	3	0	0	0	0	0	0	0	0	0	0	2	192	1	0	0	0	218	0	0	1	0	0	0	2	0	0	0	1	100	-1	-1	130	0	0
519	"일렉트릭 스파이크 강화"	92	3	10	35	10	500	126	0	0	340	0	6	1	4	65	0	0	0	0	0	0	0	0	3	0	0	0	0	0	0	0	0	0	0	2	193	1	0	0	0	219	0	0	1	0	1	1	0	1	0	0	1	100	-1	-1	125	1	0
520	"파이어 스크림 마스터리"	102	5	14	5	6	0	150	0	0	70	0	6	1	4	518	0	0	0	0	0	0	0	0	3	0	0	0	0	0	0	0	0	0	0	3	192	1	0	0	0	220	0	0	0	0	0	0	2	0	0	0	1	100	-1	-1	130	0	0
523	"카오틱디세이어 강화"	100	22	15	8	6	0	84	0	0	0	0	6	1	4	238	0	0	0	0	0	0	0	0	3	0	0	0	0	0	0	0	0	0	0	2	194	1	0	0	0	223	0	0	1	0	1	0	2	0	0	0	1	80	-1	-1	130	1	0
527	"셉터 강화"	0	305	0	0	0	0	0	0	0	0	0	0	0	3	0	0	0	0	0	0	0	0	0	3	0	0	0	0	0	0	0	0	0	0	2	197	1	0	0	0	227	0	0	1	0	0	0	0	0	0	0	-1	-1	-1	-1	100	0	0
528	"방패 강화"	0	10	0	0	0	0	0	0	0	0	0	0	-1	3	0	0	0	0	0	0	0	0	0	3	0	0	0	0	0	0	0	0	0	0	2	198	1	0	0	0	228	0	0	0	0	0	0	0	0	0	0	-1	-1	-1	-1	100	0	0
529	"셉터 강화 : 스피릿 강화"	0	3	0	0	0	0	0	0	0	0	0	0	-1	3	0	0	0	0	0	0	0	0	0	3	0	0	0	0	0	0	0	0	0	0	2	199	1	0	0	0	229	0	0	0	0	0	0	0	0	0	0	-1	-1	-1	-1	100	0	0
530	"스피릿 크리티컬 확률 강화 "	0	7	0	0	0	0	0	0	0	0	0	0	-1	3	0	0	0	0	0	0	0	0	0	3	0	0	0	0	0	0	0	0	0	0	3	200	1	0	0	0	230	0	0	0	0	0	0	0	0	0	0	-1	-1	-1	-1	100	0	0
531	"셉터 마스터리"	0	5	0	0	0	0	0	0	0	0	0	0	-1	3	0	0	0	0	0	0	0	0	0	3	0	0	0	0	0	0	0	0	0	0	3	201	1	0	0	0	231	0	0	0	0	0	0	0	0	0	0	-1	-1	-1	-1	100	0	0
532	"방패 마스터리"	0	17	0	0	0	0	0	0	0	0	0	0	-1	3	0	0	0	0	0	0	0	0	0	3	0	0	0	0	0	0	0	0	0	0	3	202	1	0	0	0	232	0	0	0	0	0	0	0	0	0	0	-1	-1	-1	-1	100	0	0
533	"통솔 공격력 증가"	0	20	0	0	0	0	0	0	0	0	0	0	-1	3	0	0	0	0	0	0	0	0	0	3	0	0	0	0	0	0	0	0	0	0	2	203	1	0	0	0	233	0	0	0	0	0	0	0	0	0	0	-1	-1	-1	-1	100	0	0
534	"스피릿 엑설런트 확률 강화"	0	1	0	0	0	0	0	0	0	0	0	0	-1	3	0	0	0	0	0	0	0	0	0	3	0	0	0	0	0	0	0	0	0	0	4	204	1	0	0	0	234	0	0	0	0	0	0	0	0	0	0	-1	-1	-1	-1	100	0	0
538	"스피릿 노블"	0	1	0	0	0	0	0	0	0	0	0	0	-1	3	0	0	0	0	0	0	0	0	0	3	0	0	0	0	0	0	0	0	0	0	8	208	1	0	0	0	238	0	0	0	0	0	0	0	0	0	0	-1	-1	-1	-1	100	0	0
539	"스피릿 로드"	0	38	0	0	0	0	0	0	0	0	0	0	-1	3	0	0	0	0	0	0	0	0	0	3	0	0	0	0	0	0	0	0	0	0	9	209	1	0	0	0	239	0	0	0	0	0	0	0	0	0	0	-1	-1	-1	-1	100	0	0
548	"군림의 망토 흡수 강화"	0	38	0	0	0	0	0	0	0	0	0	0	-1	3	0	0	0	0	0	0	0	0	0	0	0	3	0	0	0	0	0	0	0	0	8	212	1	0	0	0	248	0	0	0	0	0	0	0	0	0	0	-1	-1	-1	-1	100	0	0
549	"군림의 망토 방어 강화"	0	17	0	0	0	0	0	0	0	0	0	0	-1	3	0	0	0	0	0	0	0	0	0	0	0	3	0	0	0	0	0	0	0	0	8	213	1	0	0	0	249	0	0	0	0	0	0	0	0	0	0	-1	-1	-1	-1	100	0	0
550	"군림의 망토 공격 강화"	0	17	0	0	0	0	0	0	0	0	0	0	-1	3	0	0	0	0	0	0	0	0	0	0	0	3	0	0	0	0	0	0	0	0	9	214	1	0	0	0	250	0	0	0	0	0	0	0	0	0	0	-1	-1	-1	-1	100	0	0
551	"클링블로우 강화"	0	22	10	0	2	0	0	0	0	0	0	6	1	4	260	0	0	0	0	0	0	0	0	0	0	3	0	0	0	0	0	0	0	0	2	215	1	0	0	0	251	0	1	1	0	0	0	1	0	0	0	4	100	-1	-1	155	0	0
552	"비스트어퍼 강화"	0	22	10	0	2	0	0	0	0	0	0	6	1	4	261	0	0	0	0	0	0	0	0	0	0	3	0	0	0	0	0	0	0	0	2	216	1	0	0	0	252	0	1	1	0	0	0	1	0	0	0	4	100	-1	-1	155	0	0
554	"클링블로우 마스터리"	0	1	10	0	2	0	0	0	0	0	0	6	1	4	551	0	0	0	0	0	0	0	0	0	0	3	0	0	0	0	0	0	0	0	3	215	1	0	0	0	254	0	1	0	0	0	0	1	0	0	0	4	100	-1	-1	155	0	0
555	"비스트어퍼 마스터리"	0	1	10	0	2	0	0	0	0	0	0	6	1	4	552	0	0	0	0	0	0	0	0	0	0	3	0	0	0	0	0	0	0	0	3	216	1	0	0	0	255	0	1	0	0	0	0	1	0	0	0	4	100	-1	-1	155	0	0
556	"방어 성공율 증가"	0	5	0	0	0	0	0	0	0	0	0	0	-1	3	0	0	0	0	0	0	0	0	0	0	0	3	0	0	0	0	0	0	0	0	4	217	1	0	0	0	13	0	0	0	0	0	0	0	0	0	0	-1	-1	-1	-1	100	0	0
557	"웨폰 마스터리"	0	22	0	0	0	0	0	0	0	0	0	0	-1	3	0	0	0	0	0	0	0	0	0	0	0	3	0	0	0	0	0	0	0	0	4	218	1	0	0	0	35	0	0	0	0	0	0	0	0	0	0	-1	-1	-1	-1	100	0	0
558	"체인드라이브 강화"	150	22	22	22	4	700	0	0	0	0	0	6	1	4	262	0	0	0	0	0	0	0	0	0	0	3	0	0	0	0	0	0	0	0	5	219	1	0	0	0	258	0	0	1	0	0	0	1	0	0	7	-1	-1	-1	-1	105	0	0
559	"다크사이드 강화"	180	22	84	0	5	0	0	0	0	0	0	6	1	4	263	0	0	0	0	0	0	0	0	0	0	3	0	0	0	0	0	0	0	0	5	220	1	0	0	0	259	0	0	1	0	1	0	0	0	0	0	2	100	-1	-1	115	0	0
560	"드래곤로어 강화"	150	22	60	33	3	700	0	0	0	0	0	6	1	4	264	0	0	0	0	0	0	0	0	0	0	3	0	0	0	0	0	0	0	0	5	221	1	0	0	0	260	0	0	1	0	0	0	1	0	0	7	-1	-1	-1	-1	100	0	0
561	"드래곤로어 마스터리"	150	1	66	36	3	700	0	0	0	0	0	6	1	4	560	0	0	0	0	0	0	0	0	0	0	3	0	0	0	0	0	0	0	0	6	221	1	0	0	0	261	0	0	1	0	0	0	1	0	0	7	-1	-1	-1	-1	100	0	0
562	"체인드라이브 마스터리"	150	1	24	22	4	700	0	0	0	0	0	6	1	4	558	0	0	0	0	0	0	0	0	0	0	3	0	0	0	0	0	0	0	0	7	219	1	0	0	0	262	0	0	1	0	0	0	1	0	0	7	-1	-1	-1	-1	105	0	0
563	"다크사이드 마스터리"	180	0	92	0	6	0	0	0	0	0	0	6	1	4	559	0	0	0	0	0	0	0	0	0	0	3	0	0	0	0	0	0	0	0	7	220	10	0	0	0	263	0	0	1	0	1	0	0	0	0	0	2	100	-1	-1	115	0	0
564	"드래곤슬레셔 강화"	200	22	110	110	4	3000	0	0	0	0	0	6	1	4	265	0	0	0	0	0	0	0	0	0	0	3	0	0	0	0	0	0	0	0	7	222	1	0	0	0	264	0	0	0	0	0	0	1	0	0	7	-1	-1	-1	-1	100	0	0
565	"블러드 하울링"	0	0	100	200	0	120000	0	0	0	0	0	0	1	4	0	0	0	0	0	0	0	0	0	0	0	3	0	0	0	0	0	0	0	0	8	223	10	0	0	60	265	1	0	0	0	2	1	0	1	0	0	-1	-1	-1	-1	100	0	0
566	"드래곤슬래셔 마스터리"	200	38	121	121	4	3000	0	0	0	0	0	6	1	4	564	0	0	0	0	0	0	0	0	0	0	3	0	0	0	0	0	0	0	0	8	222	1	0	0	0	266	0	0	0	0	0	0	1	0	0	7	-1	-1	-1	-1	100	0	0
567	"블러드 하울링 강화"	0	38	110	220	0	120000	0	0	0	0	0	0	1	4	565	0	0	0	0	0	0	0	0	0	0	3	0	0	0	0	0	0	0	0	9	223	1	0	0	60	267	1	0	0	0	2	1	0	1	0	0	-1	-1	-1	-1	100	0	0
568	"장착 무기 강화"	0	305	0	0	0	0	0	0	0	0	0	0	0	3	0	0	0	0	0	0	0	0	0	0	0	3	0	0	0	0	0	0	0	0	2	225	1	0	0	0	268	0	0	1	0	0	0	0	0	0	0	-1	-1	-1	-1	100	0	0
569	"방어 성공율 향상 강화"	50	22	55	11	7	0	80	0	0	0	0	0	1	4	268	0	0	0	0	0	0	0	0	0	0	3	0	0	0	0	0	0	0	0	2	226	1	0	0	0	269	1	0	0	153	0	0	0	0	0	0	-1	-1	-1	-1	100	0	0
571	"장착무기 마스터리"	0	1	0	0	0	0	0	0	0	0	0	0	-1	3	0	0	0	0	0	0	0	0	0	0	0	3	0	0	0	0	0	0	0	0	3	227	1	0	0	0	271	0	0	0	0	0	0	0	0	0	0	-1	-1	-1	-1	100	0	0
572	"방어 성공율 향상 마스터리"	50	22	60	12	7	0	80	0	0	0	0	0	1	4	569	0	0	0	0	0	0	0	0	0	0	3	0	0	0	0	0	0	0	0	3	226	1	0	0	0	272	1	0	0	154	2	1	0	1	0	0	-1	-1	-1	-1	100	0	0
573	"체력 향상 강화"	80	5	55	11	7	0	132	0	0	0	0	0	1	4	267	0	0	0	0	0	0	0	0	0	0	3	0	0	0	0	0	0	0	0	4	228	1	0	0	0	273	1	0	0	155	2	1	0	1	0	0	-1	-1	-1	-1	100	0	0
574	"방어력 전환"	0	20	0	0	0	0	0	0	0	0	0	0	-1	3	0	0	0	0	0	0	0	0	0	0	0	3	0	0	0	0	0	0	0	0	4	229	1	0	0	0	274	0	0	0	0	0	0	0	0	0	0	-1	-1	-1	-1	100	0	0
578	"내구 감소 (1)"	0	37	0	0	0	0	0	0	0	0	0	0	-1	3	0	0	0	0	0	0	0	0	0	0	0	3	0	0	0	0	0	0	0	0	1	231	1	0	0	0	0	0	0	0	0	0	0	0	0	0	0	-1	-1	-1	-1	100	0	0
579	"대인 방어율 증가"	0	29	0	0	0	0	0	0	0	0	0	0	-1	3	0	0	0	0	0	0	0	0	0	0	0	3	0	0	0	0	0	0	0	0	1	232	1	0	0	0	1	0	0	0	0	0	0	0	0	0	0	-1	-1	-1	-1	100	0	0
580	"최대 SD 증가"	0	33	0	0	0	0	0	0	0	0	0	0	-1	3	0	0	0	0	0	0	0	0	0	0	0	3	0	0	0	0	0	0	0	0	2	233	1	0	0	0	2	0	0	0	0	0	0	0	0	0	0	-1	-1	-1	-1	100	0	0
581	"자동 마나 회복력 증가"	0	7	0	0	0	0	0	0	0	0	0	0	-1	3	0	0	0	0	0	0	0	0	0	0	0	3	0	0	0	0	0	0	0	0	2	234	1	0	0	0	3	0	0	0	0	0	0	0	0	0	0	-1	-1	-1	-1	100	0	0
582	"독 저항력 상승"	0	1	0	0	0	0	0	0	0	0	0	6	-1	3	0	0	0	0	0	0	0	0	0	0	0	3	0	0	0	0	0	0	0	0	2	235	1	0	0	0	4	0	0	0	0	0	0	0	0	0	0	-1	-1	-1	-1	100	0	0
583	"내구 감소 (2)"	0	17	0	0	0	0	0	0	0	0	0	0	-1	3	0	0	0	0	0	0	0	0	0	0	0	3	0	0	0	0	0	0	0	0	3	236	1	0	0	0	5	0	0	0	0	0	0	0	0	0	0	-1	-1	-1	-1	100	0	0
584	"SD 회복 속도 상승"	0	1	0	0	0	0	0	0	0	0	0	0	-1	3	0	0	0	0	0	0	0	0	0	0	0	3	0	0	0	0	0	0	0	0	3	237	1	0	0	0	6	0	0	0	0	0	0	0	0	0	0	-1	-1	-1	-1	100	0	0
585	"자동 생명 회복력 증가"	0	1	0	0	0	0	0	0	0	0	0	0	-1	3	0	0	0	0	0	0	0	0	0	0	0	3	0	0	0	0	0	0	0	0	3	238	1	0	0	0	7	0	0	0	0	0	0	0	0	0	0	-1	-1	-1	-1	100	0	0
586	"번개 저항력 상승"	0	1	0	0	0	0	0	0	0	0	0	6	-1	3	0	0	0	0	0	0	0	0	0	0	0	3	0	0	0	0	0	0	0	0	3	239	1	0	0	0	8	0	0	0	0	0	0	0	0	0	0	-1	-1	-1	-1	100	0	0
587	"방어력 증가"	0	35	0	0	0	0	0	0	0	0	0	0	-1	3	0	0	0	0	0	0	0	0	0	0	0	3	0	0	0	0	0	0	0	0	4	240	1	0	0	0	9	0	0	0	0	0	0	0	0	0	0	-1	-1	-1	-1	100	0	0
588	"자동 AG 회복력 증가"	0	1	0	0	0	0	0	0	0	0	0	0	-1	3	0	0	0	0	0	0	0	0	0	0	0	3	0	0	0	0	0	0	0	0	4	241	1	0	0	0	10	0	0	0	0	0	0	0	0	0	0	-1	-1	-1	-1	100	0	0
589	"얼음 저항력 상승"	0	1	0	0	0	0	0	0	0	0	0	0	-1	3	0	0	0	0	0	0	0	0	0	0	0	3	0	0	0	0	0	0	0	0	4	242	1	0	0	0	11	0	0	0	0	0	0	0	0	0	0	-1	-1	-1	-1	100	0	0
590	"내구 감소 (3)"	0	17	0	0	0	0	0	0	0	0	0	0	-1	3	0	0	0	0	0	0	0	0	0	0	0	3	0	0	0	0	0	0	0	0	5	243	1	0	0	0	12	0	0	0	0	0	0	0	0	0	0	-1	-1	-1	-1	100	0	0
591	"방어 성공율 상승"	0	1	0	0	0	0	0	0	0	0	0	0	-1	3	0	0	0	0	0	0	0	0	0	0	0	3	0	0	0	0	0	0	0	0	5	244	1	0	0	0	13	0	0	0	0	0	0	0	0	0	0	-1	-1	-1	-1	100	0	0
592	"무적 시전"	0	38	0	0	0	0	0	0	0	0	0	0	-1	3	0	0	0	0	0	0	0	0	0	0	0	3	0	0	0	0	0	0	0	0	6	245	1	0	0	0	14	0	0	0	0	0	0	0	0	0	0	-1	-1	-1	-1	100	0	0
593	"세트 방어력 증가"	0	3	0	0	0	0	0	0	0	0	0	0	-1	3	0	0	0	0	0	0	0	0	0	0	0	3	0	0	0	0	0	0	0	0	6	246	1	0	0	0	15	0	0	0	0	0	0	0	0	0	0	-1	-1	-1	-1	100	0	0
594	"복수"	0	38	0	0	0	0	0	0	0	0	0	0	-1	3	0	0	0	0	0	0	0	0	0	0	0	3	0	0	0	0	0	0	0	0	6	247	1	0	0	0	16	0	0	0	0	0	0	0	0	0	0	-1	-1	-1	-1	100	0	0
595	"에너지 스탯 증가"	0	36	0	0	0	0	0	0	0	0	0	0	-1	3	0	0	0	0	0	0	0	0	0	0	0	3	0	0	0	0	0	0	0	0	7	248	1	0	0	0	17	0	0	0	0	0	0	0	0	0	0	-1	-1	-1	-1	100	0	0
596	"체력 스탯 증가"	0	36	0	0	0	0	0	0	0	0	0	0	-1	3	0	0	0	0	0	0	0	0	0	0	0	3	0	0	0	0	0	0	0	0	7	249	1	0	0	0	18	0	0	0	0	0	0	0	0	0	0	-1	-1	-1	-1	100	0	0
597	"민첩 스탯 증가"	0	36	0	0	0	0	0	0	0	0	0	0	-1	3	0	0	0	0	0	0	0	0	0	0	0	3	0	0	0	0	0	0	0	0	7	250	1	0	0	0	19	0	0	0	0	0	0	0	0	0	0	-1	-1	-1	-1	100	0	0
598	"힘 스탯 증가"	0	36	0	0	0	0	0	0	0	0	0	0	-1	3	0	0	0	0	0	0	0	0	0	0	0	3	0	0	0	0	0	0	0	0	7	251	1	0	0	0	20	0	0	0	0	0	0	0	0	0	0	-1	-1	-1	-1	100	0	0
599	"공격 성공율 상승"	0	13	0	0	0	0	0	0	0	0	0	0	-1	3	0	0	0	0	0	0	0	0	0	0	0	3	0	0	0	0	0	0	0	0	1	252	1	0	0	0	25	0	0	0	0	0	0	0	0	0	0	-1	-1	-1	-1	100	0	0
600	"최대 생명력 증가"	0	34	0	0	0	0	0	0	0	0	0	0	-1	3	0	0	0	0	0	0	0	0	0	0	0	3	0	0	0	0	0	0	0	0	4	253	1	0	0	0	34	0	0	0	0	0	0	0	0	0	0	-1	-1	-1	-1	100	0	0
601	"최대 마나 증가"	0	34	0	0	0	0	0	0	0	0	0	0	-1	3	0	0	0	0	0	0	0	0	0	0	0	3	0	0	0	0	0	0	0	0	5	254	1	0	0	0	38	0	0	0	0	0	0	0	0	0	0	-1	-1	-1	-1	100	0	0
602	"최대 AG 증가"	0	37	0	0	0	0	0	0	0	0	0	0	-1	3	0	0	0	0	0	0	0	0	0	0	0	3	0	0	0	0	0	0	0	0	6	255	1	0	0	0	41	0	0	0	0	0	0	0	0	0	0	-1	-1	-1	-1	100	0	0
603	"대인 공격율 상승"	0	31	0	0	0	0	0	0	0	0	0	0	-1	3	0	0	0	0	0	0	0	0	0	0	0	3	0	0	0	0	0	0	0	0	1	256	1	0	0	0	47	0	0	0	0	0	0	0	0	0	0	-1	-1	-1	-1	100	0	0
604	"마나 감소"	0	18	0	0	0	0	0	0	0	0	0	0	-1	3	0	0	0	0	0	0	0	0	0	0	0	3	0	0	0	0	0	0	0	0	4	257	1	0	0	0	57	0	0	0	0	0	0	0	0	0	0	-1	-1	-1	-1	100	0	0
605	"몬스터 킬시 SD 회복"	0	11	0	0	0	0	0	0	0	0	0	0	-1	3	0	0	0	0	0	0	0	0	0	0	0	3	0	0	0	0	0	0	0	0	4	258	1	0	0	0	58	0	0	0	0	0	0	0	0	0	0	-1	-1	-1	-1	100	0	0
606	"몬스터 킬시 생명력 회복"	0	6	0	0	0	0	0	0	0	0	0	0	-1	3	0	0	0	0	0	0	0	0	0	0	0	3	0	0	0	0	0	0	0	0	4	259	1	0	0	0	59	0	0	0	0	0	0	0	0	0	0	-1	-1	-1	-1	100	0	0
607	"최소 공격력 상승"	0	22	0	0	0	0	0	0	0	0	0	0	0	3	0	0	0	0	0	0	0	0	0	0	0	3	0	0	0	0	0	0	0	0	5	260	1	0	0	0	61	0	0	1	0	0	0	0	0	0	0	-1	-1	-1	-1	100	0	0
608	"몬스터 킬시 마나 회복"	0	6	0	0	0	0	0	0	0	0	0	0	-1	3	0	0	0	0	0	0	0	0	0	0	0	3	0	0	0	0	0	0	0	0	5	261	1	0	0	0	62	0	0	0	0	0	0	0	0	0	0	-1	-1	-1	-1	100	0	0
609	"최대 공격력 상승"	0	3	0	0	0	0	0	0	0	0	0	0	0	3	0	0	0	0	0	0	0	0	0	0	0	3	0	0	0	0	0	0	0	0	6	262	1	0	0	0	64	0	0	1	0	0	0	0	0	0	0	-1	-1	-1	-1	100	0	0
610	"크리티컬 데미지 확률 상승"	0	38	0	0	0	0	0	0	0	0	0	0	-1	3	0	0	0	0	0	0	0	0	0	0	0	3	0	0	0	0	0	0	0	0	6	263	1	0	0	0	66	0	0	0	0	0	0	0	0	0	0	-1	-1	-1	-1	100	0	0
611	"마나 완전 회복"	0	38	0	0	0	0	0	0	0	0	0	0	-1	3	0	0	0	0	0	0	0	0	0	0	0	3	0	0	0	0	0	0	0	0	7	264	1	0	0	0	67	0	0	0	0	0	0	0	0	0	0	-1	-1	-1	-1	100	0	0
612	"생명력 완전 회복"	0	38	0	0	0	0	0	0	0	0	0	0	-1	3	0	0	0	0	0	0	0	0	0	0	0	3	0	0	0	0	0	0	0	0	7	265	1	0	0	0	68	0	0	0	0	0	0	0	0	0	0	-1	-1	-1	-1	100	0	0
613	"엑설런트 데미지 확률 상승"	0	38	0	0	0	0	0	0	0	0	0	0	-1	3	0	0	0	0	0	0	0	0	0	0	0	3	0	0	0	0	0	0	0	0	7	266	1	0	0	0	69	0	0	0	0	0	0	0	0	0	0	-1	-1	-1	-1	100	0	0
614	"더블 데미지 확률 상승"	0	38	0	0	0	0	0	0	0	0	0	0	-1	3	0	0	0	0	0	0	0	0	0	0	0	3	0	0	0	0	0	0	0	0	8	267	1	0	0	0	70	0	0	0	0	0	0	0	0	0	0	-1	-1	-1	-1	100	0	0
615	"적 방어력 무시 확률 상승"	0	38	0	0	0	0	0	0	0	0	0	0	-1	3	0	0	0	0	0	0	0	0	0	0	0	3	0	0	0	0	0	0	0	0	9	268	1	0	0	0	71	0	0	0	0	0	0	0	0	0	0	-1	-1	-1	-1	100	0	0
616	"SD 완전 회복"	0	38	0	0	0	0	0	0	0	0	0	0	-1	3	0	0	0	0	0	0	0	0	0	0	0	3	0	0	0	0	0	0	0	0	8	269	1	0	0	0	72	0	0	0	0	0	0	0	0	0	0	-1	-1	-1	-1	100	0	0
617	"트리플 데미지 확률 상승"	0	38	0	0	0	0	0	0	0	0	0	0	-1	3	0	0	0	0	0	0	0	0	0	0	0	3	0	0	0	0	0	0	0	0	9	270	1	0	0	0	73	0	0	0	0	0	0	0	0	0	0	-1	-1	-1	-1	100	0	0
618	"보호의 주문"	0	0	30	0	0	60000	0	0	0	0	0	0	0	5	0	0	0	0	0	1	1	1	1	1	1	1	1	0	1	0	1	1	1	1	0	0	0	0	0	0	0	1	0	0	0	2	1	0	0	0	0	-1	-1	-1	-1	100	0	0
619	"속박의 주문"	0	0	30	0	3	60000	0	0	0	0	0	0	0	5	0	0	0	0	0	1	1	1	1	1	1	1	1	0	1	0	1	1	1	1	0	0	0	0	0	0	0	2	0	0	0	0	0	0	1	0	0	-1	-1	-1	-1	100	0	0
620	"추적의 주문"	0	0	30	0	0	120000	0	0	0	0	0	0	0	5	0	0	0	0	0	1	1	1	1	1	1	1	1	0	1	0	1	1	1	1	0	0	0	0	0	0	0	0	0	0	0	2	0	0	0	0	0	-1	-1	-1	-1	100	0	0
621	"쉴드번"	0	0	30	0	3	60000	0	0	0	0	0	0	0	5	0	0	0	0	0	1	1	1	1	1	1	1	1	0	1	0	1	1	1	1	0	0	0	0	0	0	0	0	0	0	0	0	0	0	1	0	0	-1	-1	-1	-1	100	0	0
623	"수호 방패"	0	2	0	0	0	0	0	0	0	0	0	0	-1	3	0	0	0	0	0	0	3	0	0	0	0	0	0	0	0	0	0	0	3	0	8	271	1	0	0	0	323	0	0	0	0	0	0	0	0	0	0	-1	-1	-1	-1	100	0	0
624	"무기 막기"	0	2	0	0	0	0	0	0	0	0	0	0	-1	3	0	0	0	0	0	0	3	0	0	0	0	0	0	0	0	3	0	0	3	0	8	272	1	0	0	0	324	0	0	0	0	0	0	0	0	0	0	-1	-1	-1	-1	100	0	0
625	"방패 막기"	0	39	0	0	0	0	0	0	0	0	0	0	-1	3	0	0	0	0	0	0	3	0	0	0	0	0	0	0	0	0	0	0	3	0	9	273	1	0	0	0	325	0	0	0	0	0	0	0	0	0	0	-1	-1	-1	-1	100	0	0
626	"강철 갑옷"	0	35	0	0	0	0	0	0	0	0	0	0	-1	3	0	0	0	0	0	0	3	0	0	0	0	0	0	0	0	3	0	0	3	0	9	274	1	0	0	0	326	0	0	0	0	0	0	0	0	0	0	-1	-1	-1	-1	100	0	0
627	"강력한 의지"	0	1	0	0	0	0	0	0	0	0	0	0	-1	3	0	0	0	0	0	0	3	0	0	0	0	0	0	0	0	0	0	0	3	0	9	275	1	0	0	0	327	0	0	0	0	0	0	0	0	0	0	-1	-1	-1	-1	100	0	0
628	"생명력 흡수"	0	22	0	0	0	0	0	0	0	0	0	0	-1	3	0	0	0	0	0	0	3	0	0	0	0	0	0	0	0	3	0	0	3	0	7	276	1	0	0	0	328	0	0	0	0	0	0	0	0	0	0	-1	-1	-1	-1	100	0	0
629	"SD 흡수"	0	3	0	0	0	0	0	0	0	0	0	0	-1	3	0	0	0	0	0	0	3	0	0	0	0	0	0	0	0	3	0	0	3	0	9	277	1	0	0	0	329	0	0	0	0	0	0	0	0	0	0	-1	-1	-1	-1	100	0	0
630	"전투 의지"	0	22	0	0	0	0	0	0	0	0	0	0	-1	3	0	0	0	0	0	0	3	0	0	0	0	0	0	0	3	0	0	0	3	0	8	278	1	0	0	0	330	0	0	1	0	0	0	0	0	0	0	-1	-1	-1	-1	100	0	0
631	"돌진"	0	178	200	200	7	1000	0	0	0	0	0	6	0	4	0	0	0	0	0	0	0	0	0	0	0	0	0	0	3	0	0	0	0	0	8	279	10	0	0	0	331	0	0	0	0	0	0	0	0	0	0	1	100	-1	-1	150	0	0
634	"수호 방패"	0	2	0	0	0	0	0	0	0	0	0	0	-1	3	0	0	0	0	0	3	0	0	0	0	0	0	0	0	0	0	3	3	0	3	8	281	1	0	0	0	323	0	0	0	0	0	0	0	0	0	0	-1	-1	-1	-1	100	0	0
635	"무기 막기"	0	2	0	0	0	0	0	0	0	0	0	0	-1	3	0	0	0	0	0	3	0	0	0	0	0	0	0	0	0	0	3	3	0	3	8	282	1	0	0	0	324	0	0	0	0	0	0	0	0	0	0	-1	-1	-1	-1	100	0	0
636	"방패 막기"	0	39	0	0	0	0	0	0	0	0	0	0	-1	3	0	0	0	0	0	3	0	0	0	0	0	0	0	0	0	0	3	3	0	3	9	283	1	0	0	0	325	0	0	0	0	0	0	0	0	0	0	-1	-1	-1	-1	100	0	0
637	"강철 갑옷"	0	35	0	0	0	0	0	0	0	0	0	0	-1	3	0	0	0	0	0	3	0	0	0	0	0	0	0	0	0	0	3	3	0	3	9	284	1	0	0	0	326	0	0	0	0	0	0	0	0	0	0	-1	-1	-1	-1	100	0	0
638	"강력한 의지"	0	1	0	0	0	0	0	0	0	0	0	0	-1	3	0	0	0	0	0	3	0	0	0	0	0	0	0	0	0	0	3	3	0	3	9	285	1	0	0	0	327	0	0	0	0	0	0	0	0	0	0	-1	-1	-1	-1	100	0	0
639	"생명력 흡수"	0	22	0	0	0	0	0	0	0	0	0	0	-1	3	0	0	0	0	0	3	0	0	0	0	0	0	0	0	0	0	3	3	0	3	7	286	1	0	0	0	328	0	0	0	0	0	0	0	0	0	0	-1	-1	-1	-1	100	0	0
640	"SD 흡수"	0	3	0	0	0	0	0	0	0	0	0	0	-1	3	0	0	0	0	0	3	0	0	0	0	0	0	0	0	0	0	3	3	0	3	9	287	1	0	0	0	329	0	0	0	0	0	0	0	0	0	0	-1	-1	-1	-1	100	0	0
641	"대마법 강화"	0	22	0	0	0	0	0	0	0	0	0	0	-1	3	0	0	0	0	0	3	0	0	0	0	0	0	0	0	0	0	3	3	0	3	8	288	1	0	0	0	341	0	0	2	0	0	0	0	0	0	0	-1	-1	-1	-1	100	0	0
642	"일루전"	0	0	1000	300	6	120000	0	0	0	0	0	0	-1	4	0	0	0	0	0	3	0	0	0	0	0	0	0	0	0	0	3	0	0	3	9	289	10	0	0	60	342	4	0	0	0	1	1	2	1	0	0	-1	-1	-1	-1	100	0	0
643	"수호 방패"	0	2	0	0	0	0	0	0	0	0	0	0	-1	3	0	0	0	0	0	0	0	3	0	0	0	0	0	0	0	0	0	0	0	0	8	290	1	0	0	0	323	0	0	0	0	0	0	0	0	0	0	-1	-1	-1	-1	100	0	0
644	"무기 막기"	0	2	0	0	0	0	0	0	0	0	0	0	-1	3	0	0	0	0	0	0	0	3	0	0	0	0	0	0	0	0	0	0	0	0	8	291	1	0	0	0	324	0	0	0	0	0	0	0	0	0	0	-1	-1	-1	-1	100	0	0
645	"방패 막기"	0	39	0	0	0	0	0	0	0	0	0	0	-1	3	0	0	0	0	0	0	0	3	0	0	0	0	0	0	0	0	0	0	0	0	9	292	1	0	0	0	325	0	0	0	0	0	0	0	0	0	0	-1	-1	-1	-1	100	0	0
646	"강철 갑옷"	0	35	0	0	0	0	0	0	0	0	0	0	-1	3	0	0	0	0	0	0	0	3	0	0	0	0	0	0	0	0	0	0	0	0	9	293	1	0	0	0	326	0	0	0	0	0	0	0	0	0	0	-1	-1	-1	-1	100	0	0
647	"강력한 의지"	0	1	0	0	0	0	0	0	0	0	0	0	-1	3	0	0	0	0	0	0	0	3	0	0	0	0	0	0	0	0	0	0	0	0	9	294	1	0	0	0	327	0	0	0	0	0	0	0	0	0	0	-1	-1	-1	-1	100	0	0
648	"생명력 흡수"	0	22	0	0	0	0	0	0	0	0	0	0	-1	3	0	0	0	0	0	0	0	3	0	0	0	0	0	0	0	0	0	0	0	0	7	295	1	0	0	0	328	0	0	0	0	0	0	0	0	0	0	-1	-1	-1	-1	100	0	0
649	"SD 흡수"	0	3	0	0	0	0	0	0	0	0	0	0	-1	3	0	0	0	0	0	0	0	3	0	0	0	0	0	0	0	0	0	0	0	0	9	296	1	0	0	0	329	0	0	0	0	0	0	0	0	0	0	-1	-1	-1	-1	100	0	0
650	"명사수"	0	22	0	0	0	0	0	0	0	0	0	0	-1	3	0	0	0	0	0	0	0	3	0	0	0	0	0	0	0	0	0	0	0	0	8	297	1	0	0	0	350	0	0	1	0	0	0	0	0	0	0	-1	-1	-1	-1	100	0	0
651	"쉐도우스텝"	0	0	150	100	5	3000	0	0	0	0	0	0	-1	4	0	0	0	0	0	0	0	3	0	0	0	0	0	0	0	0	0	0	0	0	9	298	10	0	0	0	351	5	0	0	0	1	1	2	1	0	0	-1	-1	-1	-1	100	0	0
652	"이베이전"	0	0	200	200	0	60000	0	0	0	0	0	0	-1	4	0	0	0	0	0	0	0	3	0	0	0	0	0	0	0	0	0	0	0	0	9	299	10	0	0	7	352	1	0	0	214	2	1	2	1	0	0	-1	-1	-1	-1	100	0	0
653	"수호 방패"	0	2	0	0	0	0	0	0	0	0	0	0	-1	3	0	0	0	0	0	0	0	0	0	0	3	0	0	0	0	0	0	0	0	0	8	300	1	0	0	0	323	0	0	0	0	0	0	0	0	0	0	-1	-1	-1	-1	100	0	0
654	"무기 막기"	0	2	0	0	0	0	0	0	0	0	0	0	-1	3	0	0	0	0	0	0	0	0	0	0	3	0	0	0	0	0	0	0	0	0	8	301	1	0	0	0	324	0	0	0	0	0	0	0	0	0	0	-1	-1	-1	-1	100	0	0
655	"방패 막기"	0	39	0	0	0	0	0	0	0	0	0	0	-1	3	0	0	0	0	0	0	0	0	0	0	3	0	0	0	0	0	0	0	0	0	9	302	1	0	0	0	325	0	0	0	0	0	0	0	0	0	0	-1	-1	-1	-1	100	0	0
656	"강철 갑옷"	0	35	0	0	0	0	0	0	0	0	0	0	-1	3	0	0	0	0	0	0	0	0	0	0	3	0	0	0	0	0	0	0	0	0	9	303	1	0	0	0	326	0	0	0	0	0	0	0	0	0	0	-1	-1	-1	-1	100	0	0
657	"강력한 의지"	0	1	0	0	0	0	0	0	0	0	0	0	-1	3	0	0	0	0	0	0	0	0	0	0	3	0	0	0	0	0	0	0	0	0	9	304	1	0	0	0	327	0	0	0	0	0	0	0	0	0	0	-1	-1	-1	-1	100	0	0
658	"생명력 흡수"	0	22	0	0	0	0	0	0	0	0	0	0	-1	3	0	0	0	0	0	0	0	0	0	0	3	0	0	0	0	0	0	0	0	0	7	305	1	0	0	0	328	0	0	0	0	0	0	0	0	0	0	-1	-1	-1	-1	100	0	0
659	"SD 흡수"	0	3	0	0	0	0	0	0	0	0	0	0	-1	3	0	0	0	0	0	0	0	0	0	0	3	0	0	0	0	0	0	0	0	0	9	306	1	0	0	0	329	0	0	0	0	0	0	0	0	0	0	-1	-1	-1	-1	100	0	0
660	"저주의 고통"	0	22	0	0	0	0	0	0	0	0	0	0	-1	3	0	0	0	0	0	0	0	0	0	0	3	0	0	0	0	0	0	0	0	0	8	307	1	0	0	0	360	0	0	1	0	0	0	0	0	0	0	-1	-1	-1	-1	100	0	0
663	"수호 방패"	0	2	0	0	0	0	0	0	0	0	0	0	-1	3	0	0	0	0	0	0	0	0	3	0	0	0	0	0	0	0	0	0	0	0	8	309	1	0	0	0	323	0	0	0	0	0	0	0	0	0	0	-1	-1	-1	-1	100	0	0
664	"무기 막기"	0	2	0	0	0	0	0	0	0	0	0	0	-1	3	0	0	0	0	0	0	0	0	3	0	0	0	0	0	0	0	0	0	0	0	8	310	1	0	0	0	324	0	0	0	0	0	0	0	0	0	0	-1	-1	-1	-1	100	0	0
665	"방패 막기"	0	39	0	0	0	0	0	0	0	0	0	0	-1	3	0	0	0	0	0	0	0	0	3	0	0	0	0	0	0	0	0	0	0	0	9	311	1	0	0	0	325	0	0	0	0	0	0	0	0	0	0	-1	-1	-1	-1	100	0	0
666	"강철 갑옷"	0	35	0	0	0	0	0	0	0	0	0	0	-1	3	0	0	0	0	0	0	0	0	3	0	0	0	0	0	0	0	0	0	0	0	9	312	1	0	0	0	326	0	0	0	0	0	0	0	0	0	0	-1	-1	-1	-1	100	0	0
667	"강력한 의지"	0	1	0	0	0	0	0	0	0	0	0	0	-1	3	0	0	0	0	0	0	0	0	3	0	0	0	0	0	0	0	0	0	0	0	9	313	1	0	0	0	327	0	0	0	0	0	0	0	0	0	0	-1	-1	-1	-1	100	0	0
668	"생명력 흡수"	0	22	0	0	0	0	0	0	0	0	0	0	-1	3	0	0	0	0	0	0	0	0	3	0	0	0	0	0	0	0	0	0	0	0	7	314	1	0	0	0	328	0	0	0	0	0	0	0	0	0	0	-1	-1	-1	-1	100	0	0
669	"SD 흡수"	0	3	0	0	0	0	0	0	0	0	0	0	-1	3	0	0	0	0	0	0	0	0	3	0	0	0	0	0	0	0	0	0	0	0	9	315	1	0	0	0	329	0	0	0	0	0	0	0	0	0	0	-1	-1	-1	-1	100	0	0
670	"수호 방패"	0	2	0	0	0	0	0	0	0	0	0	0	-1	3	0	0	0	0	0	0	0	0	0	3	0	0	0	0	0	0	0	0	0	0	8	316	1	0	0	0	323	0	0	0	0	0	0	0	0	0	0	-1	-1	-1	-1	100	0	0
671	"무기 막기"	0	2	0	0	0	0	0	0	0	0	0	0	-1	3	0	0	0	0	0	0	0	0	0	3	0	0	0	0	0	0	0	0	0	0	8	317	1	0	0	0	324	0	0	0	0	0	0	0	0	0	0	-1	-1	-1	-1	100	0	0
672	"방패 막기"	0	39	0	0	0	0	0	0	0	0	0	0	-1	3	0	0	0	0	0	0	0	0	0	3	0	0	0	0	0	0	0	0	0	0	9	318	1	0	0	0	325	0	0	0	0	0	0	0	0	0	0	-1	-1	-1	-1	100	0	0
673	"강철 갑옷"	0	35	0	0	0	0	0	0	0	0	0	0	-1	3	0	0	0	0	0	0	0	0	0	3	0	0	0	0	0	0	0	0	0	0	9	319	1	0	0	0	326	0	0	0	0	0	0	0	0	0	0	-1	-1	-1	-1	100	0	0
674	"강력한 의지"	0	1	0	0	0	0	0	0	0	0	0	0	-1	3	0	0	0	0	0	0	0	0	0	3	0	0	0	0	0	0	0	0	0	0	9	320	1	0	0	0	327	0	0	0	0	0	0	0	0	0	0	-1	-1	-1	-1	100	0	0
675	"생명력 흡수"	0	22	0	0	0	0	0	0	0	0	0	0	-1	3	0	0	0	0	0	0	0	0	0	3	0	0	0	0	0	0	0	0	0	0	7	321	1	0	0	0	328	0	0	0	0	0	0	0	0	0	0	-1	-1	-1	-1	100	0	0
676	"SD 흡수"	0	3	0	0	0	0	0	0	0	0	0	0	-1	3	0	0	0	0	0	0	0	0	0	3	0	0	0	0	0	0	0	0	0	0	9	322	1	0	0	0	329	0	0	0	0	0	0	0	0	0	0	-1	-1	-1	-1	100	0	0
677	"수호 방패"	0	2	0	0	0	0	0	0	0	0	0	0	-1	3	0	0	0	0	0	0	0	0	0	0	0	3	0	0	0	0	0	0	0	0	8	323	1	0	0	0	323	0	0	0	0	0	0	0	0	0	0	-1	-1	-1	-1	100	0	0
678	"무기 막기"	0	2	0	0	0	0	0	0	0	0	0	0	-1	3	0	0	0	0	0	0	0	0	0	0	0	3	0	0	0	0	0	0	0	0	8	324	1	0	0	0	324	0	0	0	0	0	0	0	0	0	0	-1	-1	-1	-1	100	0	0
679	"방패 막기"	0	39	0	0	0	0	0	0	0	0	0	0	-1	3	0	0	0	0	0	0	0	0	0	0	0	3	0	0	0	0	0	0	0	0	9	325	1	0	0	0	325	0	0	0	0	0	0	0	0	0	0	-1	-1	-1	-1	100	0	0
680	"강철 갑옷"	0	35	0	0	0	0	0	0	0	0	0	0	-1	3	0	0	0	0	0	0	0	0	0	0	0	3	0	0	0	0	0	0	0	0	9	326	1	0	0	0	326	0	0	0	0	0	0	0	0	0	0	-1	-1	-1	-1	100	0	0
681	"강력한 의지"	0	1	0	0	0	0	0	0	0	0	0	0	-1	3	0	0	0	0	0	0	0	0	0	0	0	3	0	0	0	0	0	0	0	0	9	327	1	0	0	0	327	0	0	0	0	0	0	0	0	0	0	-1	-1	-1	-1	100	0	0
682	"생명력 흡수"	0	22	0	0	0	0	0	0	0	0	0	0	-1	3	0	0	0	0	0	0	0	0	0	0	0	3	0	0	0	0	0	0	0	0	7	328	1	0	0	0	328	0	0	0	0	0	0	0	0	0	0	-1	-1	-1	-1	100	0	0
683	"SD 흡수"	0	3	0	0	0	0	0	0	0	0	0	0	-1	3	0	0	0	0	0	0	0	0	0	0	0	3	0	0	0	0	0	0	0	0	9	329	1	0	0	0	329	0	0	0	0	0	0	0	0	0	0	-1	-1	-1	-1	100	0	0
684	"초월의 망토 흡수 강화"	0	38	0	0	0	0	0	0	0	0	0	0	-1	3	0	0	0	0	0	0	0	0	0	0	0	0	3	0	0	0	0	0	0	0	8	330	1	0	0	0	384	0	0	0	0	0	0	0	0	0	0	-1	-1	-1	-1	100	0	0
685	"초월의 망토 방어 강화"	0	17	0	0	0	0	0	0	0	0	0	0	-1	3	0	0	0	0	0	0	0	0	0	0	0	0	3	0	0	0	0	0	0	0	8	331	1	0	0	0	385	0	0	0	0	0	0	0	0	0	0	-1	-1	-1	-1	100	0	0
686	"초월의 망토 공격 강화"	0	17	0	0	0	0	0	0	0	0	0	0	-1	3	0	0	0	0	0	0	0	0	0	0	0	0	3	0	0	0	0	0	0	0	9	332	1	0	0	0	386	0	0	0	0	0	0	0	0	0	0	-1	-1	-1	-1	100	0	0
687	"스핀스텝 강화"	83	3	14	0	2	500	0	0	150	0	0	6	-1	4	271	0	0	0	0	0	0	0	0	0	0	0	3	0	0	0	0	0	0	0	2	333	1	0	0	0	387	0	0	1	0	0	0	0	0	0	4	2	-1	-1	-1	100	0	0
688	"하쉬스트라이크 강화"	74	4	14	0	3	500	0	150	0	0	0	6	-1	4	276	0	0	0	0	0	0	0	0	0	0	0	3	0	0	0	0	0	0	0	2	334	1	0	0	0	388	0	0	1	0	0	0	0	0	0	0	1	30	-1	-1	110	0	0
689	"웨폰 마스터리"	0	22	0	0	0	0	0	0	0	0	0	0	-1	3	0	0	0	0	0	0	0	0	0	0	0	0	3	0	0	0	0	0	0	0	3	335	1	0	0	0	389	0	0	1	0	0	0	0	0	0	0	-1	-1	-1	-1	100	0	0
690	"스핀스텝 마스터리"	83	4	16	0	2	500	0	0	150	0	0	6	-1	4	687	0	0	0	0	0	0	0	0	0	0	0	3	0	0	0	0	0	0	0	4	333	1	0	0	0	390	0	0	1	0	0	0	0	0	0	4	2	-1	-1	-1	100	0	0
691	"하쉬스트라이크 마스터리"	74	0	16	0	3	500	0	150	0	0	0	6	-1	4	688	0	0	0	0	0	0	0	0	0	0	0	3	0	0	0	0	0	0	0	4	334	10	0	0	0	391	0	0	0	0	0	0	0	0	0	0	1	30	-1	-1	110	0	0
692	"매직핀 강화"	30	4	17	10	2	500	0	200	200	0	0	6	-1	4	274	0	0	0	0	0	0	0	0	0	0	0	3	0	0	0	0	0	0	0	5	338	1	0	0	0	392	0	0	1	0	0	0	0	0	0	4	2	100	-1	-1	100	0	0
693	"옵시디언 강화"	74	18	50	50	0	0	200	0	0	0	0	0	-1	4	273	0	0	0	0	0	0	0	0	0	0	0	3	0	0	0	0	0	0	0	4	339	1	0	0	0	393	1	0	0	220	3	0	0	0	0	0	1	-1	-1	-1	100	0	0
695	"매직핀 마스터리"	30	0	20	13	3	500	0	200	200	0	0	6	-1	4	692	0	0	0	0	0	0	0	0	0	0	0	3	0	0	0	0	0	0	0	6	338	10	0	0	0	395	0	0	0	0	0	0	0	0	0	4	2	100	-1	-1	100	0	0
696	"브레쉬 강화"	300	4	16	10	5	0	0	300	300	0	0	6	-1	4	279	0	0	0	0	0	0	0	0	0	0	0	3	0	0	0	0	0	0	0	5	342	1	0	0	0	396	0	0	1	0	1	0	0	0	0	4	1	100	-1	-1	110	0	0
698	"브레쉬 마스터리"	300	0	16	10	6	0	0	300	300	0	0	6	-1	4	696	0	0	0	0	0	0	0	0	0	0	0	3	0	0	0	0	0	0	0	6	342	10	0	0	0	398	0	0	0	0	1	0	0	0	0	4	1	100	-1	-1	110	0	0
699	"샤이닝픽 강화"	220	116	10	7	4	0	0	600	0	0	0	6	-1	4	277	0	0	0	0	0	0	0	0	0	0	0	3	0	0	0	0	0	0	0	6	345	1	0	0	0	399	0	0	1	0	0	0	0	0	0	4	1	1	1	5	110	0	0
700	"아머브레이커"	0	38	200	50	0	60000	0	0	0	0	0	0	-1	4	0	0	0	0	0	0	0	0	0	0	0	0	3	0	0	0	0	0	0	0	8	346	10	0	0	0	400	1	0	0	219	2	0	0	0	0	0	-1	-1	-1	-1	100	0	0
701	"아머브레이커 강화"	0	23	210	52	0	60000	0	0	0	0	0	0	-1	4	700	0	0	0	0	0	0	0	0	0	0	0	3	0	0	0	0	0	0	0	9	346	1	0	0	0	401	1	0	0	226	2	0	0	0	0	0	-1	-1	-1	-1	100	0	0
702	"랜스 강화"	0	22	0	0	0	0	0	0	0	0	0	0	-1	3	0	0	0	0	0	0	0	0	0	0	0	0	3	0	0	0	0	0	0	0	2	348	1	0	0	0	402	0	0	1	0	0	0	0	0	0	0	-1	-1	-1	-1	100	0	0
703	"서클실드 강화"	220	10	100	50	0	0	0	0	0	0	0	0	-1	4	272	0	0	0	0	0	0	0	0	0	0	0	3	0	0	0	0	0	0	0	2	349	1	0	0	0	403	1	0	0	221	2	0	0	0	0	8	2	-1	-1	-1	100	0	0
704	"방패 강화"	0	10	0	0	0	0	0	0	0	0	0	0	-1	3	0	0	0	0	0	0	0	0	0	0	0	0	3	0	0	0	0	0	0	0	2	350	1	0	0	0	404	0	0	0	0	0	0	0	0	0	0	-1	-1	-1	-1	100	0	0
705	"랜스 마스터리"	0	1	0	0	0	0	0	0	0	0	0	0	-1	3	0	0	0	0	0	0	0	0	0	0	0	0	3	0	0	0	0	0	0	0	3	351	1	0	0	0	405	0	0	1	0	0	0	0	0	0	0	-1	-1	-1	-1	100	0	0
706	"서클실드 마스터리"	220	23	100	50	0	0	0	0	0	0	0	0	-1	4	703	0	0	0	0	0	0	0	0	0	0	0	3	0	0	0	0	0	0	0	3	349	1	0	0	0	406	1	0	0	222	2	0	0	0	0	8	2	-1	-1	-1	100	0	0
707	"방패 마스터리"	0	17	0	0	0	0	0	0	0	0	0	0	-1	3	0	0	0	0	0	0	0	0	0	0	0	0	3	0	0	0	0	0	0	0	3	353	1	0	0	0	407	0	0	0	0	0	0	0	0	0	0	-1	-1	-1	-1	100	0	0
708	"격노 강화"	66	23	110	50	0	60000	0	0	0	0	0	0	-1	4	278	0	0	0	0	0	0	0	0	0	0	0	3	0	0	0	0	0	0	0	4	354	1	0	0	0	408	1	0	0	223	2	0	0	0	0	0	2	-1	-1	-1	100	0	0
709	"격노 숙련"	66	23	130	60	0	60000	0	0	0	0	0	0	-1	4	708	0	0	0	0	0	0	0	0	0	0	0	3	0	0	0	0	0	0	0	5	354	1	0	0	0	409	1	0	0	224	2	0	0	0	0	0	2	-1	-1	-1	100	0	0
710	"격노 마스터리"	66	38	150	80	0	60000	0	0	0	0	0	0	-1	4	709	0	0	0	0	0	0	0	0	0	0	0	3	0	0	0	0	0	0	0	6	354	10	0	0	0	410	1	0	0	225	2	0	0	0	0	0	2	-1	-1	-1	100	0	0
711	"응징 공격력 상승"	0	23	0	0	0	0	0	0	0	0	0	0	-1	3	0	0	0	0	0	0	0	0	0	0	0	0	3	0	0	0	0	0	0	0	9	357	1	0	0	0	411	0	0	0	0	2	0	0	0	0	0	-1	-1	-1	-1	100	0	0
712	"격분 공격력 상승"	0	23	0	0	0	0	0	0	0	0	0	0	-1	3	0	0	0	0	0	0	0	0	0	0	0	0	3	0	0	0	0	0	0	0	9	358	1	0	0	0	412	0	0	0	0	2	0	0	0	0	0	-1	-1	-1	-1	100	0	0
713	"수호 방패"	0	2	0	0	0	0	0	0	0	0	0	0	-1	3	0	0	0	0	0	0	0	0	0	0	0	0	3	0	0	0	0	0	0	0	8	359	1	0	0	0	323	0	0	0	0	0	0	0	0	0	0	-1	-1	-1	-1	100	0	0
714	"무기 막기"	0	2	0	0	0	0	0	0	0	0	0	0	-1	3	0	0	0	0	0	0	0	0	0	0	0	0	3	0	0	0	0	0	0	0	8	360	1	0	0	0	324	0	0	0	0	0	0	0	0	0	0	-1	-1	-1	-1	100	0	0
715	"방패 막기"	0	39	0	0	0	0	0	0	0	0	0	0	-1	3	0	0	0	0	0	0	0	0	0	0	0	0	3	0	0	0	0	0	0	0	9	361	1	0	0	0	325	0	0	0	0	0	0	0	0	0	0	-1	-1	-1	-1	100	0	0
716	"강철 갑옷"	0	35	0	0	0	0	0	0	0	0	0	0	-1	3	0	0	0	0	0	0	0	0	0	0	0	0	3	0	0	0	0	0	0	0	9	362	1	0	0	0	326	0	0	0	0	0	0	0	0	0	0	-1	-1	-1	-1	100	0	0
717	"강력한 의지"	0	1	0	0	0	0	0	0	0	0	0	0	-1	3	0	0	0	0	0	0	0	0	0	0	0	0	3	0	0	0	0	0	0	0	9	363	1	0	0	0	327	0	0	0	0	0	0	0	0	0	0	-1	-1	-1	-1	100	0	0
718	"생명력 흡수"	0	22	0	0	0	0	0	0	0	0	0	0	-1	3	0	0	0	0	0	0	0	0	0	0	0	0	3	0	0	0	0	0	0	0	7	364	1	0	0	0	328	0	0	0	0	0	0	0	0	0	0	-1	-1	-1	-1	100	0	0
719	"SD 흡수"	0	3	0	0	0	0	0	0	0	0	0	0	-1	3	0	0	0	0	0	0	0	0	0	0	0	0	3	0	0	0	0	0	0	0	9	365	1	0	0	0	329	0	0	0	0	0	0	0	0	0	0	-1	-1	-1	-1	100	0	0
720	"면역I"	0	0	300	200	0	500	0	0	0	0	0	0	-1	0	0	0	0	0	0	0	0	0	0	0	0	0	0	0	0	0	0	0	0	0	0	0	0	0	0	0	420	1	0	0	243	2	1	2	1	0	0	-1	-1	-1	-1	100	0	0
721	"면역II"	0	0	300	200	0	500	0	0	0	0	0	0	-1	0	0	0	0	0	0	0	0	0	0	0	0	0	0	0	0	0	0	0	0	0	0	0	0	0	0	0	421	1	0	0	244	2	1	2	1	0	0	-1	-1	-1	-1	100	0	0
722	"광폭화I"	0	0	500	300	0	500	0	0	0	0	0	0	-1	0	0	0	0	0	0	0	0	0	0	0	0	0	0	0	0	0	0	0	0	0	0	0	0	0	0	0	422	1	0	0	245	2	1	2	1	0	0	-1	-1	-1	-1	100	0	0
723	"파이어블로우"	160	120	17	17	5	0	0	1090	0	0	0	6	0	0	0	0	0	0	0	0	3	0	0	0	0	0	0	0	0	0	0	0	0	0	0	0	0	0	0	0	423	0	0	1	0	0	0	0	0	0	2	1	150	-1	-1	105	1	0
724	"메테오스트라이크"	160	100	92	17	7	0	1073	0	0	0	0	6	1	0	0	0	0	0	0	3	0	0	0	0	0	0	0	0	0	0	0	0	0	0	0	0	0	0	0	0	424	0	0	2	0	0	0	0	0	0	0	3	170	-1	-1	110	1	0
725	"메테오스톰"	160	105	105	20	6	500	1160	0	0	0	0	6	1	0	0	0	0	0	0	3	0	0	0	0	0	0	0	0	0	0	0	0	0	0	0	0	0	0	0	0	425	0	0	2	1	1	0	0	0	0	0	3	200	-1	-1	130	0	0
726	"소울시커"	160	125	90	16	7	0	1115	0	0	0	0	6	1	0	0	0	0	0	0	3	0	0	0	0	0	0	0	0	0	0	0	0	0	0	0	0	0	0	0	0	426	0	0	2	0	0	0	0	0	0	0	3	170	-1	-1	110	1	0
727	"포커스샷"	160	110	12	9	7	0	0	0	1302	0	0	6	0	0	0	0	0	0	0	0	0	3	0	0	0	0	0	0	0	0	0	0	0	0	0	0	0	0	0	0	427	0	0	1	0	0	0	0	0	0	5	2	100	-1	-1	130	1	0
729	"파이어비스트"	160	100	95	10	7	350	1220	0	0	0	0	6	1	0	0	0	0	0	0	0	0	0	0	0	3	0	0	0	0	0	0	0	0	0	0	0	0	0	0	0	429	0	0	2	0	0	0	0	0	0	0	3	170	-1	-1	105	1	0
730	"아쿠아비스트"	160	100	95	10	7	350	1220	0	0	0	0	6	1	0	0	0	0	0	0	0	0	0	0	0	3	0	0	0	0	0	0	0	0	0	0	0	0	0	0	0	430	0	0	2	0	0	0	0	0	0	0	3	170	-1	-1	105	1	0
731	"아이스블러드"	160	330	19	14	3	0	0	900	0	0	0	6	0	0	0	0	0	0	0	0	0	0	3	0	0	0	0	0	0	0	0	0	0	0	0	0	0	0	0	0	431	0	0	1	0	0	0	0	0	0	2	1	750	-1	-1	105	1	0
732	"파이어블러드"	160	330	19	14	3	0	0	900	0	0	0	6	0	0	0	0	0	0	0	0	0	0	3	0	0	0	0	0	0	0	0	0	0	0	0	0	0	0	0	0	432	0	0	1	0	0	0	0	0	0	2	1	750	-1	-1	105	1	0
733	"다크블래스트"	160	120	92	17	7	0	1073	0	0	0	0	6	1	0	0	0	0	0	0	0	0	0	3	0	0	0	0	0	0	0	0	0	0	0	0	0	0	0	0	0	433	0	0	2	0	0	0	0	0	0	0	3	170	-1	-1	110	1	0
734	"메테오스트라이크"	160	120	92	17	7	0	1073	0	0	0	0	6	1	0	0	0	0	0	0	0	0	0	3	0	0	0	0	0	0	0	0	0	0	0	0	0	0	0	0	0	434	0	0	2	0	0	0	0	0	0	0	3	170	-1	-1	110	1	0
737	"윈드소울"	160	130	35	17	6	0	0	717	0	0	0	6	0	0	0	0	0	0	0	0	0	0	0	3	0	0	0	0	0	0	0	0	0	0	0	0	0	0	0	0	437	0	0	1	0	0	0	0	0	0	2	1	100	-1	-1	120	1	0
739	"다크피닉스샷"	160	650	30	10	7	600	0	0	987	0	0	6	0	0	0	0	0	0	0	0	0	0	0	0	0	3	0	0	0	0	0	0	0	0	0	0	0	0	0	0	439	0	0	1	0	0	0	0	0	0	0	2	170	-1	-1	110	1	0
740	"대천사의의지"	0	0	100	150	0	90000	0	0	0	0	0	0	-1	0	0	0	0	0	0	1	1	1	1	1	1	1	1	1	1	1	1	1	1	1	0	0	0	0	0	1800000	440	1	1	0	246	3	1	2	0	0	1	-1	-1	-1	-1	100	0	0
743	"최대 생명력 증폭"	160	43	0	0	0	0	0	0	0	0	0	0	-1	3	0	0	0	0	0	3	3	3	3	3	3	3	3	3	3	3	3	3	3	3	7	367	1	0	0	0	443	0	0	0	0	0	0	0	0	0	0	-1	-1	-1	-1	100	0	0
744	"피닉스 샷 강화"	160	22	30	0	4	1200	0	0	0	0	0	6	1	4	270	0	0	0	0	0	0	0	0	0	0	3	0	0	0	0	0	0	0	0	2	366	1	0	0	0	444	0	1	1	0	0	0	0	0	0	0	4	200	-1	-1	125	0	0
745	"피닉스 샷 마스터리"	160	1	30	0	4	1200	0	0	0	0	0	6	1	4	744	0	0	0	0	0	0	0	0	0	0	3	0	0	0	0	0	0	0	0	3	366	1	0	0	0	445	0	1	0	0	0	0	0	0	0	0	4	200	-1	-1	125	0	0
746	"속성 방어력 증가"	160	162	0	0	0	0	0	0	0	0	0	0	-1	3	0	0	0	0	0	3	3	3	3	3	3	3	3	3	3	3	3	3	3	3	4	368	1	0	0	0	278	0	0	0	0	0	0	0	0	0	0	-1	-1	-1	-1	100	0	0
747	"펜타그램 속성 방어력 추가"	160	163	0	0	0	0	0	0	0	0	0	0	-1	3	0	0	0	0	0	3	3	3	3	3	3	3	3	3	3	0	3	3	3	3	8	369	1	0	0	0	279	0	0	0	0	0	0	0	0	0	0	-1	-1	-1	-1	100	0	0
748	"매직애로우 강화"	160	22	25	0	8	0	60	0	0	0	0	6	1	4	283	0	0	0	0	0	0	0	0	0	0	0	0	3	0	0	0	0	0	0	2	370	1	0	0	0	280	0	0	2	0	1	0	0	0	0	9	3	500	-1	-1	100	0	0
749	"매직애로우 마스터리"	160	22	35	0	8	0	60	0	0	0	0	6	1	4	748	0	0	0	0	0	0	0	0	0	0	0	0	3	0	0	0	0	0	0	3	370	1	0	0	0	281	0	0	2	0	1	0	0	0	0	9	3	500	-1	-1	100	0	0
750	"플라즈마볼 강화"	160	22	130	45	8	4000	300	0	0	0	0	6	1	4	284	0	0	0	0	0	0	0	0	0	0	0	0	3	0	0	0	0	0	0	6	371	1	0	0	0	282	0	0	2	0	1	0	0	0	0	9	3	200	-1	-1	110	0	0
751	"플라즈마볼 마스터리"	160	22	135	55	8	4000	300	0	0	0	0	6	1	4	750	0	0	0	0	0	0	0	0	0	0	0	0	3	0	0	0	0	0	0	7	371	1	0	0	0	283	0	0	2	0	1	0	0	0	0	9	3	200	-1	-1	110	0	0
752	"룬메이스 강화"	0	22	0	0	0	0	0	0	0	0	0	0	1	3	0	0	0	0	0	0	0	0	0	0	0	0	0	3	0	0	0	0	0	0	2	372	1	0	0	0	284	0	0	2	0	0	0	0	0	0	0	-1	-1	-1	-1	100	0	0
753	"룬메이스 마스터리"	0	1	0	0	0	0	0	0	0	0	0	0	1	3	0	0	0	0	0	0	0	0	0	0	0	0	0	3	0	0	0	0	0	0	3	372	1	0	0	0	285	0	0	2	0	0	0	0	0	0	0	-1	-1	-1	-1	100	0	0
754	"환멸의날개 방어 강화"	0	17	0	0	0	0	0	0	0	0	0	0	-1	3	0	0	0	0	0	0	0	0	0	0	0	0	0	3	0	0	0	0	0	0	8	373	1	0	0	0	75	0	0	0	0	0	0	0	0	0	0	-1	-1	-1	-1	100	0	0
755	"환멸의날개 공격 강화"	0	17	0	0	0	0	0	0	0	0	0	0	-1	3	0	0	0	0	0	0	0	0	0	0	0	0	0	3	0	0	0	0	0	0	9	374	1	0	0	0	77	0	0	0	0	0	0	0	0	0	0	-1	-1	-1	-1	100	0	0
756	"방패 막기"	0	39	0	0	0	0	0	0	0	0	0	0	-1	3	0	0	0	0	0	0	0	0	0	0	0	0	0	3	0	0	0	0	0	0	9	380	1	0	0	0	325	0	0	0	0	0	0	0	0	0	0	-1	-1	-1	-1	100	0	0
758	"수호 방패"	0	2	0	0	0	0	0	0	0	0	0	0	-1	3	0	0	0	0	0	0	0	0	0	0	0	0	0	3	0	0	0	0	0	0	8	378	1	0	0	0	323	0	0	0	0	0	0	0	0	0	0	-1	-1	-1	-1	100	0	0
759	"강철 갑옷"	0	35	0	0	0	0	0	0	0	0	0	0	-1	3	0	0	0	0	0	0	0	0	0	0	0	0	0	3	0	0	0	0	0	0	9	381	1	0	0	0	326	0	0	0	0	0	0	0	0	0	0	-1	-1	-1	-1	100	0	0
760	"강력한 의지"	0	1	0	0	0	0	0	0	0	0	0	0	-1	3	0	0	0	0	0	0	0	0	0	0	0	0	0	3	0	0	0	0	0	0	9	382	1	0	0	0	327	0	0	0	0	0	0	0	0	0	0	-1	-1	-1	-1	100	0	0
761	"생명력 흡수"	0	22	0	0	0	0	0	0	0	0	0	0	-1	3	0	0	0	0	0	0	0	0	0	0	0	0	0	3	0	0	0	0	0	0	7	383	1	0	0	0	328	0	0	0	0	0	0	0	0	0	0	-1	-1	-1	-1	100	0	0
762	"SD 흡수"	0	3	0	0	0	0	0	0	0	0	0	0	-1	3	0	0	0	0	0	0	0	0	0	0	0	0	0	3	0	0	0	0	0	0	9	384	1	0	0	0	329	0	0	0	0	0	0	0	0	0	0	-1	-1	-1	-1	100	0	0
763	"대마법 강화"	0	22	0	0	0	0	0	0	0	0	0	0	-1	3	0	0	0	0	0	0	0	0	0	0	0	0	0	3	0	0	0	0	0	0	8	385	1	0	0	0	341	0	0	2	0	0	0	0	0	0	0	-1	-1	-1	-1	100	0	0
765	"버스트 강화"	200	23	60	0	0	120000	0	0	0	0	0	0	1	4	286	0	0	0	0	0	0	0	0	0	0	0	0	3	0	0	0	0	0	0	4	387	1	0	0	0	286	1	0	0	295	2	0	0	0	0	0	-1	-1	-1	-1	100	0	0
766	"버스트 마스터리"	200	243	80	0	0	120000	0	0	0	0	0	0	1	4	765	0	0	0	0	0	0	0	0	0	0	0	0	3	0	0	0	0	0	0	5	387	1	0	0	0	287	1	0	0	296	2	0	0	0	0	0	-1	-1	-1	-1	100	0	0
768	"헤이스트 강화"	400	23	0	60	0	120000	0	0	0	0	0	0	1	4	287	0	0	0	0	0	0	0	0	0	0	0	0	3	0	0	0	0	0	0	4	388	1	0	0	0	289	1	0	0	298	2	0	0	0	0	0	-1	-1	-1	-1	100	0	0
769	"헤이스트 마스터리"	400	243	0	80	0	120000	0	0	0	0	0	0	1	4	768	0	0	0	0	0	0	0	0	0	0	0	0	3	0	0	0	0	0	0	5	388	1	0	0	0	290	1	0	0	299	2	0	0	0	0	0	-1	-1	-1	-1	100	0	0
770	"다크니스 강화"	83	174	100	50	5	5000	620	0	0	0	0	0	1	4	289	0	0	0	0	0	0	0	0	0	3	0	0	0	0	0	0	0	0	0	5	389	1	0	0	0	292	1	0	0	302	2	1	0	1	0	11	-1	-1	-1	-1	100	0	0
771	"다크니스 마스터리"	83	175	100	50	5	5000	620	0	0	0	0	0	1	4	770	0	0	0	0	0	0	0	0	0	3	0	0	0	0	0	0	0	0	0	6	389	1	0	0	0	293	1	0	0	303	2	1	0	1	0	11	-1	-1	-1	-1	100	0	0
772	"위크니스 마스터리"	111	177	50	15	8	30000	663	0	0	0	0	0	1	4	459	0	0	0	0	0	0	0	0	0	3	0	0	0	0	0	0	0	0	0	7	147	1	0	0	30	294	2	0	0	304	1	0	2	0	0	11	-1	-1	-1	-1	100	0	0
773	"이너베이션 마스터리"	111	177	50	15	8	30000	663	0	0	0	0	0	1	4	460	0	0	0	0	0	0	0	0	0	3	0	0	0	0	0	0	0	0	0	7	148	1	0	0	30	295	2	0	0	305	1	0	2	0	0	11	-1	-1	-1	-1	100	0	0
774	"익스플로젼 강화"	0	3	35	0	4	500	80	0	0	0	0	6	1	4	223	0	0	0	0	0	0	0	0	0	3	0	0	0	0	0	0	0	0	0	2	391	1	0	0	0	148	0	0	3	0	0	0	2	0	0	0	3	150	-1	-1	100	0	0
775	"레퀴엠 강화"	0	3	60	4	4	800	140	0	0	0	0	6	1	4	224	0	0	0	0	0	0	0	0	0	3	0	0	0	0	0	0	0	0	0	2	392	1	0	0	0	149	0	0	3	0	0	0	2	0	0	0	3	150	-1	-1	100	0	0
776	"펄루션 강화"	0	3	70	8	4	500	542	0	0	0	0	6	1	4	225	0	0	0	0	0	0	0	0	0	3	0	0	0	0	0	0	0	0	0	2	390	1	0	0	0	150	0	0	3	0	0	0	2	0	0	0	3	150	-1	-1	100	0	0
777	"펄루션 숙련"	85	22	70	8	5	500	542	0	0	0	0	6	1	4	776	0	0	0	0	0	0	0	0	0	3	0	0	0	0	0	0	0	0	0	3	390	1	0	0	0	299	0	0	3	0	1	0	2	0	0	11	3	150	-1	-1	125	0	0
778	"펄루션 마스터리"	100	22	70	8	5	500	542	0	0	0	0	6	1	4	777	0	0	0	0	0	0	0	0	0	3	0	0	0	0	0	0	0	0	0	4	390	1	0	0	0	300	0	0	3	0	1	0	2	0	0	11	3	150	-1	-1	125	0	0
779	"소드이너시아 강화"	160	22	7	5	6	0	0	50	100	0	0	6	0	4	292	0	0	0	0	0	0	0	0	0	0	0	0	0	3	0	0	0	0	0	2	375	1	0	0	0	301	0	0	1	0	1	0	0	0	0	2	2	150	-1	-1	100	0	0
780	"소드이너시아 마스터리"	160	0	10	7	7	0	0	50	100	0	0	6	0	4	779	0	0	0	0	0	0	0	0	0	0	0	0	0	3	0	0	0	0	0	3	375	10	0	0	0	302	0	0	1	0	1	0	0	0	0	2	2	150	-1	-1	100	0	0
781	"뱃플로크 강화"	160	22	25	9	6	0	0	100	380	0	0	6	0	4	293	0	0	0	0	0	0	0	0	0	0	0	0	0	3	0	0	0	0	0	6	376	1	0	0	0	303	0	0	1	0	1	0	0	0	0	0	2	150	-1	-1	100	0	0
782	"뱃플로크 마스터리"	160	23	30	12	6	0	0	100	380	0	0	6	0	4	781	0	0	0	0	0	0	0	0	0	0	0	0	0	3	0	0	0	0	0	7	376	10	0	0	0	304	0	0	1	0	1	0	0	0	0	0	2	150	-1	-1	100	0	0
783	"숏 소드 강화"	0	22	0	0	0	0	0	0	0	0	0	0	0	3	0	0	0	0	0	0	0	0	0	0	0	0	0	0	3	0	0	0	0	0	2	377	1	0	0	0	305	0	0	1	0	0	0	0	0	0	0	-1	-1	-1	-1	100	0	0
784	"숏 소드 마스터리"	0	23	0	0	0	0	0	0	0	0	0	0	0	3	0	0	0	0	0	0	0	0	0	0	0	0	0	0	3	0	0	0	0	0	3	377	1	0	0	0	306	0	0	0	0	0	0	0	0	0	0	-1	-1	-1	-1	100	0	0
785	"침묵의 날개 방어 강화"	0	17	0	0	0	0	0	0	0	0	0	0	-1	3	0	0	0	0	0	0	0	0	0	0	0	0	0	0	3	0	0	0	0	0	8	378	1	0	0	0	22	0	0	0	0	0	0	0	0	0	0	-1	-1	-1	-1	100	0	0
786	"침묵의 날개 공격 강화"	0	17	0	0	0	0	0	0	0	0	0	0	-1	3	0	0	0	0	0	0	0	0	0	0	0	0	0	0	3	0	0	0	0	0	9	379	1	0	0	0	24	0	0	0	0	0	0	0	0	0	0	-1	-1	-1	-1	100	0	0
787	"데몰리쉬 강화"	400	23	60	0	0	60000	0	0	1450	0	0	0	1	4	297	0	0	0	0	0	0	0	0	0	0	0	0	0	3	0	0	0	0	0	8	399	1	0	0	0	308	1	0	0	319	0	0	0	0	0	0	-1	-1	-1	-1	100	0	0
788	"데몰리쉬 마스터리"	400	214	80	0	0	60000	0	0	1450	0	0	0	1	4	787	0	0	0	0	0	0	0	0	0	0	0	0	0	3	0	0	0	0	0	9	399	1	0	0	0	309	1	0	0	320	0	0	0	0	0	0	-1	-1	-1	-1	100	0	0
789	"웨폰 마스터리"	0	22	0	0	0	0	0	0	0	0	0	0	-1	3	0	0	0	0	0	0	3	0	0	0	0	0	0	0	3	0	0	0	3	0	4	393	1	0	0	0	35	0	0	0	0	0	0	0	0	0	0	-1	-1	-1	-1	100	0	0
790	"강철 갑옷"	0	35	0	0	0	0	0	0	0	0	0	0	-1	3	0	0	0	0	0	0	0	0	3	0	0	0	0	0	3	0	0	0	0	0	9	394	1	0	0	0	326	0	0	0	0	0	0	0	0	0	0	-1	-1	-1	-1	100	0	0
791	"무기 막기"	0	2	0	0	0	0	0	0	0	0	0	0	-1	3	0	0	0	0	0	0	3	0	0	0	0	0	0	0	3	0	0	0	3	0	8	395	1	0	0	0	324	0	0	0	0	0	0	0	0	0	0	-1	-1	-1	-1	100	0	0
792	"생명력 흡수"	0	22	0	0	0	0	0	0	0	0	0	0	-1	3	0	0	0	0	0	0	0	0	3	0	0	0	0	0	3	0	0	0	0	0	7	396	1	0	0	0	328	0	0	0	0	0	0	0	0	0	0	-1	-1	-1	-1	100	0	0
793	"SD 흡수"	0	3	0	0	0	0	0	0	0	0	0	0	-1	3	0	0	0	0	0	0	3	0	0	0	0	0	0	0	3	0	0	0	3	0	9	397	1	0	0	0	329	0	0	0	0	0	0	0	0	0	0	-1	-1	-1	-1	100	0	0
794	"디텍션 강화"	350	0	100	100	0	5000	0	0	800	0	0	0	-1	4	295	0	0	0	0	0	0	0	0	0	0	0	0	0	3	0	0	0	0	0	8	398	10	0	0	0	307	1	0	0	318	2	1	0	1	0	0	-1	-1	-1	-1	100	0	0
801	"검의분노 강화"	0	226	21	17	0	0	0	1060	0	0	0	0	-1	4	1500	0	0	0	0	0	3	0	0	0	0	0	0	0	0	3	0	0	0	0	2	399	1	0	0	300	312	1	0	0	327	2	0	0	0	0	0	-1	-1	-1	-1	100	0	0
802	"검의분노 마스터리"	0	227	21	17	0	0	0	1060	0	0	0	0	-1	4	1500	0	0	0	0	0	3	0	0	0	0	0	0	0	0	3	0	0	0	0	2	399	10	0	0	300	313	1	0	0	328	2	0	0	0	0	0	-1	-1	-1	-1	100	0	0
803	"견고한가호 강화"	0	228	65	20	0	0	1052	0	0	0	0	0	-1	4	1503	0	0	0	0	0	3	0	0	0	0	0	0	0	0	0	0	0	0	0	3	400	1	0	0	600	314	1	0	0	329	3	0	0	0	0	8	-1	-1	-1	-1	100	0	0
804	"견고한가호 숙련"	0	229	65	20	0	0	1052	0	0	0	0	0	-1	4	803	0	0	0	0	0	3	0	0	0	0	0	0	0	0	0	0	0	0	0	4	400	1	0	0	600	315	1	0	0	330	3	0	0	0	0	8	-1	-1	-1	-1	100	0	0
805	"견고한가호 강화(3)"	0	230	65	20	0	0	1052	0	0	0	0	0	-1	4	804	0	0	0	0	0	3	0	0	0	0	0	0	0	0	0	0	0	0	0	5	400	1	0	0	600	316	1	0	0	331	3	0	0	0	0	8	-1	-1	-1	-1	100	0	0
806	"견고한가호 마스터리"	0	231	65	20	0	0	1052	0	0	0	0	0	-1	4	804	0	0	0	0	0	3	0	0	0	0	0	0	0	0	0	0	0	0	0	5	400	1	0	0	600	317	1	0	0	332	3	0	0	0	0	8	-1	-1	-1	-1	100	0	0
807	"파괴의일격 강화"	0	232	30	24	5	0	0	0	0	0	0	6	-1	4	232	0	0	0	0	0	3	0	0	0	0	0	0	0	0	0	0	0	0	0	6	401	1	0	0	0	310	0	0	1	0	1	0	2	1	0	2	3	150	-1	-1	135	0	0
809	"파괴의일격 마스터리"	0	234	30	24	5	0	0	0	0	0	0	6	-1	4	807	0	0	0	0	0	3	0	0	0	0	0	0	0	0	0	0	0	0	0	7	401	1	0	0	0	311	0	0	1	0	1	0	2	1	0	2	3	150	-1	-1	135	0	0
810	"강인한신념 강화"	0	22	80	25	0	0	1040	0	0	0	0	0	-1	4	1502	0	0	0	0	0	3	0	0	0	0	0	0	0	0	0	0	0	0	0	2	402	1	0	0	300	320	1	0	0	336	2	1	0	1	0	8	-1	-1	-1	-1	100	0	0
811	"회오리베기 강화"	0	40	10	10	2	0	0	0	0	0	0	6	0	4	41	0	0	0	0	0	3	0	0	0	0	0	0	0	0	0	0	0	0	0	2	41	1	0	0	0	30	0	0	1	0	1	1	0	1	0	2	1	40	-1	-1	150	0	0
812	"분노의 일격 강화"	170	22	25	22	3	0	0	0	0	0	0	6	0	4	42	0	0	0	0	0	3	0	0	0	0	0	0	0	0	0	0	0	0	0	2	42	1	0	0	0	31	0	0	1	0	1	0	2	1	0	2	1	150	-1	-1	125	0	0
813	"돌진"	0	178	200	200	7	1000	0	0	0	0	0	6	0	4	0	0	0	0	0	0	3	0	0	0	0	0	0	0	0	0	0	0	0	0	7	279	10	0	0	0	331	0	0	0	0	0	0	0	0	0	0	1	100	-1	-1	150	0	0
814	"에너지 스탯 증가"	0	245	0	0	0	0	0	0	0	0	0	0	-1	3	0	0	0	0	0	0	0	0	0	0	0	0	0	0	0	3	0	0	0	0	7	403	1	0	0	0	17	0	0	0	0	0	0	0	0	0	0	-1	-1	-1	-1	100	0	0
815	"체력 스탯 증가"	0	246	0	0	0	0	0	0	0	0	0	0	-1	3	0	0	0	0	0	0	0	0	0	0	0	0	0	0	0	3	0	0	0	0	7	404	1	0	0	0	18	0	0	0	0	0	0	0	0	0	0	-1	-1	-1	-1	100	0	0
816	"민첩 스탯 증가"	0	247	0	0	0	0	0	0	0	0	0	0	-1	3	0	0	0	0	0	0	0	0	0	0	0	0	0	0	0	3	0	0	0	0	7	405	1	0	0	0	19	0	0	0	0	0	0	0	0	0	0	-1	-1	-1	-1	100	0	0
817	"힘 스탯 증가"	0	248	0	0	0	0	0	0	0	0	0	0	-1	3	0	0	0	0	0	0	0	0	0	0	0	0	0	0	0	3	0	0	0	0	7	406	1	0	0	0	20	0	0	0	0	0	0	0	0	0	0	-1	-1	-1	-1	100	0	0
818	"적중의 날개 방어 강화"	0	249	0	0	0	0	0	0	0	0	0	0	-1	3	0	0	0	0	0	0	0	0	0	0	0	0	0	0	0	3	0	0	0	0	8	407	1	0	0	0	175	0	0	0	0	0	0	0	0	0	0	-1	-1	-1	-1	100	0	0
819	"적중의 날개 공격 강화"	0	250	0	0	0	0	0	0	0	0	0	0	-1	3	0	0	0	0	0	0	0	0	0	0	0	0	0	0	0	3	0	0	0	0	9	408	1	0	0	0	176	0	0	0	0	0	0	0	0	0	0	-1	-1	-1	-1	100	0	0
820	"다크플라즈마 강화"	0	251	22	15	6	5000	0	0	0	0	0	0	0	4	2001	0	0	0	0	0	0	0	0	0	0	0	0	0	0	3	0	0	0	0	5	409	10	0	0	0	332	0	0	2	0	1	0	0	0	0	2	3	80	0	0	105	0	0
821	"다크플라즈마 숙련"	0	252	22	15	6	5000	0	0	0	0	0	0	0	4	820	0	0	0	0	0	0	0	0	0	0	0	0	0	0	3	0	0	0	0	6	409	10	0	0	0	333	0	0	2	0	1	0	0	0	0	2	3	80	0	0	105	0	0
822	"다크플라즈마 마스터리"	0	253	22	15	6	5000	0	0	0	0	0	0	0	4	821	0	0	0	0	0	0	0	0	0	0	0	0	0	0	3	0	0	0	0	7	409	1	0	0	0	334	0	0	2	0	1	0	0	0	0	2	3	80	0	0	105	0	0
823	"아이스브레이크 강화"	0	254	17	8	6	0	295	0	0	0	0	6	0	4	2002	0	0	0	0	0	0	0	0	0	0	0	0	0	0	3	0	0	0	0	2	410	1	0	0	0	335	0	0	2	0	0	0	0	0	0	2	3	80	0	0	105	0	0
824	"아이스브레이크 마스터리"	0	255	17	8	6	0	295	0	0	0	0	6	0	4	823	0	0	0	0	0	0	0	0	0	0	0	0	0	0	3	0	0	0	0	3	410	1	0	0	0	336	0	0	2	0	0	0	0	0	0	2	3	80	0	0	105	0	0
825	"데스파이어 강화"	0	256	8	10	6	0	100	0	0	0	0	6	0	4	2004	0	0	0	0	0	0	0	0	0	0	0	0	0	0	3	0	0	0	0	2	411	1	0	0	0	338	0	0	2	0	0	0	0	0	0	2	3	80	0	0	105	0	0
826	"데스파이어 마스터리"	0	257	8	10	7	0	100	0	0	0	0	6	0	4	825	0	0	0	0	0	0	0	0	0	0	0	0	0	0	3	0	0	0	0	3	411	1	0	0	0	339	0	0	2	0	0	0	0	0	0	2	3	80	0	0	105	0	0
828	"픽스드파이어 강화"	0	285	100	50	0	0	300	0	0	0	0	0	1	4	2021	0	0	0	0	0	0	0	0	0	0	0	0	0	0	3	0	0	0	0	5	415	1	0	0	0	357	1	0	0	381	2	0	0	0	0	2	0	0	0	0	100	0	0
829	"픽스드파이어 마스터리"	0	286	100	50	0	0	300	0	0	0	0	0	1	4	828	0	0	0	0	0	0	0	0	0	0	0	0	0	0	3	0	0	0	0	6	415	1	0	0	0	358	1	0	0	382	2	0	0	0	0	2	0	0	0	0	100	0	0
831	"마력건 강화"	0	262	0	0	0	0	0	0	0	0	0	0	0	3	0	0	0	0	0	0	0	0	0	0	0	0	0	0	0	3	0	0	0	0	2	412	1	0	0	0	343	0	0	0	0	0	0	0	0	0	0	0	0	0	0	105	0	0
832	"마력건 마스터리"	0	263	0	0	0	0	0	0	0	0	0	0	0	3	0	0	0	0	0	0	0	0	0	0	0	0	0	0	0	3	0	0	0	0	3	412	1	0	0	0	344	0	0	0	0	0	0	0	0	0	0	0	0	0	0	105	0	0
835	"데스아이스 강화"	0	269	8	10	6	0	100	0	0	0	0	6	0	4	2006	0	0	0	0	0	0	0	0	0	0	0	0	0	0	3	0	0	0	0	2	413	1	0	0	0	355	0	0	2	0	0	0	0	0	0	2	3	80	0	0	105	0	0
836	"데스아이스 마스터리"	0	270	8	10	7	0	100	0	0	0	0	6	0	4	835	0	0	0	0	0	0	0	0	0	0	0	0	0	0	3	0	0	0	0	3	413	1	0	0	0	356	0	0	2	0	0	0	0	0	0	2	3	80	0	0	105	0	0
837	"광채의 망토 방어 강화"	0	17	0	0	0	0	0	0	0	0	0	0	-1	3	0	0	0	0	0	0	0	0	0	0	0	0	0	0	0	0	3	0	0	0	8	415	1	0	0	0	385	0	0	0	0	0	0	0	0	0	0	-1	-1	-1	-1	100	0	0
838	"광채의 망토 공격 강화"	0	17	0	0	0	0	0	0	0	0	0	0	-1	3	0	0	0	0	0	0	0	0	0	0	0	0	0	0	0	0	3	0	0	0	9	416	1	0	0	0	386	0	0	0	0	0	0	0	0	0	0	-1	-1	-1	-1	100	0	0
839	"강철 갑옷"	0	35	0	0	0	0	0	0	0	0	0	0	-1	3	0	0	0	0	0	0	0	0	0	0	0	0	0	0	0	0	3	0	0	0	9	417	1	0	0	0	326	0	0	0	0	0	0	0	0	0	0	-1	-1	-1	-1	100	0	0
840	"영세의 날개 방어 강화"	0	17	0	0	0	0	0	0	0	0	0	0	-1	3	0	0	0	0	0	0	0	0	0	0	0	0	0	0	0	0	0	3	0	0	8	418	1	0	0	0	75	0	0	0	0	0	0	0	0	0	0	-1	-1	-1	-1	100	0	0
841	"영세의 날개 공격 강화"	0	17	0	0	0	0	0	0	0	0	0	0	-1	3	0	0	0	0	0	0	0	0	0	0	0	0	0	0	0	0	0	3	0	0	9	419	1	0	0	0	77	0	0	0	0	0	0	0	0	0	0	-1	-1	-1	-1	100	0	0
842	"강철 갑옷"	0	35	0	0	0	0	0	0	0	0	0	0	-1	3	0	0	0	0	0	0	0	0	0	0	0	0	0	0	0	0	0	3	0	0	9	420	1	0	0	0	326	0	0	0	0	0	0	0	0	0	0	-1	-1	-1	-1	100	0	0
843	"샤이닝버드 강화"	150	22	20	0	6	0	70	0	0	0	0	6	1	4	241	0	0	0	0	0	0	0	0	0	0	0	0	0	0	0	3	0	0	0	2	421	1	0	0	0	369	0	0	2	0	1	0	0	0	0	0	3	45	-1	-1	190	0	0
844	"샤이닝버드 마스터리"	150	0	30	0	7	0	70	0	0	0	0	6	1	4	843	0	0	0	0	0	0	0	0	0	0	0	0	0	0	0	3	0	0	0	3	421	1	0	0	0	370	0	0	2	0	1	0	0	0	0	0	3	45	-1	-1	190	0	0
845	"매직 마스터리"	50	22	0	0	0	0	0	0	0	0	0	0	-1	3	0	0	0	0	0	0	0	0	0	0	0	0	0	0	0	0	3	0	0	0	4	422	1	0	0	0	86	0	0	2	0	0	0	0	0	0	0	-1	-1	-1	-1	100	0	0
846	"드래곤바이얼런트 강화"	160	22	50	0	6	0	680	0	0	0	0	6	1	4	242	0	0	0	0	0	0	0	0	0	0	0	0	0	0	0	3	0	0	0	6	423	1	0	0	0	371	0	0	2	0	0	0	0	0	0	0	3	60	-1	-1	190	0	0
847	"드래곤바이얼런트 마스터리"	160	0	70	0	7	0	680	0	0	0	0	6	1	4	846	0	0	0	0	0	0	0	0	0	0	0	0	0	0	0	3	0	0	0	7	423	1	0	0	0	372	0	0	2	0	0	0	0	0	0	0	3	60	-1	-1	190	0	0
848	"마블버스트 강화"	140	4	20	0	6	0	104	0	0	0	0	6	1	4	245	0	0	0	0	0	0	0	0	0	0	0	0	0	0	0	0	3	0	0	2	424	1	0	0	0	378	0	0	2	0	0	0	0	0	0	14	3	45	-1	-1	190	0	0
849	"마블버스트 마스터리"	140	0	30	0	6	0	104	0	0	0	0	6	1	4	848	0	0	0	0	0	0	0	0	0	0	0	0	0	0	0	0	3	0	0	3	424	1	0	0	0	379	0	0	2	0	0	0	0	0	0	14	3	45	-1	-1	190	0	0
850	"매직 마스터리"	50	22	0	0	0	0	0	0	0	0	0	0	-1	3	0	0	0	0	0	0	0	0	0	0	0	0	0	0	0	0	0	3	0	0	4	425	1	0	0	0	86	0	0	2	0	0	0	0	0	0	0	-1	-1	-1	-1	100	0	0
851	"초급 방어력향상 강화"	13	271	33	0	6	0	72	0	0	0	0	0	-1	4	2009	0	0	0	0	0	0	0	0	0	0	0	0	0	0	0	0	3	0	0	3	426	1	0	0	0	413	1	0	4	347	4	0	0	0	0	0	-1	-1	-1	-1	100	0	0
852	"초급 방어력향상 마스터리"	13	271	36	0	6	0	72	0	0	0	0	0	-1	4	851	0	0	0	0	0	0	0	0	0	0	0	0	0	0	0	0	3	0	0	4	426	1	0	0	0	414	1	0	4	347	4	0	0	0	0	0	-1	-1	-1	-1	100	0	0
853	"초급 공격력향상 강화"	18	271	44	0	6	0	92	0	0	0	0	0	-1	4	2010	0	0	0	0	0	0	0	0	0	0	0	0	0	0	0	0	3	0	0	4	427	1	0	0	0	415	1	0	4	346	4	0	0	0	0	0	-1	-1	-1	-1	100	0	0
854	"초급 공격력향상 마스터리"	18	271	48	0	6	0	92	0	0	0	0	0	-1	4	853	0	0	0	0	0	0	0	0	0	0	0	0	0	0	0	0	3	0	0	5	427	1	0	0	0	416	1	0	4	346	4	0	0	0	0	0	-1	-1	-1	-1	100	0	0
855	"언리쉬마블 강화"	155	22	65	0	6	10000	700	0	0	0	0	6	1	4	246	0	0	0	0	0	0	0	0	0	0	0	0	0	0	0	0	3	0	0	6	424	1	0	0	0	380	0	0	2	0	1	0	0	0	0	14	3	60	-1	-1	150	0	0
856	"언리쉬마블 마스터리"	155	0	70	0	7	10000	700	0	0	0	0	6	1	4	855	0	0	0	0	0	0	0	0	0	0	0	0	0	0	0	0	3	0	0	7	424	1	0	0	0	381	0	0	2	0	1	0	0	0	0	14	3	60	-1	-1	150	0	0
857	"초급 블레스 강화"	10	272	118	20	6	3000	150	0	0	0	0	0	-1	4	2011	0	0	0	0	0	0	0	0	0	0	0	0	0	0	0	0	3	0	0	8	425	1	0	0	300	417	1	0	4	348	4	0	0	0	0	0	-1	-1	-1	-1	100	0	0
858	"초급 치료 강화"	8	271	22	0	6	0	52	0	0	0	0	0	0	4	2007	0	0	0	0	0	0	0	0	0	0	0	0	0	0	0	0	3	0	0	2	431	1	0	0	0	382	6	0	4	0	4	0	0	0	0	0	-1	-1	-1	-1	100	0	0
859	"매직북 강화"	0	23	0	0	0	0	0	0	0	0	0	0	1	3	0	0	0	0	0	0	0	0	0	0	0	0	0	0	0	0	3	0	0	0	2	426	1	0	0	0	376	0	0	2	0	0	0	0	0	0	0	-1	-1	-1	-1	100	0	0
860	"매직북 마스터리"	0	1	0	0	0	0	0	0	0	0	0	0	1	3	0	0	0	0	0	0	0	0	0	0	0	0	0	0	0	0	3	0	0	0	3	427	1	0	0	0	377	0	0	2	0	0	0	0	0	0	0	-1	-1	-1	-1	100	0	0
861	"리플렉션바리어 강화"	77	7	77	24	6	0	408	0	0	0	0	0	1	4	244	0	0	0	0	0	0	0	0	0	0	0	0	0	0	0	3	0	0	0	4	428	1	0	0	0	373	1	0	0	343	3	0	0	0	0	0	-1	-1	-1	-1	100	0	0
862	"리플렉션바리어 숙련"	77	10	84	26	6	0	408	0	0	0	0	0	1	4	861	0	0	0	0	0	0	0	0	0	0	0	0	0	0	0	3	0	0	0	5	428	1	0	0	0	374	1	0	0	343	3	0	0	0	0	0	-1	-1	-1	-1	100	0	0
863	"리플렉션바리어 마스터리"	77	7	92	28	6	0	408	0	0	0	0	0	1	4	862	0	0	0	0	0	0	0	0	0	0	0	0	0	0	0	3	0	0	0	6	428	1	0	0	0	375	1	0	0	345	3	0	0	0	0	0	-1	-1	-1	-1	100	0	0
864	"오브 강화"	0	22	0	0	0	0	0	0	0	0	0	0	1	3	0	0	0	0	0	0	0	0	0	0	0	0	0	0	0	0	0	3	0	0	2	429	1	0	0	0	423	0	0	2	0	0	0	0	0	0	0	-1	-1	-1	-1	100	0	0
865	"스파이럴차지 강화"	0	275	21	17	0	0	0	900	0	0	0	0	-1	4	2014	0	0	0	0	0	0	0	3	0	0	0	0	0	0	0	0	0	0	0	6	432	1	0	0	300	363	1	0	0	368	2	0	0	0	0	0	-1	-1	-1	-1	100	0	0
866	"스파이럴차지 마스터리"	0	278	21	17	0	0	0	900	0	0	0	0	-1	4	865	0	0	0	0	0	0	0	3	0	0	0	0	0	0	0	0	0	0	0	7	432	10	0	0	300	364	1	0	0	369	2	0	0	0	0	0	-1	-1	-1	-1	100	0	0
867	"크래셔차지 강화"	0	276	21	17	0	0	0	900	0	0	0	0	-1	4	2015	0	0	0	0	0	0	0	3	0	0	0	0	0	0	0	0	0	0	0	6	433	1	0	0	300	365	1	0	0	370	2	0	0	0	0	0	-1	-1	-1	-1	100	0	0
868	"크래셔차지 마스터리"	0	279	21	17	0	0	0	900	0	0	0	0	-1	4	867	0	0	0	0	0	0	0	3	0	0	0	0	0	0	0	0	0	0	0	7	433	10	0	0	300	366	1	0	0	371	2	0	0	0	0	0	-1	-1	-1	-1	100	0	0
869	"엘리멘탈차지 강화"	0	277	65	20	0	0	1073	0	0	0	0	0	-1	4	2016	0	0	0	0	0	0	0	3	0	0	0	0	0	0	0	0	0	0	0	6	434	1	0	0	300	367	1	0	0	372	2	0	0	0	0	0	-1	-1	-1	-1	100	0	0
870	"엘리멘탈차지 마스터리"	0	280	65	20	0	0	1073	0	0	0	0	0	-1	4	869	0	0	0	0	0	0	0	3	0	0	0	0	0	0	0	0	0	0	0	7	434	10	0	0	300	368	1	0	0	373	2	0	0	0	0	0	-1	-1	-1	-1	100	0	0
871	"양손검 강화"	0	281	0	0	0	0	0	0	0	0	0	0	0	3	0	0	0	0	0	0	0	0	3	0	0	0	0	0	0	0	0	0	0	0	2	52	1	0	0	0	48	0	0	1	0	0	0	0	0	0	0	-1	-1	-1	-1	100	0	0
872	"양손지팡이 강화"	0	282	0	0	0	0	0	0	0	0	0	0	0	3	0	0	0	0	0	0	0	0	3	0	0	0	0	0	0	0	0	0	0	0	2	97	1	0	0	0	98	0	0	0	0	0	0	0	0	0	0	-1	-1	-1	-1	100	0	0
873	"양손검 마스터리"	0	283	0	0	0	0	0	0	0	0	0	0	0	3	0	0	0	0	0	0	0	0	3	0	0	0	0	0	0	0	0	0	0	0	3	56	1	0	0	0	52	0	0	1	0	0	0	0	0	0	0	-1	-1	-1	-1	100	0	0
874	"양손지팡이 마스터리"	0	284	0	0	0	0	0	0	0	0	0	0	0	3	0	0	0	0	0	0	0	0	3	0	0	0	0	0	0	0	0	0	0	0	3	100	1	0	0	0	101	0	0	0	0	0	0	0	0	0	0	-1	-1	-1	-1	100	0	0
875	"오브 마스터리"	0	23	0	0	0	0	0	0	0	0	0	0	1	3	0	0	0	0	0	0	0	0	0	0	0	0	0	0	0	0	0	3	0	0	3	430	1	0	0	0	424	0	0	2	0	0	0	0	0	0	0	-1	-1	-1	-1	100	0	0
876	"홀리볼트 강화"	120	41	20	0	6	0	1200	0	0	0	0	6	0	4	2025	0	0	0	0	0	0	3	0	0	0	0	0	0	0	0	0	0	0	0	6	0	1	0	0	0	425	0	0	2	0	0	0	0	0	0	0	3	150	-1	-1	190	0	0
877	"차지슬래시 강화"	25	294	3	0	6	0	0	0	80	0	0	6	0	4	2028	0	0	0	0	0	0	0	0	0	0	0	0	0	0	0	0	0	3	0	2	435	1	0	0	0	431	0	0	1	0	1	0	0	0	0	3	2	100	-1	-1	115	0	0
878	"차지슬래시 마스터리"	25	295	3	0	7	0	0	0	80	0	0	6	0	4	877	0	0	0	0	0	0	0	0	0	0	0	0	0	0	0	0	0	3	0	3	435	1	0	0	0	432	0	0	1	0	1	0	0	0	0	3	2	100	-1	-1	115	0	0
879	"윈드글레이브 강화"	45	296	6	0	5	0	0	0	650	0	0	6	0	4	2029	0	0	0	0	0	0	0	0	0	0	0	0	0	0	0	0	0	3	0	3	436	1	0	0	0	433	0	0	1	0	1	0	0	0	0	3	2	80	-1	-1	100	1	0
880	"윈드글레이브 마스터리"	45	297	6	0	6	0	0	0	650	0	0	6	0	4	879	0	0	0	0	0	0	0	0	0	0	0	0	0	0	0	0	0	3	0	4	436	1	0	0	0	434	0	0	1	0	1	0	0	0	0	3	2	80	-1	-1	100	1	0
881	"블레이드스톰 강화"	160	298	10	10	6	0	0	0	1150	0	0	6	0	4	2030	0	0	0	0	0	0	0	0	0	0	0	0	0	0	0	0	0	3	0	7	437	1	0	0	0	435	0	0	1	0	1	0	0	0	0	3	2	50	-1	-1	190	1	0
882	"블레이드스톰 마스터리"	160	299	10	10	6	0	0	0	1150	0	0	6	0	4	881	0	0	0	0	0	0	0	0	0	0	0	0	0	0	0	0	0	3	0	8	437	1	0	0	0	436	0	0	1	0	1	0	0	0	0	3	2	50	-1	-1	190	1	0
883	"일루전아바타 강화"	100	300	40	0	6	0	0	0	900	0	0	6	0	4	2031	0	0	0	0	0	0	0	0	0	0	0	0	0	0	0	0	0	3	0	5	438	1	0	0	0	426	4	0	1	0	1	0	0	0	0	3	2	80	-1	-1	100	0	0
884	"일루전아바타 마스터리"	100	301	40	0	6	0	0	0	900	0	0	6	0	4	883	0	0	0	0	0	0	0	0	0	0	0	0	0	0	0	0	0	3	0	6	438	1	0	0	0	427	4	0	1	0	1	0	0	0	0	3	2	80	-1	-1	100	0	0
885	"일루전블레이드 강화"	25	302	40	0	0	0	0	0	0	0	0	0	-1	4	2032	0	0	0	0	0	0	0	0	0	0	0	0	0	0	0	0	0	3	0	4	439	0	0	0	0	428	1	0	0	406	2	1	0	1	0	3	-1	-1	-1	-1	100	0	0
886	"일루전블레이드 숙련"	25	303	40	0	0	0	0	0	0	0	0	0	-1	4	885	0	0	0	0	0	0	0	0	0	0	0	0	0	0	0	0	0	3	0	5	439	0	0	0	0	429	1	0	0	407	2	1	0	1	0	3	-1	-1	-1	-1	100	0	0
887	"일루전블레이드 마스터리"	25	304	40	0	0	0	0	0	0	0	0	0	-1	4	886	0	0	0	0	0	0	0	0	0	0	0	0	0	0	0	0	0	3	0	6	439	0	0	0	0	430	1	0	0	408	2	1	0	1	0	3	-1	-1	-1	-1	100	0	0
888	"무기 막기"	0	2	0	0	0	0	0	0	0	0	0	0	-1	3	0	0	0	0	0	0	0	0	0	0	0	0	0	0	0	0	0	0	3	0	8	272	1	0	0	0	324	0	0	0	0	0	0	0	0	0	0	-1	-1	-1	-1	100	0	0
889	"강철 갑옷"	0	35	0	0	0	0	0	0	0	0	0	0	-1	3	0	0	0	0	0	0	0	0	0	0	0	0	0	0	0	0	0	0	3	0	9	420	1	0	0	0	326	0	0	0	0	0	0	0	0	0	0	-1	-1	-1	-1	100	0	0
890	"결사의 망토 방어 강화"	0	17	0	0	0	0	0	0	0	0	0	0	-1	3	0	0	0	0	0	0	0	0	0	0	0	0	0	0	0	0	0	0	3	0	8	23	1	0	0	0	205	0	0	0	0	0	0	0	0	0	0	-1	-1	-1	-1	100	0	0
891	"결사의 망토 공격 강화"	0	17	0	0	0	0	0	0	0	0	0	0	-1	3	0	0	0	0	0	0	0	0	0	0	0	0	0	0	0	0	0	0	3	0	9	35	1	0	0	0	207	0	0	0	0	0	0	0	0	0	0	-1	-1	-1	-1	100	0	0
892	"블레이드 강화"	0	305	0	0	0	0	0	0	0	0	0	0	0	3	0	0	0	0	0	0	0	0	0	0	0	0	0	0	0	0	0	0	3	0	2	440	1	0	0	0	49	0	0	1	0	0	0	0	0	0	0	-1	-1	-1	-1	100	0	0
893	"블레이드 마스터리"	0	306	0	0	0	0	0	0	0	0	0	0	0	3	0	0	0	0	0	0	0	0	0	0	0	0	0	0	0	0	0	0	3	0	3	441	1	0	0	0	53	0	0	0	0	0	0	0	0	0	0	-1	-1	-1	-1	100	0	0
894	"오버스팅 강화"	300	313	25	12	6	0	0	0	1470	0	0	6	0	4	2036	0	0	0	0	0	0	0	0	0	0	0	3	0	0	0	0	0	0	0	7	442	1	0	0	0	164	0	0	1	0	0	0	0	0	0	4	2	80	-1	-1	110	1	0
895	"격노 강화"	66	312	50	40	0	0	0	200	200	0	0	0	-1	4	278	0	0	0	0	0	0	0	0	0	0	0	3	0	0	0	0	0	0	0	4	354	1	0	0	0	408	1	0	0	425	2	0	0	0	0	0	2	-1	-1	-1	100	0	0
896	"와일드브레쉬 강화"	300	315	35	18	6	0	0	1020	0	0	0	6	0	4	2085	0	0	0	0	0	0	0	0	0	0	0	3	0	0	0	0	0	0	0	7	443	1	0	0	0	198	0	0	1	0	1	0	0	0	0	4	1	100	-1	-1	110	1	0
897	"호안의 날개 방어 강화"	0	17	0	0	0	0	0	0	0	0	0	0	-1	3	0	0	0	0	0	0	0	0	0	0	0	0	0	0	0	0	0	0	0	3	8	418	1	0	0	0	75	0	0	0	0	0	0	0	0	0	0	-1	-1	-1	-1	100	0	0
898	"호안의 날개 공격 강화"	0	17	0	0	0	0	0	0	0	0	0	0	-1	3	0	0	0	0	0	0	0	0	0	0	0	0	0	0	0	0	0	0	0	3	9	419	1	0	0	0	77	0	0	0	0	0	0	0	0	0	0	-1	-1	-1	-1	100	0	0
899	"강철 갑옷"	0	35	0	0	0	0	0	0	0	0	0	0	-1	3	0	0	0	0	0	0	0	0	0	0	0	0	0	0	0	0	0	0	0	3	9	420	1	0	0	0	326	0	0	0	0	0	0	0	0	0	0	-1	-1	-1	-1	100	0	0
900	"연성: 엔젤 호문쿨루스 강화"	150	22	20	0	6	0	70	0	0	0	0	6	1	4	2091	0	0	0	0	0	0	0	0	0	0	0	0	0	0	0	0	0	0	3	2	421	1	0	0	0	440	0	0	2	0	1	0	0	0	0	17	3	45	-1	-1	190	0	0
901	"연성: 엔젤 호문쿨루스 마스터리"	150	0	30	0	6	0	70	0	0	0	0	6	1	4	900	0	0	0	0	0	0	0	0	0	0	0	0	0	0	0	0	0	0	3	3	421	10	0	0	0	441	0	0	2	0	1	0	0	0	0	17	3	45	-1	-1	190	0	0
902	"매직 마스터리"	50	22	0	0	0	0	0	0	0	0	0	0	-1	3	0	0	0	0	0	0	0	0	0	0	0	0	0	0	0	0	0	0	0	3	4	422	1	0	0	0	86	0	0	2	0	0	0	0	0	0	0	-1	-1	-1	-1	100	0	0
903	"연성: 이그니션 봄버 강화"	160	22	50	0	6	0	680	0	0	0	0	6	1	4	2092	0	0	0	0	0	0	0	0	0	0	0	0	0	0	0	0	0	0	3	6	423	1	0	0	0	446	0	0	2	0	0	0	0	0	0	17	3	60	-1	-1	190	0	0
904	"연성: 이그니션 봄버 마스터리"	160	0	70	5	7	0	680	0	0	0	0	6	1	4	903	0	0	0	0	0	0	0	0	0	0	0	0	0	0	0	0	0	0	3	7	423	10	0	0	0	447	0	0	2	0	0	0	0	0	0	17	3	60	-1	-1	190	0	0
905	"연성: 컨퓨전 스톤 강화"	77	0	80	50	6	300000	850	0	0	0	0	0	1	4	2090	0	0	0	0	0	0	0	0	0	0	0	0	0	0	0	0	0	0	3	8	431	10	0	0	0	438	1	0	0	443	2	0	0	0	0	17	-1	-1	-1	-1	100	0	0
906	"연성: 컨퓨전 스톤 마스터리"	77	23	100	55	6	300000	850	0	0	0	0	0	1	4	905	0	0	0	0	0	0	0	0	0	0	0	0	0	0	0	0	0	0	3	9	431	1	0	0	0	439	1	0	0	443	2	0	0	0	0	17	-1	-1	-1	-1	100	0	0
907	"완드 강화"	0	22	0	0	0	0	0	0	0	0	0	0	1	3	0	0	0	0	0	0	0	0	0	0	0	0	0	0	0	0	0	0	0	3	2	429	1	0	0	0	321	0	0	2	0	0	0	0	0	0	0	-1	-1	-1	-1	100	0	0
909	"엘릭서 강화"	0	23	0	0	0	0	0	0	0	0	0	0	1	3	0	0	0	0	0	0	0	0	0	0	0	0	0	0	0	0	0	0	0	3	2	430	1	0	0	0	448	0	0	2	0	0	0	0	0	0	0	-1	-1	-1	-1	100	0	0
910	"엘릭서 마스터리"	0	1	0	0	0	0	0	0	0	0	0	0	1	3	0	0	0	0	0	0	0	0	0	0	0	0	0	0	0	0	0	0	0	3	3	430	10	0	0	0	449	0	0	2	0	0	0	0	0	0	0	-1	-1	-1	-1	100	0	0
911	"스피릿블래스트 강화"	160	317	35	16	6	0	0	800	0	620	0	6	0	4	2095	0	0	0	0	0	0	0	0	3	0	0	0	0	0	0	0	0	0	0	4	418	1	0	0	0	437	0	0	1	0	1	0	0	0	0	15	5	50	1	100	130	1	0
912	"크라운포스 강화"	10	318	80	20	0	3000	300	0	0	400	0	0	-1	4	2097	0	0	0	0	0	0	0	0	3	0	0	0	0	0	0	0	0	0	0	8	419	1	0	0	60000	242	1	0	4	427	3	0	0	0	0	0	-1	-1	-1	-1	100	0	0
913	"디바인포스 강화"	10	319	100	0	0	1200000	0	0	0	500	0	0	-1	4	2098	0	0	0	0	0	0	0	0	3	0	0	0	0	0	0	0	0	0	0	6	420	1	0	0	3000	244	1	0	4	428	3	0	0	0	0	15	-1	-1	-1	-1	100	0	0
914	"디바인아우라 강화"	10	320	100	0	0	1200000	0	0	0	500	0	0	-1	4	2099	0	0	0	0	0	0	0	0	3	0	0	0	0	0	0	0	0	0	0	6	421	1	0	0	3000	245	1	0	4	429	3	0	0	0	0	16	-1	-1	-1	-1	100	0	0
915	"배틀글로리 강화"	66	323	50	40	0	0	0	200	0	200	0	0	-1	4	2100	0	0	0	0	0	0	0	0	3	0	0	0	0	0	0	0	0	0	0	5	422	1	0	0	0	225	1	0	0	437	2	0	0	0	0	0	-1	-1	-1	-1	100	0	0
916	"루닉스피어 강화"	150	22	35	0	7	0	600	0	0	0	0	6	1	4	2101	0	0	0	0	0	0	0	0	0	0	0	0	3	0	0	0	0	0	0	2	444	1	0	0	0	418	0	0	2	0	0	0	0	0	0	9	3	100	-1	-1	120	0	0
1001	"스킬데미지증가"	0	0	0	0	0	0	0	0	0	0	0	0	-1	7	0	0	0	0	0	4	4	4	4	4	4	4	4	4	4	4	4	4	4	4	0	0	1	0	0	0	0	0	0	0	0	0	0	0	0	0	0	-1	-1	-1	-1	100	0	0
1002	"데미지개수증가+1"	0	0	0	0	0	0	0	0	0	0	0	0	-1	7	0	0	0	0	0	4	4	4	4	4	4	4	4	4	4	4	4	4	4	4	0	0	1	0	0	0	1	0	0	0	0	0	0	0	0	0	0	-1	-1	-1	-1	100	0	0
1003	"데미지개수증가+2"	0	0	0	0	0	0	0	0	0	0	0	0	-1	7	0	0	0	0	0	4	4	4	4	4	4	4	4	4	4	4	4	4	4	4	0	0	1	0	0	0	2	0	0	0	0	0	0	0	0	0	0	-1	-1	-1	-1	100	0	0
1004	"데미지개수증가+3"	0	0	0	0	0	0	0	0	0	0	0	0	-1	7	0	0	0	0	0	4	4	4	4	4	4	4	4	4	4	4	4	4	4	4	0	0	1	0	0	0	3	0	0	0	0	0	0	0	0	0	0	-1	-1	-1	-1	100	0	0
1005	"데미지개수증가+4"	0	0	0	0	0	0	0	0	0	0	0	0	-1	7	0	0	0	0	0	4	4	4	4	4	4	4	4	4	4	4	4	4	4	4	0	0	1	0	0	0	4	0	0	0	0	0	0	0	0	0	0	-1	-1	-1	-1	100	0	0
1006	"데미지개수증가+2"	0	0	0	0	0	0	0	0	0	0	0	0	-1	7	0	0	0	0	0	4	4	4	4	4	4	4	4	4	4	4	4	4	4	4	0	0	1	0	0	0	5	0	0	0	0	0	0	0	0	0	0	-1	-1	-1	-1	100	0	0
1007	"추가데미지확률증가"	0	0	0	0	0	0	0	0	0	0	0	0	-1	7	0	0	0	0	0	4	4	4	4	4	4	4	4	4	4	4	4	4	4	4	0	0	1	0	0	0	6	0	0	0	0	0	0	0	0	0	0	-1	-1	-1	-1	100	0	0
1008	"공격속도증가"	0	0	0	0	0	0	0	0	0	0	0	0	-1	7	0	0	0	0	0	4	4	4	4	4	4	4	4	4	4	4	4	4	4	4	0	0	1	0	0	0	16	0	0	0	0	0	0	0	0	0	0	-1	-1	-1	-1	100	0	0
1009	"범위증가"	0	0	0	0	0	0	0	0	0	0	0	0	-1	7	0	0	0	0	0	4	4	4	4	4	4	4	4	4	4	4	4	4	4	4	0	0	1	0	0	0	12	0	0	0	0	0	0	0	0	0	0	-1	-1	-1	-1	100	0	0
1010	"스플래쉬데미지추가"	0	0	0	0	0	0	0	0	0	0	0	0	-1	7	0	0	0	0	0	4	4	4	4	4	4	4	4	4	4	4	4	4	4	4	0	0	1	0	0	0	13	0	0	0	0	0	0	0	0	0	0	-1	-1	-1	-1	100	0	0
1011	"사용거리증가"	0	0	0	0	0	0	0	0	0	0	0	0	-1	7	0	0	0	0	0	4	4	4	4	4	4	4	4	4	4	4	4	4	4	4	0	0	1	0	0	0	14	0	0	0	0	0	0	0	0	0	0	-1	-1	-1	-1	100	0	0
1012	"타겟증가"	0	0	0	0	0	0	0	0	0	0	0	0	-1	7	0	0	0	0	0	4	4	4	4	4	4	4	4	4	4	4	4	4	4	4	0	0	1	0	0	0	15	0	0	0	0	0	0	0	0	0	0	-1	-1	-1	-1	100	0	0
1013	"버프시너지효과"	0	0	0	0	0	0	0	0	0	0	0	0	-1	7	0	0	0	0	0	4	4	4	4	4	4	4	4	4	4	4	4	4	4	4	0	0	1	0	0	0	16	0	0	0	0	0	0	0	0	0	0	-1	-1	-1	-1	100	0	0
1014	"버프시너지효과"	0	0	0	0	0	0	0	0	0	0	0	0	-1	7	0	0	0	0	0	4	4	4	4	4	4	4	4	4	4	4	4	4	4	4	0	0	1	0	0	0	17	0	0	0	0	0	0	0	0	0	0	-1	-1	-1	-1	100	0	0
1015	"스킬지속시간증가"	0	0	0	0	0	0	0	0	0	0	0	0	-1	7	0	0	0	0	0	4	4	4	4	4	4	4	4	4	4	4	4	4	4	4	0	0	1	0	0	0	18	0	0	0	0	0	0	0	0	0	0	-1	-1	-1	-1	100	0	0
1016	"아이언디펜스(스킬배움)"	0	3	70	31	0	30000	0	0	0	0	0	0	-1	7	0	0	0	0	0	4	4	4	4	4	4	4	4	4	4	4	4	4	4	4	0	0	1	0	0	0	19	0	0	0	0	0	0	0	0	0	0	-1	-1	-1	-1	100	0	0
1017	"아이언디펜스강화"	0	3	70	31	0	30000	0	0	0	0	0	0	-1	7	0	0	0	0	0	4	4	4	4	4	4	4	4	4	4	4	4	4	4	4	0	0	1	0	0	0	20	0	0	0	0	0	0	0	0	0	0	-1	-1	-1	-1	100	0	0
1018	"재사용시간감소"	0	0	0	0	0	0	0	0	0	0	0	0	-1	7	0	0	0	0	0	4	4	4	4	4	4	4	4	4	4	4	4	4	4	4	0	0	1	0	0	0	21	0	0	0	0	0	0	0	0	0	0	-1	-1	-1	-1	100	0	0
1019	"재사용시간제거"	0	0	0	0	0	0	0	0	0	0	0	0	-1	7	0	0	0	0	0	4	4	4	4	4	4	4	4	4	4	4	4	4	4	4	0	0	1	0	0	0	22	0	0	0	0	0	0	0	0	0	0	-1	-1	-1	-1	100	0	0
1020	"무기공격력증가"	0	0	0	0	0	0	0	0	0	0	0	0	-1	7	0	0	0	0	0	4	4	4	4	4	4	4	4	4	4	4	4	4	4	4	0	0	1	0	0	0	23	0	0	0	0	0	0	0	0	0	0	-1	-1	-1	-1	100	0	0
1021	"무기마력증가"	0	0	0	0	0	0	0	0	0	0	0	0	-1	7	0	0	0	0	0	4	4	4	4	4	4	4	4	4	4	4	4	4	4	4	0	0	1	0	0	0	24	0	0	0	0	0	0	0	0	0	0	-1	-1	-1	-1	100	0	0
1022	"관통효과추가"	0	0	0	0	0	0	0	0	0	0	0	0	-1	7	0	0	0	0	0	4	4	4	4	4	4	4	4	4	4	4	4	4	4	4	0	0	1	0	0	0	25	0	0	0	0	0	0	0	0	0	0	-1	-1	-1	-1	100	0	0
1023	"화살발사체추가"	0	0	0	0	0	0	0	0	0	0	0	0	-1	7	0	0	0	0	0	4	4	4	4	4	4	4	4	4	4	4	4	4	4	4	0	0	1	0	0	0	26	0	0	0	0	0	0	0	0	0	0	-1	-1	-1	-1	100	0	0
1024	"맹독 마법진 생성 확률증가"	0	151	0	0	0	0	0	0	0	0	0	0	-1	7	0	0	0	0	0	4	4	4	4	4	4	4	4	4	4	4	4	4	4	4	0	0	1	0	0	0	27	1	0	0	0	0	0	0	0	0	0	-1	-1	-1	-1	100	0	0
1025	"빙결 마법진 생성 확률증가"	0	0	0	0	0	0	0	0	0	0	0	0	-1	7	0	0	0	0	0	4	4	4	4	4	4	4	4	4	4	4	4	4	4	4	0	0	1	0	0	0	28	1	0	0	0	0	0	0	0	0	0	-1	-1	-1	-1	100	0	0
1026	"출혈 마법진 생성 확률증가"	0	0	0	0	0	0	0	0	0	0	0	0	-1	7	0	0	0	0	0	4	4	4	4	4	4	4	4	4	4	4	4	4	4	4	0	0	1	0	0	0	29	1	0	0	0	0	0	0	0	0	0	-1	-1	-1	-1	100	0	0
1028	"맹독 데미지 증가"	0	0	0	0	0	0	0	0	0	0	0	0	-1	9	0	0	0	0	0	4	4	4	4	4	4	4	4	4	4	4	4	4	4	4	0	0	1	0	0	0	35	1	0	0	0	0	0	0	0	0	0	-1	-1	-1	-1	100	0	0
1029	"빙결 효과 증가"	0	0	0	0	0	0	0	0	0	0	0	0	-1	9	0	0	0	0	0	4	4	4	4	4	4	4	4	4	4	4	4	4	4	4	0	0	1	0	0	0	37	1	0	0	0	0	0	0	0	0	0	-1	-1	-1	-1	100	0	0
1030	"출혈 데미지 증가"	0	0	0	0	0	0	0	0	0	0	0	0	-1	9	0	0	0	0	0	4	4	4	4	4	4	4	4	4	4	4	4	4	4	4	0	0	1	0	0	0	36	1	0	0	0	0	0	0	0	0	0	-1	-1	-1	-1	100	0	0
1032	"맹독 마법진 지속시간 증가"	0	0	0	0	0	0	0	0	0	0	0	0	-1	9	0	0	0	0	0	4	4	4	4	4	4	4	4	4	4	4	4	4	4	4	0	0	1	0	0	0	39	1	0	0	0	0	0	0	0	0	0	-1	-1	-1	-1	100	0	0
1033	"빙결 마법진 지속시간 증가"	0	0	0	0	0	0	0	0	0	0	0	0	-1	9	0	0	0	0	0	4	4	4	4	4	4	4	4	4	4	4	4	4	4	4	0	0	1	0	0	0	41	1	0	0	0	0	0	0	0	0	0	-1	-1	-1	-1	100	0	0
1034	"출혈 마법진 지속시간 증가"	0	0	0	0	0	0	0	0	0	0	0	0	-1	9	0	0	0	0	0	4	4	4	4	4	4	4	4	4	4	4	4	4	4	4	0	0	1	0	0	0	40	1	0	0	0	0	0	0	0	0	0	-1	-1	-1	-1	100	0	0
1036	"중독 데미지 증가"	0	0	0	0	0	0	0	0	0	0	0	0	-1	9	0	0	0	0	0	4	4	4	4	4	4	4	4	4	4	4	4	4	4	4	0	0	1	0	0	0	43	1	0	0	0	0	0	0	0	0	0	-1	-1	-1	-1	100	0	0
1037	"동결효과증가"	0	0	0	0	0	0	0	0	0	0	0	0	-1	9	0	0	0	0	0	4	4	4	4	4	4	4	4	4	4	4	4	4	4	4	0	0	1	0	0	0	44	1	0	0	0	0	0	0	0	0	0	-1	-1	-1	-1	100	0	0
1038	"과다출혈 데미지 증가"	0	0	0	0	0	0	0	0	0	0	0	0	-1	9	0	0	0	0	0	4	4	4	4	4	4	4	4	4	4	4	4	4	4	4	0	0	1	0	0	0	45	1	0	0	0	0	0	0	0	0	0	-1	-1	-1	-1	100	0	0
1040	"맹독 마법진 중독 효과 추가"	0	0	0	0	0	0	0	0	0	0	0	0	-1	7	0	0	0	0	0	4	4	4	4	4	4	4	4	4	4	4	4	4	4	4	0	0	1	0	0	0	47	1	0	0	0	0	0	0	0	0	0	-1	-1	-1	-1	100	0	0
1041	"빙결 마법진 동결 효과 추가"	0	0	0	0	0	0	0	0	0	0	0	0	-1	7	0	0	0	0	0	4	4	4	4	4	4	4	4	4	4	4	4	4	4	4	0	0	1	0	0	0	49	1	0	0	0	0	0	0	0	0	0	-1	-1	-1	-1	100	0	0
1042	"출혈 마법진 과다출혈 효과 추가"	0	0	0	0	0	0	0	0	0	0	0	0	-1	7	0	0	0	0	0	4	4	4	4	4	4	4	4	4	4	4	4	4	4	4	0	0	1	0	0	0	48	1	0	0	0	0	0	0	0	0	0	-1	-1	-1	-1	100	0	0
1046	"맹독 마법진 확률 추가 증가"	0	0	0	0	0	0	0	0	0	0	0	0	-1	9	0	0	0	0	0	4	4	4	4	4	4	4	4	4	4	4	4	4	4	4	0	0	1	0	0	0	31	1	0	0	0	0	0	0	0	0	0	-1	-1	-1	-1	100	0	0
1047	"빙결 마법진 확률 추가 증가"	0	0	0	0	0	0	0	0	0	0	0	0	-1	9	0	0	0	0	0	4	4	4	4	4	4	4	4	4	4	4	4	4	4	4	0	0	1	0	0	0	32	1	0	0	0	0	0	0	0	0	0	-1	-1	-1	-1	100	0	0
1048	"출혈 마법진 확률 추가 증가"	0	0	0	0	0	0	0	0	0	0	0	0	-1	9	0	0	0	0	0	4	4	4	4	4	4	4	4	4	4	4	4	4	4	4	0	0	1	0	0	0	33	1	0	0	0	0	0	0	0	0	0	-1	-1	-1	-1	100	0	0
1050	"맹독 데미지 추가 증가"	0	0	0	0	0	0	0	0	0	0	0	0	-1	9	0	0	0	0	0	4	4	4	4	4	4	4	4	4	4	4	4	4	4	4	0	0	1	0	0	0	35	1	0	0	0	0	0	0	0	0	0	-1	-1	-1	-1	100	0	0
1051	"빙결 효과 추가 증가"	0	0	0	0	0	0	0	0	0	0	0	0	-1	9	0	0	0	0	0	4	4	4	4	4	4	4	4	4	4	4	4	4	4	4	0	0	1	0	0	0	37	1	0	0	0	0	0	0	0	0	0	-1	-1	-1	-1	100	0	0
1052	"출혈 데미지 추가 증가"	0	0	0	0	0	0	0	0	0	0	0	0	-1	9	0	0	0	0	0	4	4	4	4	4	4	4	4	4	4	4	4	4	4	4	0	0	1	0	0	0	36	1	0	0	0	0	0	0	0	0	0	-1	-1	-1	-1	100	0	0
1054	"맹독 마법진 지속시간 증가"	0	0	0	0	0	0	0	0	0	0	0	0	-1	9	0	0	0	0	0	4	4	4	4	4	4	4	4	4	4	4	4	4	4	4	0	0	1	0	0	0	39	1	0	0	0	0	0	0	0	0	0	-1	-1	-1	-1	100	0	0
1055	"빙결 마법진 지속시간 증가"	0	0	0	0	0	0	0	0	0	0	0	0	-1	9	0	0	0	0	0	4	4	4	4	4	4	4	4	4	4	4	4	4	4	4	0	0	1	0	0	0	41	1	0	0	0	0	0	0	0	0	0	-1	-1	-1	-1	100	0	0
1056	"출혈 마법진 지속시간 증가"	0	0	0	0	0	0	0	0	0	0	0	0	-1	9	0	0	0	0	0	4	4	4	4	4	4	4	4	4	4	4	4	4	4	4	0	0	1	0	0	0	40	1	0	0	0	0	0	0	0	0	0	-1	-1	-1	-1	100	0	0
1058	"중독 데미지 추가 증가"	0	0	0	0	0	0	0	0	0	0	0	0	-1	9	0	0	0	0	0	4	4	4	4	4	4	4	4	4	4	4	4	4	4	4	0	0	1	0	0	0	43	1	0	0	0	0	0	0	0	0	0	-1	-1	-1	-1	100	0	0
1059	"동결 효과 추가 증가"	0	0	0	0	0	0	0	0	0	0	0	0	-1	9	0	0	0	0	0	4	4	4	4	4	4	4	4	4	4	4	4	4	4	4	0	0	1	0	0	0	44	1	0	0	0	0	0	0	0	0	0	-1	-1	-1	-1	100	0	0
1060	"과다출혈 데미지 추가 증가"	0	0	0	0	0	0	0	0	0	0	0	0	-1	9	0	0	0	0	0	4	4	4	4	4	4	4	4	4	4	4	4	4	4	4	0	0	1	0	0	0	45	1	0	0	0	0	0	0	0	0	0	-1	-1	-1	-1	100	0	0
1062	"맹독업그레이드(중독)"	0	0	0	0	0	0	0	0	0	0	0	0	-1	9	0	0	0	0	0	4	4	4	4	4	4	4	4	4	4	4	4	4	4	4	0	0	1	0	0	0	47	1	0	0	0	0	0	0	0	0	0	-1	-1	-1	-1	100	0	0
1063	"빙결업그레이드(동결)"	0	0	0	0	0	0	0	0	0	0	0	0	-1	9	0	0	0	0	0	4	4	4	4	4	4	4	4	4	4	4	4	4	4	4	0	0	1	0	0	0	49	1	0	0	0	0	0	0	0	0	0	-1	-1	-1	-1	100	0	0
1064	"출혈업그레이드(과다출혈)"	0	0	0	0	0	0	0	0	0	0	0	0	-1	9	0	0	0	0	0	4	4	4	4	4	4	4	4	4	4	4	4	4	4	4	0	0	1	0	0	0	48	1	0	0	0	0	0	0	0	0	0	-1	-1	-1	-1	100	0	0
1069	"분노의일격 강화 스킬"	170	60	25	22	3	0	0	0	0	0	0	6	0	8	331	0	0	0	0	0	4	0	0	0	0	0	0	0	0	4	0	0	0	0	0	0	1	0	0	0	54	0	0	1	0	1	0	2	1	0	2	1	150	-1	-1	125	0	0
1071	"블로우 강화 스킬"	160	22	17	18	4	0	0	0	0	0	0	6	0	8	339	0	0	0	0	0	4	0	0	0	0	0	0	0	0	4	0	0	0	0	0	0	1	0	0	0	56	0	0	0	0	0	0	0	0	0	2	1	150	-1	-1	105	0	0
1072	"파이어블로우 강화 스킬"	160	120	17	17	5	0	0	100	0	0	0	6	0	8	723	0	0	0	0	0	4	0	0	0	0	0	0	0	0	4	0	0	0	0	0	0	1	0	0	0	57	0	0	1	0	0	0	0	0	0	2	1	150	-1	-1	105	1	0
1075	"메테오스트라이크 강화 스킬"	160	100	92	17	7	0	1073	0	0	0	0	6	1	8	724	0	0	0	0	4	0	0	0	0	0	0	0	0	0	0	0	0	0	0	0	0	1	0	0	0	60	0	0	2	0	0	0	0	0	0	0	3	170	-1	-1	110	1	0
1076	"메테오스톰 강화 스킬"	160	105	105	20	6	500	1160	0	0	0	0	6	1	8	725	0	0	0	0	4	0	0	0	0	0	0	0	0	0	0	0	0	0	0	0	0	1	0	0	0	61	0	0	2	0	1	0	0	0	0	0	3	200	-1	-1	130	0	0
1078	"악령 강화 스킬"	50	45	108	7	6	0	220	0	0	0	0	6	1	8	385	0	0	0	0	4	0	0	4	0	0	0	0	0	0	0	0	0	0	0	0	0	1	0	0	0	63	0	0	2	0	1	0	0	0	0	0	3	150	-1	-1	110	0	0
1081	"다발 강화 스킬"	0	0	9	4	6	0	0	0	0	0	0	6	0	8	418	0	0	0	0	0	0	4	0	0	0	0	0	0	0	0	0	0	0	0	0	0	1	0	0	0	66	0	1	0	0	1	0	0	0	0	5	2	100	-1	-1	160	0	0
1083	"멀티샷 강화 스킬"	100	22	11	7	6	0	0	0	0	0	0	6	0	8	411	0	0	0	0	0	0	4	0	0	0	0	0	0	0	0	0	0	0	0	0	0	1	0	0	0	68	0	0	1	0	1	0	0	0	0	5	2	100	-1	-1	105	0	0
1085	"포커스샷 강화 스킬"	160	110	12	9	7	0	0	0	1302	0	0	6	0	8	727	0	0	0	0	0	0	4	0	0	0	0	0	0	0	0	0	0	0	0	0	0	1	0	0	0	70	0	0	1	0	0	0	0	0	0	5	2	100	-1	-1	130	1	0
1087	"기간틱스톰 강화 스킬"	220	110	110	11	6	0	1058	0	0	0	0	6	1	8	496	0	0	0	0	0	0	0	4	0	0	0	0	0	0	0	0	0	0	0	0	0	1	0	0	0	72	0	0	2	0	1	0	2	0	0	0	3	250	-1	-1	115	0	0
1088	"악령 강화 스킬"	50	45	108	7	6	0	220	0	0	0	0	6	1	8	487	0	0	0	0	0	0	0	4	0	0	0	0	0	0	0	0	0	0	0	0	0	1	0	0	0	73	0	0	2	0	1	0	0	0	0	0	3	150	-1	-1	110	0	0
1089	"다크블래스트 강화 스킬"	160	120	92	17	7	0	1073	0	0	0	0	6	1	8	733	0	0	0	0	0	0	0	4	0	0	0	0	0	0	0	0	0	0	0	0	0	1	0	0	0	74	0	0	2	0	0	0	0	0	0	0	3	170	-1	-1	110	1	0
1092	"블러드어택 강화 스킬"	0	80	15	12	3	0	0	596	0	0	0	6	-1	8	493	0	0	0	0	0	0	0	4	0	0	0	0	0	0	0	0	0	0	0	0	0	1	0	0	0	77	0	0	1	0	1	0	2	0	0	2	1	150	-1	-1	105	0	0
1094	"파이어블러드 강화 스킬"	160	330	19	14	3	0	0	900	0	0	0	6	0	8	732	0	0	0	0	0	0	0	4	0	0	0	0	0	0	0	0	0	0	0	0	0	1	0	0	0	79	0	0	1	0	0	0	0	0	0	2	1	750	-1	-1	105	1	0
1095	"아이스블러드 강화 스킬"	160	330	19	14	3	0	0	900	0	0	0	6	0	8	731	0	0	0	0	0	0	0	4	0	0	0	0	0	0	0	0	0	0	0	0	0	1	0	0	0	80	0	0	1	0	0	0	0	0	0	2	1	750	-1	-1	105	1	0
1096	"파이어 버스트 강화 스킬"	74	150	20	8	6	0	79	0	0	0	0	6	1	8	508	0	0	0	0	0	0	0	0	4	0	0	0	0	0	0	0	0	0	0	0	0	1	0	0	0	81	0	0	1	0	0	0	0	0	0	0	1	80	-1	-1	135	0	0
1098	"카오틱디세이어 강화 스킬"	100	220	22	11	6	0	84	0	0	0	0	6	1	8	523	0	0	0	0	0	0	0	0	4	0	0	0	0	0	0	0	0	0	0	0	0	1	0	0	0	83	0	0	1	0	1	0	2	0	0	0	1	80	-1	-1	130	1	0
1099	"윈드소울 강화 스킬"	160	130	38	19	6	0	0	717	0	0	0	6	0	8	737	0	0	0	0	0	0	0	0	4	0	0	0	0	0	0	0	0	0	0	0	0	1	0	0	0	84	0	0	1	0	0	0	0	0	0	2	1	100	-1	-1	120	1	0
1102	"파이어비스트 강화 스킬"	160	100	95	11	7	500	1220	0	0	0	0	6	1	8	729	0	0	0	0	0	0	0	0	0	4	0	0	0	0	0	0	0	0	0	0	0	1	0	0	0	87	0	0	2	0	0	0	0	0	0	0	3	170	-1	-1	105	1	0
1103	"라이트닝쇼크 강화 스킬"	93	95	105	10	6	0	823	0	0	0	0	6	1	8	456	0	0	0	0	0	0	0	0	0	4	0	0	0	0	0	0	0	0	0	0	0	1	0	0	0	88	0	0	2	0	1	0	2	0	0	0	3	200	-1	-1	105	0	0
1105	"아쿠아비스트 강화 스킬"	160	100	95	11	7	500	1220	0	0	0	0	6	1	8	730	0	0	0	0	0	0	0	0	0	4	0	0	0	0	0	0	0	0	0	0	0	1	0	0	0	90	0	0	2	0	0	0	0	0	0	0	3	170	-1	-1	105	1	0
1111	"드래곤로어 강화 스킬"	150	0	42	17	3	700	0	0	0	0	0	6	1	8	560	0	0	0	0	0	0	0	0	0	0	4	0	0	0	0	0	0	0	0	0	0	1	0	0	0	96	0	0	1	0	0	0	1	0	0	7	-1	-1	-1	-1	100	0	0
1112	"체인드라이브 강화 스킬"	150	0	22	18	4	700	0	0	0	0	0	6	1	8	558	0	0	0	0	0	0	0	0	0	0	4	0	0	0	0	0	0	0	0	0	0	1	0	0	0	97	0	0	1	0	0	0	1	0	0	7	-1	-1	-1	-1	105	0	0
1113	"다크사이드 강화 스킬"	180	0	92	7	6	0	0	0	0	0	0	6	1	8	563	0	0	0	0	0	0	0	0	0	0	4	0	0	0	0	0	0	0	0	0	0	1	0	0	0	98	0	0	1	0	1	0	0	0	0	0	2	100	-1	-1	115	0	0
1117	"매직핀 강화 스킬"	30	80	23	15	2	500	0	200	200	0	0	6	-1	8	695	0	0	0	0	0	0	0	0	0	0	0	4	0	0	0	0	0	0	0	0	0	1	0	0	0	102	0	0	0	0	0	0	0	0	0	4	2	100	-1	-1	100	0	0
1118	"브레쉬 강화 스킬"	300	230	20	12	6	0	0	300	300	0	0	6	-1	8	698	0	0	0	0	0	0	0	0	0	0	0	4	0	0	0	0	0	0	0	0	0	1	0	0	0	103	0	0	0	0	1	0	0	0	0	4	1	100	-1	-1	110	0	0
1119	"샤이닝픽 강화 스킬"	92	50	15	12	4	0	0	600	0	0	0	6	-1	8	699	0	0	0	0	0	0	0	0	0	0	0	4	0	0	0	0	0	0	0	0	0	1	0	0	0	104	0	0	1	0	0	0	0	0	0	4	1	1	1	5	110	0	0
1125	"포이즌스톰"	0	25000	40	30	6	1000	0	0	0	0	0	0	-1	8	0	0	0	0	0	4	4	4	4	4	4	4	4	4	4	4	4	4	4	4	0	0	1	0	0	0	110	0	0	1	0	0	0	0	0	0	0	-1	-1	-1	-1	100	0	0
1126	"프로즌슬레어"	0	25000	40	30	6	1000	0	0	0	0	0	0	-1	8	0	0	0	0	0	4	4	4	4	4	4	4	4	4	4	4	4	4	4	4	0	0	1	0	0	0	111	0	0	1	0	0	0	0	0	0	0	-1	-1	-1	-1	100	0	0
1127	"블러딩히트"	0	25000	40	30	6	1000	0	0	0	0	0	0	-1	8	0	0	0	0	0	4	4	4	4	4	4	4	4	4	4	4	4	4	4	4	0	0	1	0	0	0	112	0	0	1	0	0	0	0	0	0	0	-1	-1	-1	-1	100	0	0
1129	"포이즌스톰 데미지 강화"	0	100	40	30	6	1000	0	0	0	0	0	0	-1	8	1199	0	0	0	0	4	4	4	4	4	4	4	4	4	4	4	4	4	4	4	0	0	1	0	0	0	114	0	0	1	0	0	0	0	0	0	0	-1	-1	-1	-1	100	0	0
1130	"프로즌슬레어 데미지 강화"	0	100	40	30	6	1000	0	0	0	0	0	0	-1	8	1200	0	0	0	0	4	4	4	4	4	4	4	4	4	4	4	4	4	4	4	0	0	1	0	0	0	115	0	0	1	0	0	0	0	0	0	0	-1	-1	-1	-1	100	0	0
1131	"블러딩히트 데미지 강화"	0	100	40	30	6	1000	0	0	0	0	0	0	-1	8	1201	0	0	0	0	4	4	4	4	4	4	4	4	4	4	4	4	4	4	4	0	0	1	0	0	0	116	0	0	1	0	0	0	0	0	0	0	-1	-1	-1	-1	100	0	0
1133	"포이즌스톰 폭발 감염효과"	0	100	40	30	6	1000	0	0	0	0	0	0	-1	8	1129	0	0	0	0	4	4	4	4	4	4	4	4	4	4	4	4	4	4	4	0	0	1	0	0	0	118	0	0	1	0	0	0	0	0	0	0	-1	-1	-1	-1	100	0	0
1134	"프로즌슬레어 폭발 감염효과"	0	100	40	30	6	1000	0	0	0	0	0	0	-1	8	1130	0	0	0	0	4	4	4	4	4	4	4	4	4	4	4	4	4	4	4	0	0	1	0	0	0	119	0	0	1	0	0	0	0	0	0	0	-1	-1	-1	-1	100	0	0
1135	"블러딩히트 폭발 감염효과"	0	100	40	30	6	1000	0	0	0	0	0	0	-1	8	1131	0	0	0	0	4	4	4	4	4	4	4	4	4	4	4	4	4	4	4	0	0	1	0	0	0	120	0	0	1	0	0	0	0	0	0	0	-1	-1	-1	-1	100	0	0
1137	"최대생명력증가"	0	0	0	0	0	0	0	0	0	0	0	0	-1	10	0	0	0	0	0	4	4	4	4	4	4	4	4	4	4	4	4	4	4	4	0	0	1	0	0	0	123	1	0	0	282	0	0	0	0	0	0	-1	-1	-1	-1	100	0	0
1138	"4차스탯"	0	0	0	0	0	0	0	0	0	0	0	0	-1	10	0	0	0	0	0	4	4	4	4	4	4	4	4	4	4	4	4	4	4	4	0	0	1	0	0	0	122	1	0	0	283	0	0	0	0	0	0	-1	-1	-1	-1	100	0	0
1139	"기본방어력증가"	0	0	0	0	0	0	0	0	0	0	0	0	-1	10	0	0	0	0	0	4	4	4	4	4	4	4	4	4	4	4	4	4	4	4	0	0	1	0	0	0	124	1	0	0	284	0	0	0	0	0	0	-1	-1	-1	-1	100	0	0
1140	"4차 날개/망토 방어력 증가"	0	0	0	0	0	0	0	0	0	0	0	0	-1	10	0	0	0	0	0	4	4	4	4	4	4	4	4	4	4	4	4	4	4	4	0	0	1	0	0	0	223	1	0	0	285	0	0	0	0	0	0	-1	-1	-1	-1	100	0	0
1141	"공격력 증가"	0	0	0	0	0	0	0	0	0	0	0	0	-1	11	0	0	0	0	0	4	4	4	4	4	4	4	4	4	4	4	4	4	4	4	0	0	1	0	0	0	126	1	0	0	286	0	0	0	0	0	0	-1	-1	-1	-1	100	0	0
1142	"마력 증가"	0	0	0	0	0	0	0	0	0	0	0	0	-1	11	0	0	0	0	0	4	4	4	4	4	4	4	4	4	4	4	4	4	4	4	0	0	1	0	0	0	127	1	0	0	287	0	0	0	0	0	0	-1	-1	-1	-1	100	0	0
1143	"4차스탯"	0	0	0	0	0	0	0	0	0	0	0	0	-1	11	0	0	0	0	0	4	4	4	4	4	4	4	4	4	4	4	4	4	4	4	0	0	1	0	0	0	122	1	0	0	288	0	0	0	0	0	0	-1	-1	-1	-1	100	0	0
1144	"스킬데미지증가"	0	0	0	0	0	0	0	0	0	0	0	0	-1	11	0	0	0	0	0	4	4	4	4	4	4	4	4	4	4	4	4	4	4	4	0	0	1	0	0	0	128	1	0	0	289	0	0	0	0	0	0	-1	-1	-1	-1	100	0	0
1145	"4차 날개/망토 공격력 증가"	0	0	0	0	0	0	0	0	0	0	0	0	-1	11	0	0	0	0	0	4	4	4	4	4	4	4	4	4	4	4	4	4	4	4	0	0	1	0	0	0	129	1	0	0	290	0	0	0	0	0	0	-1	-1	-1	-1	100	0	0
1146	"공격력/마력 증가"	0	0	0	0	0	0	0	0	0	0	0	0	-1	11	0	0	0	0	0	4	4	4	4	4	4	4	4	4	4	4	4	4	4	4	0	0	1	0	0	0	130	1	0	0	291	0	0	0	0	0	0	-1	-1	-1	-1	100	0	0
1147	"스피릿훅 강화 스킬"	180	255	27	21	3	0	0	0	0	0	1480	6	1	8	282	0	0	0	0	0	0	0	0	0	0	4	0	0	0	0	0	0	0	0	0	0	0	0	0	0	134	0	0	1	0	0	0	1	0	0	7	4	10	-1	-1	105	1	0
1148	"매직애로우 강화 스킬"	100	10	37	0	8	0	60	0	0	0	0	6	1	8	749	0	0	0	0	0	0	0	0	0	0	0	0	4	0	0	0	0	0	0	0	0	1	0	0	0	135	0	0	2	0	1	0	0	0	0	9	3	500	-1	-1	100	0	0
1149	"플라즈마볼 강화 스킬"	160	40	120	35	8	4000	300	0	0	0	0	6	1	8	751	0	0	0	0	0	0	0	0	0	0	0	0	4	0	0	0	0	0	0	0	0	1	0	0	0	136	0	0	2	0	1	0	0	0	0	9	3	200	-1	-1	110	0	0
1150	"라이트닝스톰 강화 스킬"	160	300	80	7	8	0	1080	0	0	0	0	6	1	8	285	0	0	0	0	0	0	0	0	0	0	0	0	4	0	0	0	0	0	0	0	0	1	0	0	0	137	0	0	2	0	1	0	0	0	0	9	3	100	-1	-1	115	1	0
1151	"이동속도/이동거리 감소"	0	0	0	0	0	0	0	0	0	0	0	0	-1	7	0	0	0	0	0	0	0	0	0	0	0	0	0	4	0	0	0	0	0	0	0	0	1	0	0	0	138	1	0	0	0	0	0	0	0	0	0	-1	-1	-1	-1	100	0	0
1152	"플라즈마 공격속도 증가"	0	0	0	0	0	0	0	0	0	0	0	0	-1	7	0	0	0	0	0	0	0	0	0	0	0	0	0	4	0	0	0	0	0	0	0	0	1	0	0	0	139	1	0	0	0	0	0	0	0	0	0	-1	-1	-1	-1	100	0	0
1153	"스플래쉬범위증가"	0	0	0	0	0	0	0	0	0	0	0	0	-1	7	0	0	0	0	0	0	0	0	0	0	0	0	0	4	0	0	0	0	0	0	0	0	1	0	0	0	140	1	0	0	0	0	0	0	0	0	0	-1	-1	-1	-1	100	0	0
1154	"스플래쉬타겟증가"	0	0	0	0	0	0	0	0	0	0	0	0	-1	7	0	0	0	0	0	0	0	0	0	0	0	0	0	4	0	0	0	0	0	0	0	0	1	0	0	0	141	1	0	0	0	0	0	0	0	0	0	-1	-1	-1	-1	100	0	0
1155	"데스사이드 강화 스킬"	93	95	120	20	6	0	930	0	0	0	0	6	1	8	288	0	0	0	0	0	0	0	0	0	4	0	0	0	0	0	0	0	0	0	0	0	1	0	0	0	142	0	0	2	306	1	0	2	0	0	11	3	200	-1	-1	105	1	0
1156	"무기저주력증가"	0	0	0	0	0	0	0	0	0	0	0	0	-1	7	0	0	0	0	0	4	4	4	4	4	4	4	4	4	4	4	4	4	4	4	0	0	1	0	0	0	24	0	0	0	0	0	0	0	0	0	0	-1	-1	-1	-1	100	0	0
1157	"마력/저주력 증가"	0	0	0	0	0	0	0	0	0	0	0	0	-1	11	0	0	0	0	0	4	4	4	4	4	4	4	4	4	4	4	4	4	4	4	0	0	1	0	0	0	130	1	0	0	314	0	0	0	0	0	0	-1	-1	-1	-1	100	0	0
1158	"소드이너시아 강화 스킬"	170	10	7	5	7	0	0	50	100	0	0	6	1	8	780	0	0	0	0	0	0	0	0	0	0	0	0	0	4	0	0	0	0	0	0	0	1	0	0	0	143	0	0	1	0	1	0	0	0	0	2	2	150	-1	-1	100	0	0
1159	"뱃플로크 강화 스킬"	170	90	15	7	6	0	0	100	380	0	0	6	1	8	782	0	0	0	0	0	0	0	0	0	0	0	0	0	4	0	0	0	0	0	0	0	1	0	0	0	144	0	0	1	0	1	0	0	0	0	0	2	150	-1	-1	100	0	0
1160	"피어스어택 강화 스킬"	170	170	20	10	6	0	0	300	1100	0	0	6	1	8	294	0	0	0	0	0	0	0	0	0	0	0	0	0	4	0	0	0	0	0	0	0	1	0	0	0	145	0	0	1	0	1	0	0	0	0	2	2	150	-1	-1	120	1	0
1166	"맹독 디버프 타겟 증가"	0	0	0	0	0	0	0	0	0	0	0	0	-1	9	0	0	0	0	0	4	4	4	4	4	4	4	4	4	4	4	4	4	4	4	0	0	1	0	0	0	151	1	0	0	0	0	0	0	0	0	0	-1	-1	-1	-1	100	0	0
1167	"중독 디버프 타겟 증가"	0	0	0	0	0	0	0	0	0	0	0	0	-1	9	0	0	0	0	0	4	4	4	4	4	4	4	4	4	4	4	4	4	4	4	0	0	1	0	0	0	154	1	0	0	0	0	0	0	0	0	0	-1	-1	-1	-1	100	0	0
1168	"출혈 디버프 타겟 증가"	0	0	0	0	0	0	0	0	0	0	0	0	-1	9	0	0	0	0	0	4	4	4	4	4	4	4	4	4	4	4	4	4	4	4	0	0	1	0	0	0	149	1	0	0	0	0	0	0	0	0	0	-1	-1	-1	-1	100	0	0
1169	"과다출혈 디버프 타겟 증가"	0	0	0	0	0	0	0	0	0	0	0	0	-1	9	0	0	0	0	0	4	4	4	4	4	4	4	4	4	4	4	4	4	4	4	0	0	1	0	0	0	152	1	0	0	0	0	0	0	0	0	0	-1	-1	-1	-1	100	0	0
1170	"빙결 디버프 타겟 증가"	0	0	0	0	0	0	0	0	0	0	0	0	-1	9	0	0	0	0	0	4	4	4	4	4	4	4	4	4	4	4	4	4	4	4	0	0	1	0	0	0	150	1	0	0	0	0	0	0	0	0	0	-1	-1	-1	-1	100	0	0
1171	"동결 디버프 타겟 증가"	0	0	0	0	0	0	0	0	0	0	0	0	-1	9	0	0	0	0	0	4	4	4	4	4	4	4	4	4	4	4	4	4	4	4	0	0	1	0	0	0	153	1	0	0	0	0	0	0	0	0	0	-1	-1	-1	-1	100	0	0
1172	"맹독 디버프 범위 증가"	0	0	0	0	0	0	0	0	0	0	0	0	-1	9	0	0	0	0	0	4	4	4	4	4	4	4	4	4	4	4	4	4	4	4	0	0	1	0	0	0	157	1	0	0	0	0	0	0	0	0	0	-1	-1	-1	-1	100	0	0
1174	"출혈 디버프 범위 증가"	0	0	0	0	0	0	0	0	0	0	0	0	-1	9	0	0	0	0	0	4	4	4	4	4	4	4	4	4	4	4	4	4	4	4	0	0	1	0	0	0	155	1	0	0	0	0	0	0	0	0	0	-1	-1	-1	-1	100	0	0
1176	"빙결 디버프 범위 증가"	0	0	0	0	0	0	0	0	0	0	0	0	-1	9	0	0	0	0	0	4	4	4	4	4	4	4	4	4	4	4	4	4	4	4	0	0	1	0	0	0	156	1	0	0	0	0	0	0	0	0	0	-1	-1	-1	-1	100	0	0
1178	"맹독 디버프 성공율 증가"	0	0	0	0	0	0	0	0	0	0	0	0	-1	9	0	0	0	0	0	4	4	4	4	4	4	4	4	4	4	4	4	4	4	4	0	0	1	0	0	0	163	1	0	0	0	0	0	0	0	0	0	-1	-1	-1	-1	100	0	0
1179	"중독 디버프 성공율 증가"	0	0	0	0	0	0	0	0	0	0	0	0	-1	9	0	0	0	0	0	4	4	4	4	4	4	4	4	4	4	4	4	4	4	4	0	0	1	0	0	0	166	1	0	0	0	0	0	0	0	0	0	-1	-1	-1	-1	100	0	0
1180	"출혈 디버프 성공율 증가"	0	0	0	0	0	0	0	0	0	0	0	0	-1	9	0	0	0	0	0	4	4	4	4	4	4	4	4	4	4	4	4	4	4	4	0	0	1	0	0	0	161	1	0	0	0	0	0	0	0	0	0	-1	-1	-1	-1	100	0	0
1181	"과다출혈 디버프 성공율 증가"	0	0	0	0	0	0	0	0	0	0	0	0	-1	9	0	0	0	0	0	4	4	4	4	4	4	4	4	4	4	4	4	4	4	4	0	0	1	0	0	0	164	1	0	0	0	0	0	0	0	0	0	-1	-1	-1	-1	100	0	0
1182	"빙결 디버프 성공율 증가"	0	0	0	0	0	0	0	0	0	0	0	0	-1	9	0	0	0	0	0	4	4	4	4	4	4	4	4	4	4	4	4	4	4	4	0	0	1	0	0	0	162	1	0	0	0	0	0	0	0	0	0	-1	-1	-1	-1	100	0	0
1183	"동결 디버프 성공율 증가"	0	0	0	0	0	0	0	0	0	0	0	0	-1	9	0	0	0	0	0	4	4	4	4	4	4	4	4	4	4	4	4	4	4	4	0	0	1	0	0	0	165	1	0	0	0	0	0	0	0	0	0	-1	-1	-1	-1	100	0	0
1184	"맹독 디버프 성공율 추가 증가"	0	0	0	0	0	0	0	0	0	0	0	0	-1	9	0	0	0	0	0	4	4	4	4	4	4	4	4	4	4	4	4	4	4	4	0	0	1	0	0	0	163	1	0	0	0	0	0	0	0	0	0	-1	-1	-1	-1	100	0	0
1185	"중독 디버프 성공율 추가 증가"	0	0	0	0	0	0	0	0	0	0	0	0	-1	9	0	0	0	0	0	4	4	4	4	4	4	4	4	4	4	4	4	4	4	4	0	0	1	0	0	0	166	1	0	0	0	0	0	0	0	0	0	-1	-1	-1	-1	100	0	0
1186	"출혈 디버프 성공율 추가 증가"	0	0	0	0	0	0	0	0	0	0	0	0	-1	9	0	0	0	0	0	4	4	4	4	4	4	4	4	4	4	4	4	4	4	4	0	0	1	0	0	0	161	1	0	0	0	0	0	0	0	0	0	-1	-1	-1	-1	100	0	0
1187	"과다출혈 디버프 성공율 추가 증가"	0	0	0	0	0	0	0	0	0	0	0	0	-1	9	0	0	0	0	0	4	4	4	4	4	4	4	4	4	4	4	4	4	4	4	0	0	1	0	0	0	164	1	0	0	0	0	0	0	0	0	0	-1	-1	-1	-1	100	0	0
1188	"빙결 디버프 성공율 추가 증가"	0	0	0	0	0	0	0	0	0	0	0	0	-1	9	0	0	0	0	0	4	4	4	4	4	4	4	4	4	4	4	4	4	4	4	0	0	1	0	0	0	162	1	0	0	0	0	0	0	0	0	0	-1	-1	-1	-1	100	0	0
1189	"동결 디버프 성공율 추가 증가"	0	0	0	0	0	0	0	0	0	0	0	0	-1	9	0	0	0	0	0	4	4	4	4	4	4	4	4	4	4	4	4	4	4	4	0	0	1	0	0	0	165	1	0	0	0	0	0	0	0	0	0	-1	-1	-1	-1	100	0	0
1190	"맹독/중독 디버프 타겟 증가"	0	0	0	0	0	0	0	0	0	0	0	0	-1	9	0	0	0	0	0	4	4	4	4	4	4	4	4	4	4	4	4	4	4	4	0	0	1	0	0	0	154	1	0	0	0	0	0	0	0	0	0	-1	-1	-1	-1	100	0	0
1191	"출혈/과다출혈 디버프 타겟 증가"	0	0	0	0	0	0	0	0	0	0	0	0	-1	9	0	0	0	0	0	4	4	4	4	4	4	4	4	4	4	4	4	4	4	4	0	0	1	0	0	0	152	1	0	0	0	0	0	0	0	0	0	-1	-1	-1	-1	100	0	0
1192	"빙결/동결 디버프 타겟 증가"	0	0	0	0	0	0	0	0	0	0	0	0	-1	9	0	0	0	0	0	4	4	4	4	4	4	4	4	4	4	4	4	4	4	4	0	0	1	0	0	0	153	1	0	0	0	0	0	0	0	0	0	-1	-1	-1	-1	100	0	0
1193	"4차 날개/망토 마력 증가"	0	0	0	0	0	0	0	0	0	0	0	0	-1	11	0	0	0	0	0	4	4	4	4	4	4	4	4	4	4	4	4	4	4	4	0	0	1	0	0	0	122	1	0	0	285	0	0	0	0	0	0	-1	-1	-1	-1	100	0	0
1194	"4차 날개/망토 공격력/마력 증가"	0	0	0	0	0	0	0	0	0	0	0	0	-1	11	0	0	0	0	0	4	4	4	4	4	4	4	4	4	4	4	4	4	4	4	0	0	1	0	0	0	122	1	0	0	285	0	0	0	0	0	0	-1	-1	-1	-1	100	0	0
1195	"4차 날개/망토 마력/저주력 증가"	0	0	0	0	0	0	0	0	0	0	0	0	-1	11	0	0	0	0	0	4	4	4	4	4	4	4	4	4	4	4	4	4	4	4	0	0	1	0	0	0	122	1	0	0	285	0	0	0	0	0	0	-1	-1	-1	-1	100	0	0
1196	"포이즌스톰 데미지 추가 증가"	0	100	40	30	6	1000	0	0	0	0	0	0	-1	8	1133	0	0	0	0	4	4	4	4	4	4	4	4	4	4	4	4	4	4	4	0	0	1	0	0	0	114	0	0	1	0	0	0	0	0	0	0	-1	-1	-1	-1	100	0	0
1197	"프로즌슬레어 데미지 추가 증가"	0	100	40	30	6	1000	0	0	0	0	0	0	-1	8	1134	0	0	0	0	4	4	4	4	4	4	4	4	4	4	4	4	4	4	4	0	0	1	0	0	0	115	0	0	1	0	0	0	0	0	0	0	-1	-1	-1	-1	100	0	0
1198	"블러딩히트 데미지 추가 증가"	0	100	40	30	6	1000	0	0	0	0	0	0	-1	8	1135	0	0	0	0	4	4	4	4	4	4	4	4	4	4	4	4	4	4	4	0	0	1	0	0	0	116	0	0	1	0	0	0	0	0	0	0	-1	-1	-1	-1	100	0	0
1199	"포이즌스톰 범위 효과"	0	100	40	30	6	1000	0	0	0	0	0	0	-1	8	1125	0	0	0	0	4	4	4	4	4	4	4	4	4	4	4	4	4	4	4	0	0	1	0	0	0	118	0	0	1	0	0	0	0	0	0	0	-1	-1	-1	-1	100	0	0
1200	"프로즌슬레어 범위 효과"	0	100	40	30	6	1000	0	0	0	0	0	0	-1	8	1126	0	0	0	0	4	4	4	4	4	4	4	4	4	4	4	4	4	4	4	0	0	1	0	0	0	119	0	0	1	0	0	0	0	0	0	0	-1	-1	-1	-1	100	0	0
1201	"블러딩히트 범위 효과"	0	100	40	30	6	1000	0	0	0	0	0	0	-1	8	1127	0	0	0	0	4	4	4	4	4	4	4	4	4	4	4	4	4	4	4	0	0	1	0	0	0	120	0	0	1	0	0	0	0	0	0	0	-1	-1	-1	-1	100	0	0
1202	"파괴의일격 강화 스킬"	160	120	30	24	5	0	0	0	0	0	0	6	0	8	809	0	0	0	0	0	4	0	0	0	0	0	0	0	0	0	0	0	0	0	0	0	1	0	0	0	246	0	0	1	0	1	0	2	1	0	2	3	150	-1	-1	135	0	0
1203	"소드블로우 강화 스킬"	150	30	19	17	5	0	0	1090	0	0	0	6	0	8	1501	0	0	0	0	0	4	0	0	0	0	0	0	0	0	0	0	0	0	0	0	0	1	0	0	0	247	0	0	1	0	0	0	0	0	0	2	-1	-1	-1	-1	105	1	0
1204	"견고한가호 강화 스킬"	160	120	65	20	0	0	1052	0	0	0	0	0	0	8	806	0	0	0	0	0	4	0	0	0	0	0	0	0	0	0	0	0	0	0	0	0	1	0	0	600	250	1	0	0	335	0	3	0	0	0	8	-1	-1	-1	-1	100	0	0
1205	"가호 - 최대 HP증가"	0	0	0	0	0	0	0	0	0	0	0	0	-1	7	0	0	0	0	0	4	4	4	4	4	4	4	4	4	4	4	4	4	0	4	0	0	1	0	0	0	248	0	0	0	0	0	0	0	0	0	0	-1	-1	-1	-1	100	0	0
1206	"가호 - 파티원공격력증가"	0	0	0	0	0	0	0	0	0	0	0	0	-1	7	0	0	0	0	0	4	4	4	4	4	4	4	4	4	4	4	4	4	0	4	0	0	1	0	0	0	249	0	0	0	0	0	0	0	0	0	0	-1	-1	-1	-1	100	0	0
1207	"가호 - HP 전환량 증가(%)"	0	0	0	0	0	0	0	0	0	0	0	0	-1	7	0	0	0	0	0	4	4	4	4	4	4	4	4	4	4	4	4	4	0	4	0	0	1	0	0	0	252	0	0	0	0	0	0	0	0	0	0	-1	-1	-1	-1	100	0	0
1208	"가호 - 데미지전환량 증가(%)"	0	0	0	0	0	0	0	0	0	0	0	0	-1	7	0	0	0	0	0	4	4	4	4	4	4	4	4	4	4	4	4	4	0	4	0	0	1	0	0	0	253	0	0	0	0	0	0	0	0	0	0	-1	-1	-1	-1	100	0	0
1209	"가호 - 파티원방어력증가"	0	0	0	0	0	0	0	0	0	0	0	0	-1	7	0	0	0	0	0	4	4	4	4	4	4	4	4	4	4	4	4	4	0	4	0	0	1	0	0	0	65	0	0	0	0	0	0	0	0	0	0	-1	-1	-1	-1	100	0	0
1210	"가호 - 방패방어력증가"	0	0	0	0	0	0	0	0	0	0	0	0	-1	7	0	0	0	0	0	4	4	4	4	4	4	4	4	4	4	4	4	4	0	4	0	0	1	0	0	0	251	0	0	0	0	0	0	0	0	0	0	-1	-1	-1	-1	100	0	0
1211	"다크플라즈마 강화 스킬"	100	50	19	15	6	5000	0	0	0	0	0	0	0	8	822	0	0	0	0	0	0	0	0	0	0	0	0	0	0	4	0	0	0	0	0	0	0	0	0	0	170	0	0	2	0	1	0	0	0	0	2	3	80	-1	-1	105	1	0
1212	"아이스블래스트 강화 스킬"	150	130	14	10	6	400	1000	0	0	0	0	6	0	8	2003	0	0	0	0	0	0	0	0	0	0	0	0	0	0	4	0	0	0	0	0	0	0	0	0	0	172	0	0	2	0	1	0	0	0	0	2	3	80	-1	-1	105	1	0
1213	"버스팅플레어 강화 스킬"	150	50	14	13	6	0	800	100	200	0	0	6	0	8	2005	0	0	0	0	0	0	0	0	0	0	0	0	0	0	4	0	0	0	0	0	0	0	0	0	0	174	0	0	2	0	0	0	0	0	0	2	3	80	-1	-1	105	1	0
1214	"카오스블레이드 강화 스킬"	160	350	19	14	3	0	0	900	0	0	0	6	0	8	2012	0	0	0	0	0	0	0	4	0	0	0	0	0	0	0	0	0	0	0	0	0	0	0	0	0	175	0	0	1	0	0	0	0	0	0	2	1	750	-1	-1	105	1	0
1215	"하보크스피어 강화 스킬"	160	150	92	20	6	0	1073	0	0	0	0	6	1	8	2013	0	0	0	0	0	0	0	4	0	0	0	0	0	0	0	0	0	0	0	0	0	0	0	0	0	176	0	0	2	0	0	0	0	0	0	0	3	200	-1	-1	110	1	0
1216	"스피어스톰 강화 스킬"	160	160	108	7	6	500	1160	0	0	0	0	6	1	8	243	0	0	0	0	0	0	0	0	0	0	0	0	0	0	0	4	0	0	0	0	0	1	0	0	0	179	0	0	2	0	1	0	0	0	0	0	3	60	-1	-1	130	1	0
1217	"마블버스트 강화 스킬"	140	125	32	0	6	0	104	0	0	0	0	6	1	8	849	0	0	0	0	0	0	0	0	0	0	0	0	0	0	0	0	4	0	0	0	0	1	0	0	0	180	0	0	2	0	0	0	0	0	0	14	3	45	-1	-1	190	0	0
1218	"언리쉬마블 강화 스킬"	155	135	113	0	7	10000	700	0	0	0	0	6	1	8	856	0	0	0	0	0	0	0	0	0	0	0	0	0	0	0	0	4	0	0	0	0	1	0	0	0	181	0	0	2	0	1	0	0	0	0	14	3	60	-1	-1	150	0	0
1219	"얼티밋포스 강화 스킬"	160	10	95	6	7	0	1073	0	0	0	0	6	1	8	247	0	0	0	0	0	0	0	0	0	0	0	0	0	0	0	0	4	0	0	0	0	1	0	0	0	182	0	0	2	0	0	0	0	0	0	14	3	60	-1	-1	150	1	0
1220	"샤이닝버드 강화 스킬"	150	130	32	0	7	0	70	0	0	0	0	6	1	8	844	0	0	0	0	0	0	0	0	0	0	0	0	0	0	0	4	0	0	0	0	0	1	0	0	0	177	0	0	2	0	1	0	0	0	0	0	3	45	-1	-1	190	0	0
1221	"드래곤바이얼런트 강화 스킬"	160	140	95	0	7	0	680	0	0	0	0	6	1	8	847	0	0	0	0	0	0	0	0	0	0	0	0	0	0	0	4	0	0	0	0	0	1	0	0	0	178	0	0	2	0	0	0	0	0	0	0	3	60	-1	-1	190	0	0
1222	"레이닝애로우 강화 스킬"	160	65	19	8	7	0	0	0	1302	0	0	6	0	8	2023	0	0	0	0	0	0	4	0	0	0	0	0	0	0	0	0	0	0	0	0	0	1	0	0	0	183	0	0	1	0	1	0	0	0	0	5	2	150	-1	-1	115	0	0
1223	"홀리볼트 강화 스킬"	120	777	30	0	6	0	1200	0	0	0	0	6	0	8	876	0	0	0	0	0	0	4	0	0	0	0	0	0	0	0	0	0	0	0	0	0	1	0	0	0	184	0	0	2	0	0	0	0	0	0	0	3	150	-1	-1	190	0	0
1224	"속성 공격력향상 강화 스킬"	120	0	50	0	6	0	1500	0	0	0	0	0	-1	8	2026	0	0	0	0	0	0	4	0	0	0	0	0	0	0	0	0	0	0	0	0	0	1	0	0	0	185	1	0	4	398	4	0	0	0	0	0	-1	-1	-1	-1	100	0	0
1225	"속성 방어력향상 강화 스킬"	120	0	50	0	6	0	1500	0	0	0	0	0	-1	8	2027	0	0	0	0	0	0	4	0	0	0	0	0	0	0	0	0	0	0	0	0	0	1	0	0	0	186	1	0	4	399	4	0	0	0	0	0	-1	-1	-1	-1	100	0	0
1226	"치료 강화 스킬"	100	0	40	0	6	0	52	0	0	0	0	0	0	8	413	0	0	0	0	0	0	4	0	0	0	0	0	0	0	0	0	0	0	0	0	0	1	0	0	0	187	6	0	4	0	4	0	0	0	0	0	-1	-1	-1	-1	100	0	0
1227	"파티 치료 강화 스킬"	0	0	400	13	6	0	20	0	0	0	0	0	-1	8	429	0	0	0	0	0	0	4	0	0	0	0	0	0	0	0	0	0	0	0	0	0	1	0	0	0	188	6	0	4	0	4	0	0	0	0	0	-1	-1	-1	-1	100	0	0
1228	"공격력향상 강화 스킬"	100	120	55	0	6	0	92	0	0	0	0	0	-1	8	422	0	0	0	0	0	0	4	0	0	0	0	0	0	0	0	0	0	0	0	0	0	1	0	0	0	189	1	0	4	400	4	0	0	0	0	0	-1	-1	-1	-1	100	0	0
1229	"방어력향상 강화 스킬"	100	120	45	0	6	0	72	0	0	0	0	0	-1	8	423	0	0	0	0	0	0	4	0	0	0	0	0	0	0	0	0	0	0	0	0	0	1	0	0	0	190	1	0	4	401	4	0	0	0	0	0	-1	-1	-1	-1	100	0	0
1230	"블레스 강화 스킬"	0	0	130	22	6	3000	20	0	0	0	0	0	-1	8	433	0	0	0	0	0	0	4	0	0	0	0	0	0	0	0	0	0	0	0	0	0	1	0	0	300	191	1	0	4	402	4	0	0	0	0	0	-1	-1	-1	-1	100	0	0
1231	"차지슬래시 강화 스킬"	25	80	3	0	7	0	0	0	80	0	0	6	0	8	878	0	0	0	0	0	0	0	0	0	0	0	0	0	0	0	0	0	4	0	0	0	1	0	0	0	192	0	0	1	0	1	0	0	0	0	3	2	100	-1	-1	115	0	0
1232	"윈드글레이브 강화 스킬"	45	150	6	0	6	0	0	0	650	0	0	6	0	8	880	0	0	0	0	0	0	0	0	0	0	0	0	0	0	0	0	0	4	0	0	0	1	0	0	0	193	0	0	1	0	1	0	0	0	0	3	2	80	-1	-1	100	1	0
1233	"블레이드스톰 강화 스킬"	160	300	10	10	6	0	0	0	1150	0	0	6	0	8	882	0	0	0	0	0	0	0	0	0	0	0	0	0	0	0	0	0	4	0	0	0	1	0	0	0	194	0	0	1	0	1	0	0	0	0	3	2	50	-1	-1	190	1	0
1234	"일루전아바타 강화 스킬"	100	200	40	0	6	0	0	0	900	0	0	6	1	8	884	0	0	0	0	0	0	0	0	0	0	0	0	0	0	0	0	0	4	0	0	0	1	0	0	0	176	4	0	0	0	1	0	0	0	0	3	2	100	-1	-1	100	0	0
1235	"오버스팅 강화 스킬"	300	320	27	17	6	0	0	0	1470	0	0	6	0	8	894	0	0	0	0	0	0	0	0	0	0	0	4	0	0	0	0	0	0	0	0	442	0	0	0	0	18	0	0	1	0	0	0	0	0	0	4	2	80	-1	-1	110	1	0
1236	"와일드브레쉬 강화 스킬"	300	320	35	19	6	0	0	1020	0	0	0	6	0	8	896	0	0	0	0	0	0	0	0	0	0	0	4	0	0	0	0	0	0	0	0	443	0	0	0	0	109	0	0	1	0	1	0	0	0	0	4	1	100	-1	-1	110	1	0
1237	"연성: 엔젤 호문쿨루스 강화 스킬"	150	130	35	0	6	0	70	0	0	0	0	6	1	8	901	0	0	0	0	0	0	0	0	0	0	0	0	0	0	0	0	0	0	4	0	0	1	0	0	0	196	0	0	2	0	1	0	0	0	0	17	3	45	-1	-1	190	0	0
1238	"연성: 이그니션 봄버 강화 스킬"	160	140	95	0	7	0	680	0	0	0	0	6	1	8	904	0	0	0	0	0	0	0	0	0	0	0	0	0	0	0	0	0	0	4	0	0	1	0	0	0	197	0	0	2	0	0	0	0	0	0	17	3	60	-1	-1	190	0	0
1239	"연성: 카운트리스 웨폰 강화 스킬"	160	160	112	11	6	0	1025	0	0	0	0	6	1	8	2093	0	0	0	0	0	0	0	0	0	0	0	0	0	0	0	0	0	0	4	0	0	1	0	0	0	198	0	0	2	0	0	0	0	0	0	17	3	60	-1	-1	130	1	0
1240	"스피릿블래스트 강화 스킬"	160	350	35	16	6	0	0	800	0	620	0	6	0	8	911	0	0	0	0	0	0	0	0	4	0	0	0	0	0	0	0	0	0	0	0	0	0	0	0	0	195	0	0	1	0	1	0	0	0	0	15	5	50	1	100	130	1	0
1241	"4차스탯"	0	0	0	0	0	0	0	0	0	0	0	0	-1	10	0	0	0	0	0	4	4	4	4	4	4	4	4	4	4	4	4	4	4	4	0	0	1	0	0	0	122	1	0	0	283	0	0	0	0	0	0	-1	-1	-1	-1	100	0	0
1242	"4차스탯"	0	0	0	0	0	0	0	0	0	0	0	0	-1	11	0	0	0	0	0	4	4	4	4	4	4	4	4	4	4	4	4	4	4	4	0	0	1	0	0	0	122	1	0	0	288	0	0	0	0	0	0	-1	-1	-1	-1	100	0	0
1500	"검의분노"	120	0	21	17	0	0	0	1060	0	0	0	0	-1	0	0	0	0	0	0	0	1	0	0	0	0	0	0	0	0	0	0	0	0	0	0	0	0	0	0	0	92	1	0	0	324	2	1	0	1	0	0	-1	-1	-1	-1	100	0	0
1501	"소드블로우"	150	30	19	17	5	0	0	1090	0	0	0	6	0	0	0	0	0	0	0	0	1	0	0	0	0	0	0	0	0	0	0	0	0	0	0	0	0	0	0	0	91	0	0	1	0	0	0	0	0	0	2	-1	-1	-1	-1	105	1	0
1502	"강인한신념"	120	0	80	25	0	0	1040	0	0	0	0	0	-1	0	0	0	0	0	0	0	1	0	0	0	0	0	0	0	0	0	0	0	0	0	0	0	0	0	0	0	93	1	0	0	325	2	1	0	1	0	8	-1	-1	-1	-1	100	0	0
1503	"견고한가호"	120	0	65	20	0	0	1052	0	0	0	0	0	-1	0	0	0	0	0	0	0	1	0	0	0	0	0	0	0	0	0	0	0	0	0	0	0	0	0	0	600	94	1	0	0	326	2	1	0	1	0	8	-1	-1	-1	-1	100	0	0
1504	"루닉스피어 강화 스킬"	150	20	42	0	7	0	600	0	0	0	0	6	1	8	916	0	0	0	0	0	0	0	0	0	0	0	0	4	0	0	0	0	0	0	0	0	1	0	0	0	199	0	0	2	0	0	0	0	0	0	9	3	100	-1	-1	120	0	0
1505	"룬프레이즈 강화 스킬"	160	160	80	6	7	0	1180	0	0	0	0	6	1	8	2102	0	0	0	0	0	0	0	0	0	0	0	0	4	0	0	0	0	0	0	0	0	1	0	0	0	200	0	0	2	0	1	0	0	0	0	9	3	100	-1	-1	130	1	0
2001	"다크플라즈마"	130	30	22	10	6	5000	0	0	0	0	0	0	0	0	0	0	0	0	0	0	0	0	0	0	0	0	0	0	0	2	0	0	0	0	0	0	0	0	0	0	95	0	0	2	0	1	0	0	0	0	2	3	80	-1	-1	105	1	0
2002	"아이스브레이크"	50	180	7	1	6	0	295	0	0	0	0	6	0	0	0	0	0	0	0	0	0	0	0	0	0	0	0	0	0	1	0	0	0	0	0	0	0	0	0	0	96	0	0	2	0	0	0	0	0	0	2	3	80	-1	-1	105	1	0
2003	"아이스블래스트"	160	140	13	10	6	400	1000	0	0	0	0	6	0	0	0	0	0	0	0	0	0	0	0	0	0	0	0	0	0	3	0	0	0	0	0	0	0	0	0	0	97	0	0	2	0	1	0	0	0	0	2	-1	-1	-1	-1	105	1	0
2004	"데스파이어"	50	160	5	1	6	0	100	0	0	0	0	6	0	0	0	0	0	0	0	0	0	0	0	0	0	0	0	0	0	1	0	0	0	0	0	0	0	0	0	0	98	0	0	2	0	0	0	0	0	0	2	3	80	-1	-1	105	0	0
2005	"버스팅플레어"	160	70	10	13	6	0	800	100	200	0	0	6	0	0	0	0	0	0	0	0	0	0	0	0	0	0	0	0	0	3	0	0	0	0	0	0	0	0	0	0	99	0	0	2	0	0	0	0	0	0	2	-1	-1	-1	-1	105	1	0
2006	"데스아이스"	50	160	5	1	6	0	100	0	0	0	0	6	0	0	0	0	0	0	0	0	0	0	0	0	0	0	0	0	0	1	0	0	0	0	0	0	0	0	0	0	100	0	0	2	0	0	0	0	0	0	2	3	80	-1	-1	105	0	0
2007	"초급 치료"	8	0	20	0	6	0	52	0	0	0	0	0	0	0	0	0	0	0	0	0	0	0	0	0	0	0	0	0	0	0	0	1	0	0	0	0	0	0	0	0	116	6	0	4	0	4	0	0	0	0	0	-1	-1	-1	-1	100	0	0
2008	"초급 회복"	100	0	40	10	6	0	168	0	0	0	0	0	0	0	0	0	0	0	0	0	0	0	0	0	0	0	0	0	0	0	0	2	0	0	0	0	0	0	0	0	117	6	0	0	0	4	0	0	0	0	0	-1	-1	-1	-1	100	0	0
2009	"초급 방어력향상"	13	0	30	0	6	0	72	0	0	0	0	0	-1	0	0	0	0	0	0	0	0	0	0	0	0	0	0	0	0	0	0	1	0	0	0	0	0	0	0	0	118	1	0	4	347	4	0	0	0	0	0	-1	-1	-1	-1	100	0	0
2010	"초급 공격력향상"	18	0	40	0	6	0	92	0	0	0	0	0	-1	0	0	0	0	0	0	0	0	0	0	0	0	0	0	0	0	0	0	1	0	0	0	0	0	0	0	0	119	1	0	4	346	4	0	0	0	0	0	-1	-1	-1	-1	100	0	0
2011	"초급 블레스"	10	0	40	10	6	3000	150	0	0	0	0	0	-1	0	0	0	0	0	0	0	0	0	0	0	0	0	0	0	0	0	0	1	0	0	0	0	0	0	0	300	124	1	0	4	348	4	0	0	0	0	0	-1	-1	-1	-1	100	0	0
2012	"카오스블레이드"	160	350	19	14	3	0	0	900	0	0	0	6	0	0	0	0	0	0	0	0	0	0	3	0	0	0	0	0	0	0	0	0	0	0	0	0	0	0	0	0	101	0	0	1	0	0	0	0	0	0	2	1	700	-1	-1	105	1	0
2013	"하보크스피어"	160	150	92	20	6	0	1073	0	0	0	0	6	1	0	0	0	0	0	0	0	0	0	3	0	0	0	0	0	0	0	0	0	0	0	0	0	0	0	0	0	102	0	0	2	0	1	0	0	0	0	0	3	150	-1	-1	110	1	0
2014	"스파이럴차지"	120	0	21	17	0	0	0	900	0	0	0	0	-1	0	0	0	0	0	0	0	0	0	3	0	0	0	0	0	0	0	0	0	0	0	0	0	0	0	0	600	103	1	0	0	365	2	1	0	1	0	3	-1	-1	-1	-1	100	0	0
2015	"크래셔차지"	120	0	21	17	0	0	0	900	0	0	0	0	-1	0	0	0	0	0	0	0	0	0	3	0	0	0	0	0	0	0	0	0	0	0	0	0	0	0	0	600	104	1	0	0	366	2	1	0	1	0	3	-1	-1	-1	-1	100	0	0
2016	"엘리멘탈차지"	120	0	65	20	0	0	1073	0	0	0	0	0	-1	0	0	0	0	0	0	0	0	0	3	0	0	0	0	0	0	0	0	0	0	0	0	0	0	0	0	600	105	1	0	0	367	2	1	0	1	0	6	-1	-1	-1	-1	100	0	0
2017	"카오스블레이드 검기폭발"	120	400	0	0	6	0	0	0	0	0	0	0	1	6	0	0	0	0	0	0	0	0	3	0	0	0	0	0	0	0	0	0	0	0	0	0	0	0	0	0	280	0	0	0	0	0	0	0	0	0	0	1	700	-1	-1	110	1	0
2018	"파이어블러드 검기폭발"	120	200	0	0	6	0	0	0	0	0	0	0	1	6	0	0	0	0	0	0	0	0	3	0	0	0	0	0	0	0	0	0	0	0	0	0	0	0	0	0	280	0	0	0	0	0	0	0	0	0	0	1	700	-1	-1	110	1	0
2019	"아이스블러드 검기폭발"	120	200	0	0	6	0	0	0	0	0	0	0	1	6	0	0	0	0	0	0	0	0	3	0	0	0	0	0	0	0	0	0	0	0	0	0	0	0	0	0	280	0	0	0	0	0	0	0	0	0	0	1	700	-1	-1	110	1	0
2020	"하보크스피어 노바"	120	200	0	0	6	0	0	0	0	0	0	0	1	6	0	0	0	0	0	0	0	0	3	0	0	0	0	0	0	0	0	0	0	0	0	0	0	0	0	0	280	0	0	0	0	0	0	0	0	0	0	3	150	-1	-1	110	1	0
2021	"픽스드파이어"	100	0	100	50	0	0	300	0	0	0	0	0	1	0	0	0	0	0	0	0	0	0	0	0	0	0	0	0	0	1	0	0	0	0	0	0	0	0	0	0	107	1	0	0	380	2	0	0	0	0	2	0	0	0	0	100	0	0
2022	"유대의끈"	0	0	0	0	0	0	0	0	0	0	0	0	-1	0	0	0	0	0	0	0	0	0	0	0	0	0	0	0	0	0	0	0	0	0	0	0	0	0	0	0	0	0	0	0	0	0	0	0	0	0	0	-1	-1	-1	-1	100	0	0
2023	"레이닝애로우"	160	65	15	7	7	0	0	0	1302	0	0	6	0	0	0	0	0	0	0	0	0	3	0	0	0	0	0	0	0	0	0	0	0	0	0	0	0	0	0	0	125	0	0	1	0	1	0	0	0	0	5	2	150	-1	-1	115	0	0
2024	"덱스부스터"	100	0	10	12	0	50000	0	0	500	0	0	0	-1	0	0	0	0	0	0	0	0	3	0	0	0	0	0	0	0	0	0	0	0	0	0	0	0	0	0	0	126	1	0	0	395	2	0	0	0	0	0	-1	-1	-1	-1	100	0	0
2025	"홀리볼트"	110	777	20	0	6	0	1200	0	0	0	0	6	0	0	0	0	0	0	0	0	0	3	0	0	0	0	0	0	0	0	0	0	0	0	0	0	0	0	0	0	127	0	0	2	0	0	0	0	0	0	0	3	150	-1	-1	190	0	0
2026	"속성 공격력향상"	100	0	40	0	6	0	1500	0	0	0	0	0	-1	0	0	0	0	0	0	0	0	3	0	0	0	0	0	0	0	0	0	0	0	0	0	0	0	0	0	0	128	1	0	4	396	4	0	0	0	0	0	-1	-1	-1	-1	100	0	0
2027	"속성 방어력향상"	100	0	40	0	6	0	1500	0	0	0	0	0	-1	0	0	0	0	0	0	0	0	3	0	0	0	0	0	0	0	0	0	0	0	0	0	0	0	0	0	0	129	1	0	4	397	4	0	0	0	0	0	-1	-1	-1	-1	100	0	0
2028	"차지슬래시"	25	80	3	0	6	0	0	0	80	0	0	6	0	0	0	0	0	0	0	0	0	0	0	0	0	0	0	0	0	0	0	0	1	0	0	0	0	0	0	0	132	0	0	1	0	1	0	0	0	0	3	2	100	-1	-1	115	0	0
2029	"윈드글레이브"	45	150	6	0	5	0	0	0	650	0	0	6	0	0	0	0	0	0	0	0	0	0	0	0	0	0	0	0	0	0	0	0	1	0	0	0	0	0	0	0	133	0	0	1	0	1	0	0	0	0	3	2	80	-1	-1	100	1	0
2030	"블레이드스톰"	160	220	10	10	6	0	0	0	1150	0	0	6	0	0	0	0	0	0	0	0	0	0	0	0	0	0	0	0	0	0	0	0	3	0	0	0	0	0	0	0	134	0	0	1	0	1	0	0	0	0	3	2	50	-1	-1	190	1	0
2031	"일루전아바타"	100	200	40	0	6	0	0	0	900	0	0	6	0	0	0	0	0	0	0	0	0	0	0	0	0	0	0	0	0	0	0	0	2	0	0	0	0	0	0	0	130	4	0	1	0	1	0	0	0	0	3	2	80	-1	-1	100	0	0
2032	"일루전블레이드"	25	0	40	0	0	0	0	0	0	0	0	0	-1	0	0	0	0	0	0	0	0	0	0	0	0	0	0	0	0	0	0	0	1	0	0	0	0	0	0	0	131	1	0	0	405	2	0	0	0	0	3	-1	-1	-1	-1	100	0	0
2036	"오버스팅"	300	320	25	12	6	0	0	0	1470	0	0	6	0	0	0	0	0	0	0	0	0	0	0	0	0	0	3	0	0	0	0	0	0	0	0	0	0	0	0	0	135	0	0	1	0	0	0	0	0	0	4	2	80	-1	-1	110	1	0
2085	"와일드브레쉬"	300	320	35	18	6	0	0	1020	0	0	0	6	0	0	0	0	0	0	0	0	0	0	0	0	0	0	3	0	0	0	0	0	0	0	0	0	0	0	0	0	29	0	0	1	0	1	0	0	0	0	4	1	100	-1	-1	110	1	0
2037	"질풍의 메테오스톰"	160	105	105	20	6	500	1160	0	0	0	0	6	1	14	0	0	0	0	0	5	0	0	0	0	0	0	0	0	0	0	0	0	0	0	0	0	0	0	0	0	0	0	0	2	0	1	0	0	0	0	0	3	200	-1	-1	130	0	0
2040	"포화의 소드블로우"	150	30	19	17	5	0	0	1090	0	0	0	6	0	14	0	0	0	0	0	0	5	0	0	0	0	0	0	0	0	0	0	0	0	0	0	0	0	0	0	0	3	0	0	1	0	0	0	0	0	0	2	-1	-1	-1	-1	105	1	0
2043	"질풍의 파괴의일격"	160	120	30	24	5	0	0	0	0	0	0	6	0	14	0	0	0	0	0	0	5	0	0	0	0	0	0	0	0	0	0	0	0	0	0	0	0	0	0	0	6	0	0	1	0	1	0	2	1	0	2	3	150	-1	-1	135	0	0
2044	"포화의 레이닝에로우"	160	65	19	8	7	0	0	0	1302	0	0	6	0	14	0	0	0	0	0	0	0	5	0	0	0	0	0	0	0	0	0	0	0	0	0	0	0	0	0	0	7	0	0	1	0	1	0	0	0	0	5	2	150	-1	-1	115	0	0
2047	"질풍의 홀리볼트"	120	777	30	0	6	0	1200	0	0	0	0	6	0	14	0	0	0	0	0	0	0	5	0	0	0	0	0	0	0	0	0	0	0	0	0	0	0	0	0	0	10	0	0	2	0	0	0	0	0	0	0	3	150	-1	-1	190	0	0
2049	"포화의 카오스블레이드"	160	350	19	14	3	0	0	900	0	0	0	6	0	14	0	0	0	0	0	0	0	0	5	0	0	0	0	0	0	0	0	0	0	0	0	0	0	0	0	0	12	0	0	1	0	0	0	0	0	0	2	1	750	-1	-1	105	1	0
2051	"분노의 하보크스피어"	160	150	92	20	6	0	1073	0	0	0	0	6	1	14	0	0	0	0	0	0	0	0	5	0	0	0	0	0	0	0	0	0	0	0	0	0	0	0	0	0	14	0	0	2	0	1	0	0	0	0	0	3	200	-1	-1	110	1	0
2054	"포화의 윈드소울"	160	130	38	19	6	0	0	717	0	0	0	6	0	14	0	0	0	0	0	0	0	0	0	5	0	0	0	0	0	0	0	0	0	0	0	0	0	0	0	0	17	0	0	1	0	0	0	0	0	0	2	1	100	-1	-1	120	1	0
2058	"포화의 파이어비스트"	160	100	95	11	7	500	1220	0	0	0	0	6	1	14	0	0	0	0	0	0	0	0	0	0	5	0	0	0	0	0	0	0	0	0	0	0	0	0	0	0	21	0	0	2	0	0	0	0	0	0	0	3	170	-1	-1	105	1	0
2060	"분노의 데스사이드"	93	95	120	20	6	0	930	0	0	0	0	6	1	14	0	0	0	0	0	0	0	0	0	0	5	0	0	0	0	0	0	0	0	0	0	0	0	0	0	0	23	0	0	2	306	1	0	2	0	0	11	3	200	-1	-1	105	1	0
2061	"포화의 다크사이드"	180	0	92	7	6	0	0	0	0	0	0	6	1	14	0	0	0	0	0	0	0	0	0	0	0	5	0	0	0	0	0	0	0	0	0	0	0	0	0	0	24	0	0	1	0	1	0	0	0	0	0	2	100	-1	-1	115	0	0
2063	"포화의 스피릿훅"	180	255	27	21	3	0	0	0	0	0	1480	6	1	14	0	0	0	0	0	0	0	0	0	0	0	5	0	0	0	0	0	0	0	0	0	0	0	0	0	0	26	0	0	1	0	0	0	1	0	0	7	4	10	-1	-1	105	1	0
2065	"포화의 오버스팅"	300	320	27	17	6	0	0	0	1470	0	0	6	0	14	0	0	0	0	0	0	0	0	0	0	0	0	5	0	0	0	0	0	0	0	0	0	0	0	0	0	28	0	0	1	0	0	0	0	0	0	4	2	80	-1	-1	110	1	0
2068	"질풍의 라이트닝스톰"	160	300	80	7	8	0	1080	0	0	0	0	6	1	14	0	0	0	0	0	0	0	0	0	0	0	0	0	5	0	0	0	0	0	0	0	0	0	0	0	0	31	0	0	2	0	1	0	0	0	0	9	3	100	-1	-1	115	1	0
2071	"포화의 피어스어택"	170	170	20	10	6	0	0	300	1100	0	0	6	1	14	0	0	0	0	0	0	0	0	0	0	0	0	0	0	5	0	0	0	0	0	0	0	0	0	0	0	34	0	0	1	0	1	0	0	0	0	2	2	150	-1	-1	120	1	0
2073	"질풍의 버스팅플레어"	150	50	14	13	6	0	800	100	200	0	0	6	0	14	0	0	0	0	0	0	0	0	0	0	0	0	0	0	0	5	0	0	0	0	0	0	0	0	0	0	36	0	0	2	0	0	0	0	0	0	2	3	80	-1	-1	105	1	0
2076	"포화의 얼티밋포스"	160	10	95	6	7	0	1073	0	0	0	0	6	1	14	0	0	0	0	0	0	0	0	0	0	0	0	0	0	0	0	0	5	0	0	0	0	0	0	0	0	39	0	0	2	0	0	0	0	0	0	14	3	60	-1	-1	150	1	0
2080	"포화의 스피어스톰"	160	160	108	7	6	500	1160	0	0	0	0	6	1	14	0	0	0	0	0	0	0	0	0	0	0	0	0	0	0	0	5	0	0	0	0	0	0	0	0	0	43	0	0	2	0	1	0	0	0	0	0	3	60	-1	-1	130	1	0
2082	"포화의 블레이드스톰"	160	300	10	10	6	0	0	0	1150	0	0	6	0	14	0	0	0	0	0	0	0	0	0	0	0	0	0	0	0	0	0	0	5	0	0	0	0	0	0	0	45	0	0	1	0	1	0	0	0	0	3	2	50	-1	-1	190	1	0
2086	"누크(발동)"	0	0	0	0	0	0	0	0	0	0	0	0	1	0	0	0	0	0	0	0	0	0	0	0	0	0	0	0	0	0	0	0	0	0	0	0	0	0	0	0	0	0	0	0	0	1	0	0	0	0	0	-1	-1	-1	-1	100	0	0
2087	"볼트(발동)"	0	0	0	0	0	0	0	0	0	0	0	0	1	0	0	0	0	0	0	0	0	0	0	0	0	0	0	0	0	0	0	0	0	0	0	0	0	0	0	0	0	0	0	0	0	1	0	0	0	0	0	-1	-1	-1	-1	100	0	0
2088	"광역(발동)"	0	0	0	0	0	0	0	0	0	0	0	0	1	0	0	0	0	0	0	0	0	0	0	0	0	0	0	0	0	0	0	0	0	0	0	0	0	0	0	0	0	0	0	0	0	1	0	0	0	0	0	-1	-1	-1	-1	100	0	0
2089	"질풍의 와일드브레쉬"	300	320	35	19	6	0	0	1020	0	0	0	6	0	14	0	0	0	0	0	0	0	0	0	0	0	0	5	0	0	0	0	0	0	0	0	0	0	0	0	0	48	0	0	1	0	1	0	0	0	0	4	1	100	-1	-1	110	1	0
2090	"연성: 컨퓨전 스톤"	77	0	70	25	6	300000	850	0	0	0	0	0	1	0	0	0	0	0	0	0	0	0	0	0	0	0	0	0	0	0	0	0	0	1	0	0	0	0	0	0	141	1	0	0	443	2	0	0	0	0	17	-1	-1	-1	-1	100	0	0
2091	"연성: 엔젤 호문쿨루스"	30	130	5	0	6	0	70	0	0	0	0	6	1	0	0	0	0	0	0	0	0	0	0	0	0	0	0	0	0	0	0	0	0	1	0	0	0	0	0	0	142	0	0	2	0	1	0	0	0	0	17	3	45	-1	-1	190	0	0
2092	"연성: 이그니션 봄버"	50	140	30	0	6	0	680	0	0	0	0	6	1	0	0	0	0	0	0	0	0	0	0	0	0	0	0	0	0	0	0	0	0	1	0	0	0	0	0	0	143	0	0	2	0	0	0	0	0	0	17	3	60	-1	-1	190	0	0
2093	"연성: 카운트리스 웨폰"	160	160	108	10	6	0	1025	0	0	0	0	6	1	0	0	0	0	0	0	0	0	0	0	0	0	0	0	0	0	0	0	0	0	3	0	0	0	0	0	0	144	0	0	2	1	0	0	0	0	0	17	3	60	-1	-1	150	1	0
2094	"포화의 카운트리스 웨폰"	160	160	120	13	6	0	1025	0	0	0	0	6	1	14	0	0	0	0	0	0	0	0	0	0	0	0	0	0	0	0	0	0	0	5	0	0	0	0	0	0	50	0	0	2	0	0	0	0	0	0	17	3	60	-1	-1	130	1	0
2095	"스피릿블래스트"	160	350	35	16	6	0	0	800	0	620	0	6	0	0	0	0	0	0	0	0	0	0	0	3	0	0	0	0	0	0	0	0	0	0	0	0	0	0	0	0	136	0	0	1	0	1	0	0	0	0	15	5	50	1	100	130	1	0
2096	"분노의 스피릿블래스트"	160	350	35	16	6	0	0	800	0	620	0	6	0	14	0	0	0	0	0	0	0	0	0	5	0	0	0	0	0	0	0	0	0	0	0	0	0	0	0	0	49	0	0	1	0	1	0	0	0	0	15	5	50	1	100	130	1	0
2097	"크라운포스"	10	0	80	20	0	3000	300	0	0	400	0	0	-1	0	0	0	0	0	0	0	0	0	0	1	0	0	0	0	0	0	0	0	0	0	0	0	0	0	0	60000	137	1	0	4	427	3	0	0	0	0	0	-1	-1	-1	-1	100	0	0
2098	"디바인포스"	10	0	100	0	0	1200000	0	0	0	500	0	0	-1	0	0	0	0	0	0	0	0	0	0	3	0	0	0	0	0	0	0	0	0	0	0	0	0	0	0	3000	138	1	0	4	428	3	0	0	0	0	15	-1	-1	-1	-1	100	0	0
2099	"디바인아우라"	10	0	100	0	0	1200000	0	0	0	500	0	0	-1	0	0	0	0	0	0	0	0	0	0	3	0	0	0	0	0	0	0	0	0	0	0	0	0	0	0	3000	139	1	0	4	429	3	0	0	0	0	16	-1	-1	-1	-1	100	0	0
2100	"배틀글로리"	66	0	40	30	0	0	0	200	0	200	0	0	0	0	0	0	0	0	0	0	0	0	0	1	0	0	0	0	0	0	0	0	0	0	0	0	0	0	0	0	140	1	0	0	436	2	0	0	0	0	0	-1	-1	-1	-1	100	0	0
2101	"루닉스피어"	140	20	15	0	7	0	600	0	0	0	0	6	1	0	0	0	0	0	0	0	0	0	0	0	0	0	0	2	0	0	0	0	0	0	0	0	0	0	0	0	145	0	0	2	0	0	0	0	0	0	9	3	100	-1	-1	120	0	0
2102	"룬프레이즈"	160	160	70	5	7	0	1180	0	0	0	0	6	1	0	0	0	0	0	0	0	0	0	0	0	0	0	0	3	0	0	0	0	0	0	0	0	0	0	0	0	146	0	0	2	0	1	0	0	0	0	9	3	100	-1	-1	130	1	0
2103	"포화의 룬프레이즈"	160	160	90	6	7	0	1180	0	0	0	0	6	1	14	0	0	0	0	0	0	0	0	0	0	0	0	0	5	0	0	0	0	0	0	0	0	0	0	0	0	51	0	0	2	0	1	0	0	0	0	9	3	100	-1	-1	130	1	0
2104	"스페셜프레이즈"	160	160	0	0	7	0	0	0	0	0	0	0	1	6	0	0	0	0	0	0	0	0	0	0	0	0	0	3	0	0	0	0	0	0	0	0	0	0	0	0	146	0	0	0	0	1	0	0	0	0	0	3	100	-1	-1	130	1	0
end																																																											
																																																											
																																																											
																																																											
																																																											
																																																											
																																																											
																																																											
																																																											
																																																											
																																																											
																																																											
																																																											
																																																											
																																																											
