0	0.67	0.75	180	270	15	0.55
1	0.8	0.85	180	270	15	0.55
2	0.8	0.85	180	270	15	0.55
3	0.8	0.85	180	270	15	0.55
4	0.8	0.85	180	270	15	0.55
5	0.8	0.85	180	270	15	0.55
6	0.8	0.85	180	270	15	0.55
7	0.8	0.85	180	270	15	0.55
8	0.8	0.85	180	270	15	0.506
9	0.8	0.85	180	270	25	0.55
10	0.8	0.85	180	270	25	0.55
11	0.8	0.85	180	270	25	0.55
12	0.8	0.85	180	270	25	0.55
13	0.8	0.85	180	270	15	0.55
14	0.8	0.85	180	270	15	0.55
15	0.8	0.9	180	270	25	0.44
16	0.8	0.85	180	270	15	0.55
17	0.8	0.85	180	270	25	0.55
18	0.8	0.85	180	270	25	0.55
19	0.8	0.85	180	270	15	0.55
20	0.8	0.85	180	270	15	0.55
21	0.8	0.85	180	270	25	0.55
22	0.8	0.85	180	270	15	0.55
23	0.8	0.85	180	270	25	0.55
24	0.73	0.8	180	90	15	0.616
25	0.8	0.85	180	270	25	0.55
26	0.65	0.78	180	270	10	0.528
27	0.8	0.85	180	270	15	0.55
28	0.8	0.85	180	270	10	0.55
29	0.8	0.85	180	270	15	0.55
30	0.8	0.85	180	270	15	0.55
31	0.8	0.85	180	270	25	0.55
32	0.5	0.6	-90	0	0	0.77
33	0.5	0.6	0	0	0	0.77
34	0.5	0.6	0	0	0	0.77
35	0.5	0.6	0	0	0	0.66
36	0.8	0.85	180	270	15	0.55
37	0.8	0.85	180	270	25	0.55
39	0.59	0.19	0	90	0	0.396
40	0.5	0.5	-90	0	0	0.55
41	0.52	0.85	180	90	0	0.484
42	0.6	0.9	180	-90	10	0.616
43	0.75	0.84	0	91	204	0.484
44	0.6	0.9	180	-90	10	0.616
45	0.75	0.84	0	91	204	0.484
46	0.53	0.55	-90	0	0	0.77
47	0.58	0.81	0	98	182	0.462
48	0.8	0.85	180	270	15	0.55
49	0.8	0.85	180	270	25	0.55
50	0.5	0.6	0	0	0	0.77
51	0.5	0.85	0	90	190	0.506
52	0.53	0.51	-90	0	0	0.55
53	0.56	0.56	-90	0	0	0.55
54	0.6	0.9	180	-90	10	0.616
55	0.6	0.9	180	-90	10	0.616
56	0.53	0.485	-90	0	0	1.0978
57	0.6	0.898	180	-90	10	0.62535
58	0.6	0.862	180	-90	10	0.62535
59	0.53	0.485	-90	0	0	0.83985
60	0.5	0.5	-90	-20.16	0	0.7645
61	0.5	0.5	-90	-20.16	0	0.7645
62	0.5	0.9	-180	-65	8	0.66
63	0.704	0.75	-180	-94	6	0.572
64	0.5	0.5	-90	0	0	0.638
65	0.798	0.686	180	-90	15	0.55
66	0.798	0.696	180	-90	20	0.55
67	0.705	0.705	180	-90	20	0.55
68	0.798	0.686	180	-90	15	0.55
69	0.686	0.648	180	-90	10	0.55
70	0.622	0.761	180	-90	10	0.55
71	0.908	0.758	180	-90	16	0.6765
72	0.796	0.758	180	-90	20	0.6523
73	0.815	0.76	180	-90	8.64	0.4884
74	1.039	0.815	180	-90	16	0.6622
75	1.076	0.833	180	-90	14	0.65615
76	0.891	0.815	180	-90	14	0.6765
77	0.5	0.852	180	-90	10	0.6622
78	0.5	0.902	180	-78.75	6.75	0.6864
79	0.5	0.928	180	97.11	5.04	0.693
80	0.5	0.63	-90	0	0	0.72325
81	0.5	0.872	-180	-102.15	1.62	0.62535
82	0.5	0.909	-180	90.45	0	0.6314
83	0.5	0.771	-90	0	0	0.9075
84	0.5	0.815	180	-90	6.75	0.6413
85	0.5	0.872	-180	-102.15	1.62	0.62535
86	0.5	0.909	-180	90.45	0	0.6314
87	0.5	0.511	-90	0	0	0.9075
88	0.5	0.815	180	-90	6.75	0.6413
89	0.8	0.85	180	270	25	0.76835
90	0.8	0.85	180	270	25	0.75295
91	0.8	0.85	180	270	25	0.79915
92	0.8	0.85	180	270	25	0.75735
93	0.8	0.85	180	270	25	0.7425
94	0.8	0.85	180	270	25	0.7986
95	0.8	0.85	180	270	25	0.869
96	0.5	0.852	-180	-85.41	0	0.6314
97	0.5	0.872	-180	-87.12	0	0.6105
98	0.5	0.5	-90	0	0	0.71335
99	0.5	0.779	-180	-103.86	0	0.67155
100	0.761	0.891	-180	-97.92	25	0.93775
101	0.684	0.945	180	-77.04	9.18	0.57365
102	0.715	0.888	180	-77.04	9.18	0.5742
103	0.666	0.906	180	-77.04	9.18	0.57255
104	0.666	0.906	180	-77.04	9.18	0.57255
105	0.74	0.906	180	-77.04	9.18	0.6039
106	0.74	0.906	180	-77.04	9.18	0.6039
107	0.666	0.906	180	-77.04	9.18	0.6039
108	0.666	0.906	180	-77.04	9.18	0.6039
109	0.666	0.906	180	-77.04	9.18	0.57255
110	0.666	0.906	180	-77.04	9.18	0.6039
111	0.666	0.906	180	-77.04	9.18	0.6039
112	0.666	0.906	180	-77.04	9.18	0.6138
113	0.685	0.869	180	-77.04	5.76	0.6853
114	0.685	0.887	180	-77.04	5.76	0.61325
115	0.715	0.888	180	-77.04	9.18	0.5742
116	0.5	0.927	-180	-102.15	1.62	0.769494
117	0.5	0.872	-180	-102.15	1.62	0.657781
118	0.5	0.575	-90	0	0	0.71335
119	0.641	0.815	180	-90	6.75	0.824225
120	0.89	0.946	-180	-97.92	25	0.657031
121	0.666	0.906	180	-77.04	9.18	0.574559
122	0.5	0.938	-180	-102.15	1.62	0.712513
123	0.5	0.872	-180	-102.15	1.62	0.587304
124	0.5	0.63	-90	0	0	0.893952
125	0.641	0.815	180	-90	6.75	0.824225
126	0.89	0.927	-180	-97.92	25	0.769494
127	0.666	0.901	180	-77.04	9.18	0.519077
128	0.5	0.957	-180	-102.15	1.62	0.615045
129	0.5	0.872	-180	-102.15	1.62	0.587304
130	0.5	0.63	-90	0	0	0.893952
131	0.641	0.815	180	-90	6.75	0.697518
132	0.89	0.87	-180	-97.92	25	0.63004
133	0.666	0.827	180	-77.04	9.18	0.462846
134	0.5	0.957	-180	-102.15	1.62	0.615045
135	0.5	0.901	-180	-81.36	-0.09	0.615045
136	0.5	0.901	-180	-81.36	-0.09	0.615045
137	0.5	0.702	-90	0	0	0.893952
138	0.641	0.815	180	-90	6.75	0.697518
139	0.89	0.87	-180	-97.92	25	0.63004
140	0.666	0.902	180	-77.04	9.18	0.574559
141	0.5	0.901	-180	-81.36	-0.09	0.615045
512	0.8	0.7	180	270	15	0.55
513	0.8	0.7	180	270	15	0.55
514	0.8	0.7	180	270	15	0.55
515	0.8	0.7	180	270	15	0.55
516	0.8	0.7	180	270	15	0.55
517	0.8	0.7	180	270	25	0.55
518	0.8	0.7	180	270	25	0.55
519	0.8	0.7	180	270	25	0.55
520	0.8	0.7	180	270	25	0.55
1024	0.8	0.7	180	270	15	0.55
1025	0.8	0.7	180	270	15	0.55
1026	0.8	0.7	180	270	15	0.55
1027	0.8	0.72	180	270	25	0.55
1028	0.8	0.7	180	270	15	0.55
1029	0.8	0.83	180	270	25	0.528
1030	0.8	0.8	180	270	25	0.528
1031	0.8	0.7	180	270	15	0.55
1032	0.8	0.75	180	270	15	0.66
1033	0.8	0.75	180	270	15	0.616
1034	0.67	0.65	180	270	15	0.594
1035	0.62	0.6	180	270	10	0.616
1036	0.65	0.67	180	270	12	0.506
1037	0.6	0.5	180	270	10	0.528
1038	0.65	0.54	180	90	13	0.528
1039	0.75	0.65	180	90	13	0.528
1040	0.7	0.73	180	270	15	0.528
1041	0.73	0.69	180	270	15	0.528
1042	0.8	0.65	180	90	12	0.528
1043	0.8	0.7	180	270	15	0.55
1044	0.8	0.7	180	270	25	0.55
1045	0.5	0.2	0	0	0	0.55
1046	0.6	0.78	0	79	190	0.682
1047	0.58	0.67	0	79	181	0.418
1048	0.62	0.6	180	270	10	0.616
1049	0.5	0.65	0	90	190	0.506
1050	0.6	0.6955	0	79	190	0.682
1051	0.6	0.62	0	79	190	0.6347
1052	0.8	0.7	180	270	15	0.55
1053	0.782	0.773	180	270	15	0.78485
1054	0.8	0.754	180	270	15	0.55
1055	0.8	0.773	180	270	15	0.836
1056	0.8	0.811	180	270	15	0.91795
1057	0.8	0.736	180	270	15	0.9691
1058	0.8	0.754	180	270	15	0.9075
1059	0.8	0.662	180	270	15	0.693
1060	0.481	0.6	180	90	8	0.9427
1061	0.8	0.7	180	270	15	0.55
1062	0.8	0.662	180	270	15	0.9735
1063	0.8	0.662	180	270	15	0.87065
1064	0.5	0.575	180	18.45	8.37	1.0032
1065	0.5	0.685	180	70.38	13.41	0.95865
1066	0.5	0.535	-180	-84.78	8.28	0.74745
1067	0.649	0.734	180	-90.45	9.99	0.9526
1068	0.5	0.535	-180	-84.78	8.28	0.74745
1069	0.649	0.734	180	-90.45	9.99	0.812979
1070	0.5	0.535	-180	-84.78	8.28	0.74745
1071	0.649	0.641	180	-90.45	9.99	0.796485
1072	0.5	0.535	-180	-84.78	8.28	0.74745
1073	0.649	0.603	180	-82.08	8.19	0.768744
1074	0.5	0.535	-180	-84.78	8.28	0.741003
1075	0.649	0.659	180	-90.45	13.23	0.866211
1076	0.5	0.758	-180	-84.78	8.28	0.642786
1077	0.649	0.659	180	-90.45	13.23	0.797234
1078	0.519	0.703	0	70	180	0.773242
1079	0.519	0.703	0	70	180	0.773242
1080	0.519	0.721	0	90	180	0.815229
1081	0.519	0.721	0	90	180	0.815229
1082	0.519	0.721	0	70	180	0.800233
1083	0.519	0.703	0	70	180	0.814479
1084	0.519	0.685	0	90	180	0.814479
1085	0.519	0.685	0	90	180	0.814479
1086	0.519	0.685	0	90	180	0.814479
1087	0.519	0.685	0	90	180	0.814479
1088	0.519	0.685	0	90	180	0.814479
1089	0.519	0.685	0	90	180	0.814479
1090	0.519	0.685	0	90	180	0.814479
1091	0.519	0.685	0	90	180	0.814479
1092	0.519	0.704	0	90	180	0.856465
1093	0.519	0.685	0	90	180	0.814479
1094	0.519	0.629	0	90	180	0.785988
1095	0.519	0.629	0	90	180	0.785988
1096	0.519	0.703	0	70	180	0.773242
1097	0.779	0.758	-180	-84.78	8.28	0.642786
1098	0.649	0.639	180	-90.45	13.23	0.615045
1099	0.519	0.629	0	90	180	0.785988
1536	0.6	0.6	0	90	20	0.44
1537	0.6	0.65	180	270	25	0.462
1538	0.77	0.8	180	270	25	0.462
1539	0.67	0.65	180	270	25	0.44
1540	0.7	0.7	180	270	25	0.44
1541	0.65	0.64	180	270	25	0.44
1542	0.67	0.64	180	270	25	0.44
1543	0.6	0.57	180	270	25	0.44
1544	0.7	0.67	180	270	25	0.44
1545	0.6	0.65	180	270	25	0.462
1546	0.7	0.7	180	270	20	0.374
1547	0.6	0.65	180	90	15	0.55
1548	0.6	0.65	180	270	25	0.462
1549	0.61	0.76	180	90	0	0.506
1550	0.53	0.68	180	-90	0	0.44
1551	0.61	0.76	180	-90	0	0.44
1552	0.61	0.76	180	90	0	0.44
1553	0.61	0.76	180	-90	0	0.44
1554	0.5	0.76	180	270	0	0.44
1555	0.55	0.7	0	50	190	0.506
1556	0.55	0.7	0	0	180	0.44
1557	0.61	0.76	180	-90	0	0.44
1558	0.5	0.94	0	-90	180	0.55
1559	0.53	0.87	180	-90	0	0.528
1560	0.55	0.8855	0	50	190	0.6589
1561	0.55	0.8855	0	50	190	0.6171
1562	0.481	0.789	-180	-90	0	0.55
1563	0.481	0.789	-180	-90	0	0.55
1564	0.5	0.9	-180	-180	9	0.594
1565	0.715	1.021	180	90.45	7.47	0.6512
1566	0.593	0.928	180	56.97	6.75	0.6314
1567	0.593	0.928	180	56.97	6.75	0.52855
1568	0.593	0.928	180	56.97	6.75	0.52855
1569	0.593	1.001	180	56.97	6.75	0.555815
1570	0.593	0.827	180	56.97	6.75	0.538571
1571	0.593	0.734	180	56.97	6.75	0.525075
1572	0.593	0.809	180	56.97	6.75	0.566311
2048	0.5	0.6	180	270	25	0.55
2049	0.5	0.6	180	270	25	0.55
2050	0.5	0.6	180	270	25	0.55
//2051	0.5	0.6	180	270	25	0.55
2051	0.535	0.454	180	76.05	0	0.531823
2052	0.5	0.6	180	270	25	0.55
2053	0.5	0.6	180	270	25	0.55
2054	0.5	0.6	180	270	25	0.55
2055	0.5	0.6	0	270	15	0.264
2056	0.65	0.73	90	180	29	0.528
2057	0.6	0.78	90	180	26	0.528
2058	0.7	0.7	90	180	20	0.55
2059	0.7	0.7	90	180	20	0.55
2060	0.69	0.75	90	180	20	0.528
2061	0.69	0.75	90	180	20	0.528
2062	0.69	0.75	90	180	20	0.528
2063	0.7	0.7	0	270	15	0.242
2064	0.7	0.7	90	180	20	0.55
2065	0.5	0.5	0	90	15	0.55
2066	0.69	0.8	90	180	20	0.528
2067	0.7	0.75	90	180	20	0.44
2068	0.5	0.55	180	-90	15	0.55
2069	0.54	0.49	180	-90	15	0.462
2070	0.31	0.54	180	-90	15	0.44
2071	0.31	0.54	180	-90	15	0.682
2072	0.41	0.57	180	-90	15	0.506
2073	0.44	0.54	180	-90	15	0.528
2074	0.7	0.7	90	180	20	0.44
2075	0.5	0.5	0	90	0	0.55
2076	0.5	0.5	0	229	190	0.66
2077	0.5	0.5	0	90	15	0.55
2078	0.5	0.79	90	0	10	0.374
2079	0.5	0.5	0	229	190	0.66
2080	0.5	0.5	0	90	0	0.79475
2081	0.5	0.5	0	90	0	0.76395
2082	0.5	0.444	0	270	0	0.76395
2083	0.5	0.387	0	90	0	0.6919
2084	0.5	0.5	0	90	180	0.572
2085	0.184	0.424	0	90	0	0.63525
2086	0.82	0.5	-180	90	0	0.55
2087	0.5	0.42	-0.8	-82	0	0.77
2088	0.538	0.417	180	92.07	0	0.6314
2089	0.407	0.351	-0.81	90.45	0	0.72325
2090	0.5	0.928	-90	90	173.34	1.42945
2091	0.5	0.928	-90	90	173.34	1.42945
2092	0.5	0.928	-90	90	173.34	1.42945
2093	0.5	0.928	-90	90	173.34	1.42945
2094	0.5	0.928	-90	90	173.34	1.42945
2095	0.5	0.946	-90	90	173.34	0.98945
2096	0.5	0.928	-90	90	173.34	1.42945
2097	0.5	0.928	-90	90	173.34	1.42945
2098	0.5	0.928	-90	90	173.34	1.42945
2099	0.5	0.928	-90	90	173.34	1.42945
2100	0.5	0.928	-90	90	173.34	1.42945
2101	0.5	0.928	-90	90	173.34	1.42945
2102	0.5	0.928	-90	90	173.34	1.42945
2103	0.5	0.928	-90	90	173.34	1.42945
2104	0.369	0.473	180	76.05	0	0.6413
2105	0.5	0.454	0	102.15	0	0.72765
2106	0.369	0.473	180	76.05	0	0.6413
2107	0.5	0.454	0	102.15	0	0.72765
2108	0.5	0.928	-90	90	173.34	1.42945
2109	0.369	0.473	180	76.05	0	0.4774
2110	0.5	0.62	0	102.15	0	0.84975
2111	0.5	0.872	-90	90	173.34	1.42945
2112	0.535	0.454	180	76.05	0	0.435105
2113	0.5	0.529	0	102.15	0	0.612796
2114	0.5	0.872	-90	90	173.34	1.25758
2115	0.535	0.454	180	76.05	0	0.531823
2116	0.5	0.529	0	102.15	0	0.738004
2117	0.648	0.834	-90	90	173.34	0.866211
2118	0.535	0.454	180	76.05	0	0.531823
2119	0.5	0.529	0	102.15	0	0.695269
2120	0.537	0.834	-90	90	173.34	0.920943
2121	0.758	0.454	180	76.05	0	0.531823
2122	0.5	0.529	0	102.15	0	0.695269
2560	0.6	0.55	180	270	15	0.484
2561	0.6	0.55	180	270	25	0.484
2562	0.6	0.55	180	270	25	0.484
2563	0.6	0.55	180	270	25	0.484
2564	0.6	0.55	180	270	25	0.484
2565	0.6	0.55	180	270	15	0.484
2566	0.6	0.55	180	270	15	0.484
2567	0.6	0.55	180	270	25	0.484
2568	0.6	0.55	180	270	25	0.484
2569	0.6	0.55	180	270	15	0.484
2570	0.6	0.55	180	90	15	0.418
2571	0.6	0.55	180	270	15	0.484
2572	0.84	0.77	180	0	8	0.462
2573	0.8	0.5	180	90	8	0.462
2574	0.6	0.47	180	270	15	0.594
2575	0.6	0.55	180	270	15	0.616
2576	0.6	0.55	180	270	15	0.616
2577	0.83	0.51	180	270	15	0.616
2578	0.8	0.55	180	270	15	0.594
2579	0.44	0.6	180	270	15	0.616
2580	0.6	0.55	180	270	15	0.616
2581	0.6	0.55	0	0	0	0.88
2582	0.6	0.55	0	0	0	0.88
2583	0.52	0.55	0	0	0	0.88
2590	0.6	0.55	180	90	10	0.484
2591	0.6	0.55	180	90	10	0.484
2592	0.6	0.55	180	270	15	0.484
2593	0.78	0.67	180	90	10	0.616
2594	0.6	0.65	180	90	10	0.594
2595	0.6	0.57	180	270	15	0.484
2596	0.67	0.49	180	270	15	0.506
2597	0.6	0.55	180	270	25	0.484
2598	0.6	0.55	180	270	15	0.484
2599	0.6	0.55	180	270	15	0.616
2600	0.6	0.55	0	0	0	0.88
2601	0.55	0.63	0	84	190	0.55
2602	0.56	0.55	0	0	204	0.418
2603	0.49	0.73	0	-79	190	0.616
2604	0.53	0.6	0	0	180	0.55
2605	0.6	0.55	180	270	15	0.484
2606	0.6	0.55	180	270	15	0.616
2607	0.52	0.55	0	0	0	0.88
2608	0.6	0.55	180	270	25	0.484
2609	0.5	0.6	0	90	190	0.506
2610	0.38	0.58	0	90	190	0.484
2611	0.55	0.63	0	84	190	0.4983
2612	0.49	0.488	0	-79	190	0.616
2613	0.55	0.63	0	84	190	0.66
2614	0.787	0.636	0	-79	190	0.7788
2615	0.5	0.55	-180	-63	10	0.726
2616	0.63	0.91	-180	-116	6.1	1.1
2621	0.5	0.5	180	15.12	10.8	0.7436
2622	0.5	0.779	180	90.45	0	0.7645
2624	0.5	0.556	-180	76.95	6.66	0.65175
2625	0.388	0.585	180	90	0	0.53845
2626	0.5	0.5	-90	0	0	0.6314
2627	0.704	0.49	-90	72.72	0	1.47455
2628	0.5	0.5	-90	72.72	0	1.47455
2629	0.5	0.5	-90	72.72	0	1.47455
2630	0.704	0.49	-90	72.72	0	1.47455
2631	0.5	0.5	-90	131.31	0	1.15665
2632	0.5	0.5	-90	94.5	0	1.18745
2633	0.399	0.742	-90	104.58	0	1.2078
2634	0.399	0.742	-90	104.58	0	1.2078
2635	0.399	0.742	-90	104.58	0	1.2078
2636	0.399	0.742	-90	104.58	0	1.2078
2637	0.399	0.742	-90	104.58	0	1.2078
2638	0.399	0.742	-90	104.58	0	1.2078
2639	0.399	0.742	-90	104.58	0	1.02245
2640	0.5	0.5	-90	0	0	0.99935
2641	0.5	0.5	-90	0	0	0.81455
2642	0.5	0.5	-90	0	0	1.1209
2643	0.5	0.5	-90	0	0	0.99935
2644	0.5	0.5	-90	0	0	0.99165
2645	0.5	0.5	-90	0	0	0.80795
2646	0.5	0.5	-90	0	0	0.99935
2647	0.5	0.612	-90	0	0	1.034
2648	0.5	0.5	-90	0	0	0.968
2649	0.5	0.611	-90	0	0	0.99935
2650	0.5	0.574	-90	-13.41	0	0.99935
2651	0.5	0.5	-90	0.27	0	0.99935
2652	0.5	0.611	-90	23.49	0	1.0241
2653	0.5	0.5	-90	19.98	0	0.98835
2654	0.5	0.5	-90	134	0	1.0406
2655	0.5	0.556	-180	76.95	6.66	0.65175
2656	0.407	0.585	180	-47.34	0	0.53845
2657	0.5	0.5	-90	0	0	0.6314
2658	0.5	0.5	-90	72.72	0	1.47455
2659	0.5	0.556	-180	76.95	6.66	0.65175
2660	0.407	0.585	180	-116.1	0	0.53845
2661	0.5	0.5	-90	0	0	0.6314
2662	0.399	0.742	-90	180	0	1.02245
2663	0.5	0.964	-90	50.13	0	0.7678
2664	0.5	0.499	-180	76.95	6.66	0.664529
2665	0.407	0.585	180	-116.1	0	0.732756
2666	0.5	1.003	-90	0	0	1.24409
2667	0.378	1.001	-90	-14.22	0	1.2021
2668	0.5	1.094	-90	4.86	0	1.24409
2669	0.668	0.603	-180	-85.32	13.41	0.842219
2670	0.668	0.603	-180	-85.32	13.41	0.940437
2671	0.668	0.603	-180	-85.32	13.41	0.940437
2672	0.668	0.603	-180	-85.32	13.41	0.828724
2673	0.668	0.603	-180	-85.32	13.41	0.828724
2674	0.668	0.603	-180	-85.32	13.41	0.828724
2675	0.668	0.603	-180	-85.32	13.41	0.842969
2676	0.668	0.603	-180	-85.32	13.41	0.842969
2677	0.668	0.547	-180	-88.83	13.41	0.897701
2678	0.668	0.603	-180	-85.32	13.41	0.827974
2679	0.668	0.603	-180	-85.32	13.41	0.882706
2680	0.668	0.603	-180	-85.32	13.41	0.882706
2681	0.668	0.603	-180	90.36	13.41	0.882706
2682	0.668	0.603	-180	-85.32	13.41	0.882706
2683	0.668	0.695	-180	-85.32	13.41	0.797984
2684	0.668	0.603	-180	-85.32	13.41	0.87071
2685	0.668	0.603	-180	-85.32	13.41	0.647285
2686	0.668	0.603	-180	-85.32	13.41	0.940437
2687	0.537	0.928	-90	180	0	0.996668
2688	0.537	0.928	-90	180	0	0.996668
2689	0.537	0.928	-90	180	0	0.996668
2690	0.537	0.928	-90	180	0	1.17661
2691	0.537	0.928	-90	180	0	1.09039
2692	0.537	0.928	-90	180	0	1.10763
2693	0.537	0.928	-90	180	0	1.14887
2694	0.537	0.928	-90	180	0	1.1916
2695	0.5	0.928	-90	180	0	1.14887
2696	0.537	0.928	-90	180	0	1.13537
2697	0.5	0.928	-90	180	0	1.21784
2698	0.5	0.928	-90	180	0	1.29957
2699	0.5	0.928	-90	180	0	1.29882
2700	0.5	0.928	-90	180	0	1.47951
2701	0.5	0.928	-90	180	0	1.38129
2702	0.5	0.928	-90	180	0	1.17661
2703	0.537	0.928	-90	180	0	1.17661
2704	0.5	0.499	-180	76.95	6.66	0.664529
2705	0.529	0.659	180	-85.95	0	0.685522
2706	0.5	0.436	-90	0	0	0.839221
2707	0.378	1.001	-90	-14.22	0	1.2021
2708	0.5	1.094	-90	4.86	0	1.24409
2711	0.5	0.499	-180	58.41	6.66	0.664529
2712	0.529	0.659	180	-84.24	0	0.685522
2713	0.5	0.436	-90	0	0	0.713262
2714	0.432	1.038	-90	161.55	0	1.34155
2715	0.64	0.852	-90	4.86	0	0.965178
2716	0.5	0.499	-180	58.41	6.66	0.664529
2717	0.5	0.499	-180	58.41	6.66	0.664529
2718	0.5	0.741	-163.44	-107.1	-0.18	0.912696
2719	0.5	0.984	-90	0	0	1.16011
2720	0.5	0.499	-180	58.41	6.66	0.664529
2721	0.529	0.659	180	-84.24	0	0.685522
2722	0.5	0.472	-90	0	0	0.977924
2723	0.306	1.038	-90	159.84	0	1.4945
2724	0.528	1	-90	4.86	0	1.31306
2725	0.5	0.499	-180	58.41	6.66	0.664529
2726	0.5	0.499	-180	58.41	6.66	0.664529
2727	0.5	0.665	-163.44	-107.1	-0.18	1.02066
2728	0.5	0.984	-90	0	0	1.16011
2729	0.55	0.63	0	84	190	0.55
2730	0.55	0.63	0	84	190	0.4983
2731	0.55	0.63	0	84	190	0.66
2732	0.5	0.55	-180	-63	10	0.726
2733	0.5	0.5	180	15.12	10.8	0.7436
2734	0.5	0.556	-180	76.95	6.66	0.65175
2735	0.5	0.556	-180	76.95	6.66	0.65175
2736	0.5	0.556	-180	76.95	6.66	0.65175
2737	0.5	0.499	-180	76.95	6.66	0.664529
2738	0.5	0.499	-180	76.95	6.66	0.664529
3072	0.5	0.6	270	270	0	0.55
3073	0.5	0.6	270	270	0	0.55
3074	0.5	0.6	270	270	0	0.55
3075	0.5	0.6	270	270	0	0.55
3076	0.5	0.6	270	270	0	0.55
3077	0.5	0.6	270	270	0	0.55
3078	0.5	0.73	270	270	0	0.55
3079	0.5	0.7	270	270	0	0.528
3080	0.5	0.6	270	270	0	0.55
3081	0.5	0.6	270	270	0	0.55
3082	0.5	0.54	270	270	0	0.55
3083	0.5	0.6	270	270	0	0.55
3084	0.5	0.6	270	270	0	0.55
3085	0.5	0.6	270	270	0	0.55
3086	0.44	0.73	270	270	0	0.55
3087	0.5	0.75	270	270	0	0.55
3088	0.5	0.9	270	270	0	0.55
3089	0.5	0.6	270	270	0	0.55
3090	0.5	0.6	270	270	0	0.55
3091	0.5	0.6	270	270	0	0.55
3092	0.5	0.6	270	270	0	0.55
3093	0.54	0.58	270	270	0	0.55
3094	0.36	0.6	-90	-90	0	0.44
3095	0.47	0.65	-90	-90	0	0.594
3096	0.47	0.57	-90	-90	0	0.594
3097	0.49	0.6	-90	-90	0	0.594
3098	0.44	0.54	-90	-90	0	0.506
3099	0.44	0.73	270	270	0	0.55
3100	0.5	0.6	270	270	0	0.55
3101	0.46	0.69	270	278	0	0.44
3102	0.44	0.6	270	270	0	0.506
3103	0.44	0.6	270	270	0	0.506
3104	0.44	0.6	270	270	0	0.506
3105	0.53	0.75	91	274	180	0.44
3106	0.501	0.69	91	274	180	0.726
3107	0.53	0.75	91	274	180	0.44
3108	0.53	0.75	91	274	180	0.33
3109	0.44	0.73	270	270	0	0.55
3110	0.54	0.58	270	270	0	0.55
3111	0.44	0.6	270	270	0	0.506
3112	0.51	0.71	-60	270	0	0.462
3113	0.44	0.6	270	270	0	0.506
3114	0.5	0.63	-70	-90	0	0.68255
3115	0.5	0.9	270	270	0	0.55
3116	0.37	0.638	270	270	0	0.72765
3117	0.426	0.638	270	270	0	0.72765
3118	0.37	0.638	270	270	0	0.72765
3119	0.37	0.638	270	270	0	0.72765
3120	0.37	0.694	270	270	0	0.72765
3121	0.37	0.657	270	270	0	0.6248
3122	0.463	0.713	270	270	0	0.5115
3123	0.436	0.713	270	270	0	0.814
3124	0.472	0.713	270	270	0	0.924
3125	0.407	0.787	270	270	0	0.93005
3126	0.37	0.712	270	270	0	0.78485
3127	0.37	0.638	270	270	0	0.836
3128	0.37	0.898	270	270	0	0.77825
3129	0.37	0.859	270	270	0	0.71665
3130	0.519	0.806	270	270	0	0.72765
3131	0.387	0.843	270	270	0	0.6039
3132	0.37	0.638	270	270	0	0.72765
3133	0.426	0.638	270	270	0	0.72765
3134	0.37	0.638	270	270	0	0.72765
3135	0.37	0.638	270	270	0	0.72765
3136	0.37	0.694	270	270	0	0.72765
3137	0.37	0.657	270	270	0	0.6248
3138	0.463	0.713	270	270	0	0.5115
3139	0.387	0.843	270	270	0	0.6039
3140	0.387	0.843	270	270	0	0.6039
3141	0.442	0.842	270	270	0	0.63154
3142	0.37	0.638	270	270	0	0.72765
3143	0.426	0.638	270	270	0	0.72765
3144	0.37	0.638	270	270	0	0.72765
3145	0.37	0.638	270	270	0	0.72765
3146	0.37	0.694	270	270	0	0.72765
3147	0.37	0.657	270	270	0	0.6248
3148	0.463	0.713	270	270	0	0.5115
3149	0.387	0.843	270	270	0	0.6039
3150	0.387	0.843	270	270	0	0.6039
3152	0.51	0.993	270	270	0	0.61
3152	0.51	0.993	270	270	0	0.782989
3153	0.492	0.991	270	-90	0	0.713262
3154	0.492	0.991	270	-90	0	0.713262
3155	0.492	0.655	270	-90	0	0.713262
3156	0.51	0.993	270	270	0	0.782989
3157	0.492	0.655	270	-90	0	0.713262
3158	0.492	0.655	270	-90	0	0.713262
3159	0.501	0.69	91	274	180	0.726
3160	0.436	0.713	270	270	0	0.814
3161	0.472	0.713	270	270	0	0.924
3162	0.407	0.787	270	270	0	0.93005
3163	0.37	0.712	270	270	0	0.78485
3164	0.37	0.638	270	270	0	0.836
3165	0.37	0.898	270	270	0	0.77825
3166	0.37	0.859	270	270	0	0.71665
3167	0.519	0.806	270	270	0	0.72765
3168	0.51	0.993	270	270	0	0.61
3169	0.51	0.993	270	270	0	0.782989
3170	0.519	0.566	270	270	10	0.654032
3171	0.519	0.566	270	270	5	0.695269
3172	0.481	0.566	270	270	5	0.834722
3173	0.519	0.566	270	270	0	0.793486
3174	0.37	0.638	270	270	0	0.72765
3175	0.426	0.638	270	270	0	0.72765
3176	0.37	0.638	270	270	0	0.72765
3177	0.37	0.638	270	270	0	0.72765
3178	0.37	0.694	270	270	0	0.72765
3179	0.37	0.657	270	270	0	0.6248
3180	0.463	0.452	270	270	0	0.5115
3181	0.387	0.544	270	270	0	0.6039
3182	0.442	0.544	270	270	0	0.63154
3183	0.492	0.45	270	-90	0	0.713262
3184	0.492	0.655	270	-90	0	0.713262
3185	0.492	0.655	270	-90	0	0.713262
3186	0.519	0.566	270	270	5	0.695269
3187	0.5	0.603	-90	-90.45	0	0.727508
3188	0.5	1.114	-90	-90.54	0	0.773242
3189	0.5	0.603	-90	-90.45	0	0.727508
3190	0.5	0.603	-90	-90.45	0	0.727508
3191	0.5	1.114	-90	-90.54	0	0.773242
3192	0.501	0.69	91	274	180	0.726
3193	0.436	0.713	270	270	0	0.814
3194	0.472	0.713	270	270	0	0.924
3195	0.407	0.787	270	270	0	0.93005
3196	0.37	0.712	270	270	0	0.78485
3197	0.37	0.638	270	270	0	0.836
3198	0.37	0.898	270	270	0	0.77825
3199	0.37	0.859	270	270	0	0.71665
3200	0.519	0.806	270	270	0	0.72765
3201	0.51	0.993	270	270	0	0.61
3202	0.51	0.993	270	270	0	0.782989
3203	0.5	1.114	-90	-90.54	0	0.773242
3584	0.5	0.8	270	-10	0	0.858
3585	0.5	0.8	270	-10	0	0.836
3586	0.5	0.8	270	-10	0	0.858
3587	0.5	0.8	270	-10	0	0.858
3588	0.5	0.8	270	-10	0	0.858
3589	0.5	0.8	270	-10	0	0.858
3590	0.5	0.8	270	-10	0	0.858
3591	0.5	0.8	270	-10	0	0.858
3592	0.5	0.8	270	-10	0	0.858
3593	0.5	0.8	270	-10	0	0.858
3594	0.5	0.8	270	-10	0	0.858
3595	0.5	0.8	270	-10	0	0.858
3596	0.5	0.8	270	-46	0	0.836
3597	0.5	0.8	270	-10	0	0.858
3598	0.5	0.8	270	-10	0	0.858
3600	0.5	0.8	270	-10	0	0.858
3601	0.5	0.8	270	-10	0	0.858
3602	0.5	0.8	270	-10	0	0.836
3603	0.5	0.8	270	-10	0	0.858
3605	0.5	0.8	270	-10	0	0.858
3606	0.5	0.8	270	-10	0	0.858
3608	0.5	0.8	270	-10	0	0.858
3609	0.5	0.8	270	-10	0	0.858
3610	0.5	0.8	270	-10	0	0.858
3611	0.5	0.8	270	-10	0	0.858
3612	0.5	0.8	270	-10	0	0.858
3613	0.5	0.8	270	-10	0	0.858
3614	0.5	0.8	-90	0	0	0.858
3615	0.5	0.8	-90	0	0	1.54
3617	0.5	0.8	270	-10	0	0.858
3618	0.5	0.8	270	-10	0	0.858
3619	0.5	0.8	-90	22	0	0.836
3620	0.5	0.8	270	-10	0	0.858
3622	0.5	0.8	270	-10	0	0.858
3623	0.5	0.8	-90	0	0	1.54
3624	0.5	1	-90	0	0	1.54
3625	0.5	1	-90	0	0	1.54
3626	0.5	0.8	-90	0	0	1.54
3627	0.5	1	-90	0	0	1.54
3628	0.5	1	-90	0	0	1.54
3629	0.5	0.8	270	-10	0	0.858
3630	0.5	0.8	270	-10	0	0.858
3633	0.5	0.8	270	-10	0	0.858
3634	0.5	0.8	270	-10	0	0.858
3635	0.5	0.8	270	-10	0	0.858
3636	0.5	0.8	270	-10	0	0.858
3637	0.47	0.78	-90	-13	0	0.99
3638	0.49	0.88	-90	-18	0	0.968
3639	0.5	0.91	-90	-18	0	0.924
3640	0.5	0.91	-90	-9	0	0.99
3642	0.5	0.91	-90	-10	0	0.946
3643	0.5	0.8	-90	25	0	0.858
3644	0.5	0.8	270	-10	0	0.858
3645	0.5	0.8	270	-10	0	0.858
3646	0.52	0.65	270	-10	0	0.836
3647	0.54	0.65	270	-10	0	0.858
3648	0.44	0.65	270	-10	0	0.858
3649	0.49	0.75	-90	25	0	1.54
3650	0.5	0.8	270	-10	0	0.858
3651	0.44	0.64	270	-10	0	0.858
3652	0.52	0.67	270	-10	0	0.836
3653	0.5	0.8	270	-10	0	0.858
3654	0.5	0.8	270	-10	0	1.54
3656	0.5	0.62	270	-10	0	0.858
3657	0.5	0.78	270	-10	0	0.858
3658	0.49	0.88	-90	-18	0	0.968
3659	0.5	0.9	-90	-10	0	1.012
3662	0.44	0.64	270	-10	0	0.858
3663	0.5	0.8	270	-10	0	0.858
3664	0.52	0.67	270	-10	0	0.836
3665	0.5	0.8	270	-10	0	0.858
3666	0.5	0.8	270	-10	0	1.54
3667	0.5	0.8	-90	25	0	0.858
3669	0.5	0.8	270	-10	0	0.858
3670	0.5	0.8	270	-10	0	0.858
3671	0.5	0.8	270	-10	0	0.858
3672	0.5	0.8	270	-10	0	0.858
3673	0.5	0.8	-90	0	0	1.54
3674	0.5	0.8	270	-10	0	0.858
3675	0.51	0.8	269	32	-1	0.99
3676	0.51	0.8	-90	25	-1	0.99
3677	0.51	0.8	270	27	0	0.88
3678	0.5	0.83	270	22	0	0.924
3679	0.5	0.83	270	-90	0	0.726
3680	0.51	0.8	269	32	-1	0.99
3681	0.51	0.8	270	27	0	0.88
3682	0.5	0.94	80	160	180	0.99
3683	0.5	1.13	90	160	180	1.562
3684	0.5	1.12	88	150	180	1.474
3685	0.5	1.12	88	150	180	1.474
3687	0.5	1.13	90	160	180	1.562
3688	0.5	0.94	80	160	180	0.99
3689	0.5	0.97	87	161	180	1.518
3690	0.455	0.921	80	180	180	1.3068
3691	0.455	0.921	80	180	180	1.3068
3692	0.455	1.219	80	180	180	1.6753
3693	0.455	1.219	80	180	180	1.6753
3695	0.455	0.921	80	180	180	1.3068
3696	0.455	0.921	80	180	180	1.3068
3697	0.455	0.976	80	180	180	1.4399
3698	0.455	1.219	80	180	180	1.6753
3699	0.5	1.13	90	160	180	1.562
3700	0.5	0.803	88	150	180	1.2287
3701	0.5	0.804	90	154.8	180	1.10605
3702	0.5	0.804	90	154.8	180	1.10605
3703	0.5	0.804	90	154.8	180	1.10605
3704	0.5	0.8	270	-10	0	0.858
3705	0.5	0.9	-90	-10	0	1.012
3706	0.5	1.12	88	150	180	1.474
3707	0.5	1.013	90	160	180	1.3068
3708	0.5	0.804	90	154.8	180	1.10605
3709	0.5	0.804	90	154.8	180	1.10605
3711	0.5	1.12	90	150	180	1.07415
3712	0.455	1.219	80	180	180	1.6753
3713	0.48	1	-90	0.98	0	1.1
3720	0.5	0.8	270	-10	0	0.858
3723	0.5	0.883	90	160	180	1.2353
3724	0.5	1.013	90	160	180	1.3068
3725	0.5	1.013	90	160	180	1.3068
3727	0.5	0.883	90	160	180	1.2353
3728	0.5	0.883	90	160	180	1.2353
3729	0.5	0.883	90	160	180	1.4091
3730	0.5	0.99	90	157	180	1.518
3731	0.5	0.97	90	156	180	1.518
3732	0.5	1.31	90	156	180	1.694
3733	0.5	0.85	87	161	180	1.21
3734	0.5	0.94	90	150	180	1.38875
3735	0.472	0.94	90	150	180	1.7567
3736	0.5	1.12	90	150	180	1.07415
3737	0.5	1.12	90	150	180	1.07415
3739	0.472	0.94	90	150	180	1.7567
3740	0.5	0.94	90	150	180	1.38875
3741	0.5	0.9905	90	150	180	1.07415
3742	0.5	1.12	88	150	180	1.474
3743	0.5	1.013	90	160	180	1.3068
3744	0.5	1.12	90	150	180	1.07415
3748	0.5	0.91	-90	-25	0	1.342
3749	0.5	0.9	-90	-1.7	0	1.54
3750	0.45	1	-90	0.98	0	1.1
3751	0.48	1	-90	0.98	0	1.1
3753	0.5	0.91	-90	-25	0	1.342
3754	0.5	0.91	-90	-25	0	1.342
3755	0.38	1	-90	-19.35	0	1.144
3756	0.45	1	-90	0.98	0	1.1
3758	0.5	1	-90	0	0	1.54
3759	0.5	1	-90	0	0	1.54
3760	0.5	0.8	-90	0	0	1.54
3761	0.47	1.4	-90	25	0	2.2
3762	0.5	1.186	-90	24	0	2.2
3763	0.5	1.25	-90	25	0	1.9481
3764	0.5	1.12	88	150	180	1.474
3765	0.5	1.013	90	160	180	1.3068
3766	0.5	1.12	90	150	180	1.07415
3767	0.455	1.219	80	180	180	1.6753
3768	0.48	1	-90	0.98	0	1.1
3769	0.5	1.374	-90	25.11	0	2.2
3770	0.5	1	-90	0	0	1.54
3771	0.5	0.8	-90	0	0	1.54
3772	0.5	0.8	-90	0	0	1.54
3773	0.5	0.984	-90	25.11	0	1.6852
3774	0.5	0.984	-90	25.11	0	1.6852
3775	0.5	1.374	-90	25.11	0	2.2
3776	0.5	1.374	-90	25.11	0	2.2
3778	0.5	0.984	-90	25.11	0	1.6852
3779	0.5	0.984	-90	25.11	0	1.6852
3780	0.5	1.15	-90	25.11	0	2.2
3781	0.5	1.374	-90	25.11	0	2.2
3783	0.5	1.374	-90	25.11	0	2.2
3784	0.5	0.94	80	160	180	0.99
3785	0.5	0.883	90	160	180	1.2353
3786	0.5	0.94	90	150	180	1.38875
3787	0.455	0.921	80	180	180	1.3068
3788	0.5	0.91	-90	-25	0	1.342
3789	0.5	0.984	-90	25.11	0	1.6852
3790	0.5	0.8	270	-10	0	0.858
3791	0.5	0.8	270	-10	0	0.858
3792	0.5	0.8	270	-10	0	0.858
3793	0.5	1.023	270	15.84	0	1.6148
3794	0.5	0.8	270	-10	0	0.858
3795	0.49	0.88	-90	-18	0	0.968
3796	0.5	1.13	90	160	180	1.562
3797	0.5	0.883	90	160	180	1.2353
3798	0.472	0.94	90	150	180	1.7567
3799	0.455	0.921	80	180	180	1.3068
3800	0.5	0.9	-90	-1.7	0	1.54
3801	0.5	0.984	-90	25.11	0	1.6852
3802	0.5	0.8	270	-10	0	0.858
3803	0.5	0.688	270	15.84	0	1.6148
3805	0.5	1.038	-90	25	0	1.52515
3806	0.5	1.038	-90	25	0	1.5862
3807	0.5	1.28	-90	25	0	2.2
3808	0.5	1.28	-90	25	0	2.2
3810	0.5	1.038	-90	25	0	1.5862
3811	0.5	1.038	-90	25	0	1.52515
3812	0.5	1.316	-90	25	0	1.88265
3813	0.5	1.28	-90	25	0	2.2
3815	0.5	1.28	-90	25	0	2.2
3816	0.5	1.28	-90	25	0	2.2
3817	0.5	1.038	-90	25	0	1.52515
3818	0.5	1.038	-90	25	0	1.5862
3819	0.5	1.038	-90	25	0	1.5862
3820	0.5	0.89	-74.97	0	0	1.0241
3821	0.5	1.038	-90	25	0	1.5862
3822	0.5	1.038	-90	25	0	1.5862
3823	0.5	1.038	-90	25	0	1.5862
3824	0.5	1.038	-90	25	0	1.5862
3825	0.5	1.13	90	160	180	1.562
3826	0.5	0.883	90	160	180	1.2353
3827	0.472	0.94	90	150	180	1.7567
3828	0.455	0.921	80	180	180	1.3068
3829	0.5	0.9	-90	-1.7	0	1.54
3830	0.5	0.984	-90	25.11	0	1.6852
3831	0.5	1.038	-90	25	0	1.5862
3832	0.5	1.038	-90	-8.55	0	1.2683
3833	0.5	1.038	-90	25	0	1.5862
3834	0.5	0.89	-74.97	0	0	1.0241
3836	0.5	0.803	88	150	180	1.2287
3837	0.5	0.804	90	154.8	180	1.10605
3838	0.5	0.804	90	154.8	180	1.10605
3840	0.5	1.038	-90	25	0	1.5862
3841	0.5	1.038	-90	25	0	1.5862
3842	0.5	1.038	-90	25	0	1.5862
3843	0.5	1.12	88	150	180	1.474
3844	0.5	1.013	90	160	180	1.3068
3845	0.5	1.12	90	150	180	1.07415
3846	0.455	1.219	80	180	180	1.6753
3847	0.45	1	-90	0.98	0	1.1
3848	0.5	1.374	-90	25.11	0	2.2
3849	0.5	1.28	-90	25	0	2.2
3850	0.5	1.038	-90	-8.55	0	1.2683
3851	0.5	0.804	90	154.8	180	1.10605
3852	0.5	0.804	90	154.8	180	1.10605
3853	0.5	0.804	90	154.8	180	1.10605
3854	0.5	1.038	-90	-8.55	0	1.2683
3855	0.5	1.038	-90	-8.55	0	1.2683
3856	0.5	1.038	-90	-8.55	0	1.2683
3857	0.5	1.038	-90	-8.55	0	1.2683
3859	0.5	1.038	-90	-8.55	0	1.2683
3860	0.5	1.038	-90	-8.55	0	1.2683
3861	0.5	0.925	-90	-8.55	0	1.2683
3862	0.5	1.038	-90	-8.55	0	1.2683
3864	0.5	1.038	-90	-8.55	0	1.2683
3865	0.5	1.038	-90	-8.55	0	1.2683
3866	0.5	1.038	-90	-8.55	0	1.2683
3867	0.5	1.038	-90	-8.55	0	1.2683
3868	0.5	0.851	-90	-8.55	0	1.2683
3869	0.5	0.887	-90	-8.55	0	1.4212
3870	0.5	1.038	-90	-8.55	0	1.2683
3871	0.5	1.038	-90	-8.55	0	1.2683
3873	0.5	0.887	-90	-8.55	0	1.4212
3874	0.5	0.851	-90	-8.55	0	1.2683
3875	0.5	1.038	-90	-8.55	0	1.2683
3876	0.5	1.038	-90	-8.55	0	1.2683
3878	0.5	1.038	-90	-8.55	0	1.2683
3879	0.5	1.038	-90	-8.55	0	1.2683
3880	0.5	0.851	-90	-8.55	0	1.2683
3881	0.5	0.887	-90	-8.55	0	1.4212
3882	0.5	0.887	-90	-8.55	0	1.4212
3883	0.5	1.038	-90	-8.55	0	1.2683
3884	0.5	0.8	270	-10	0	0.858
3885	0.5	0.8	270	-10	0	0.858
3886	0.741	0.967	270	-10	0	1.78145
3887	0.684	0.92	270	-10	0	1.69895
3888	0.603	0.864	270	-10	0	1.1352
3889	0.603	0.975	270	-10	0	1.45255
3890	0.546	0.957	270	-10	0	1.1968
3891	0.546	0.957	270	-10	0	1.1968
3892	0.546	0.843	270	-10	0	1.3805
3893	0.603	0.809	270	-10	0	1.37005
3894	0.546	0.92	270	-10	0	1.5136
3895	0.546	0.957	270	-10	0	1.44155
3896	0.546	0.957	270	-10	0	1.40085
3897	0.546	0.957	270	-10	0	1.1968
3898	0.546	0.845	270	-10	0	1.1968
3899	0.5	0.529	270	-10	0	0.858
3900	0.741	0.651	270	-10	0	1.78145
3901	0.741	0.967	270	-10	0	1.78145
3902	0.5	0.927	-90	0	0	1.22909
3903	0.5	0.927	-90	0	0	1.24184
3904	0.5	0.982	-90	0	0	1.17211
3905	0.5	0.982	-90	0	0	1.17211
3907	0.5	0.927	-90	0	0	1.24184
3908	0.5	0.927	-90	0	0	1.22909
3909	0.5	1.038	-90	0	0	1.19835
3910	0.5	0.982	-90	0	0	1.17211
3912	0.5	0.982	-90	0	0	1.17211
3913	0.5	0.982	-90	0	0	1.17211
3914	0.5	0.927	-90	0	0	1.22909
3915	0.5	0.927	-90	0	0	1.24184
3916	0.5	0.927	-90	0	0	1.24184
3917	0.5	0.982	-90	0	0	1.17211
3918	0.5	0.927	-90	0	0	1.22909
3919	0.5	0.8	270	-10	0	0.858
3920	0.5	0.8	270	-10	0	0.858
3921	0.5	0.8	270	-10	0	0.858
3922	0.5	1.263	270	24	0	1.28607
3923	0.5	1.153	270	24	0	1.10388
3924	0.5	1.245	270	24	0	1.10388
3925	0.5	1.12	88	150	180	1.474
3926	0.5	1.013	90	160	180	1.3068
3927	0.5	1.12	90	150	180	1.07415
3928	0.455	1.219	80	180	180	1.6753
3929	0.45	1	-90	0.98	0	1.1
3930	0.5	1.374	-90	25.11	0	2.2
3931	0.5	1.28	-90	25	0	2.2
3932	0.5	1.038	-90	-8.55	0	1.2683
3933	0.5	1.038	-90	-8.55	0	1.2683
3934	0.5	0.982	-90	0	0	1.17211
3935	0.5	0.778	-90	0	0	1.24708
3936	0.5	0.8	270	-10	0	0.858
3937	0.5	0.8	270	-10	0	0.858
3938	0.5	0.8	270	-10	0	0.858
3939	0.5	0.928	-90	0	0	1.24708
3940	0.5	0.778	-90	0	0	1.24708
3941	0.5	0.928	-90	0	0	1.24708
3942	0.5	0.778	-90	0	0	1.24708
3944	0.5	0.928	-90	0	0	1.24708
3945	0.5	0.928	-90	0	0	1.24708
3946	0.5	0.928	-90	0	0	1.24708
3947	0.5	0.778	-90	0	0	1.24708
3949	0.5	0.778	-90	0	0	1.24708
3950	0.5	0.928	-90	0	0	1.24708
3951	0.5	0.928	-90	0	0	1.24708
3952	0.5	0.778	-90	0	0	1.24708
3953	0.5	0.778	-90	0	0	1.24708
3954	0.5	0.778	-90	0	0	1.24708
3955	0.5	0.928	-90	0	0	1.24708
3956	0.5	0.596	270	-10	0	0.815229
3957	0.555	0.651	270	-10	0	0.77999
3958	0.5	0.632	270	-10	0	0.858
3960	0.5	0.632	270	-10	0	0.858
3961	0.5	0.521	-90	0	0	1.54
3962	0.5	0.614	270	-10	0	0.858
3963	0.5	0.736	270	-90	0	0.753749
3964	0.5	0.581	90	154.8	180	1.10605
3965	0.47	0.971	-90	25	0	2.2
3966	0.49	0.674	-90	-18	0	0.968
3967	0.5	0.757	-90	25	0	1.5862
3968	0.5	0.721	-90	25	0	1.5862
3969	0.684	0.585	270	-10	0	1.69895
3970	0.5	1.022	270	24	0	1.28607
3971	0.5	0.611	-90	0	0	1.0484
3972	0.5	0.689	270	-10	0	0.858
3973	0.5	0.707	270	6.66	0	0.858
3974	0.5	0.8	270	-10	0	0.858
3975	0.5	0.763	270	-10	0	0.992919
3976	0.5	0.853	-90	0	0	1.0484
3977	0.5	0.853	-90	0	0	1.0484
3978	0.5	0.888	-90	0	0	1.0484
3979	0.5	0.94	80	160	180	0.99
3980	0.5	0.883	90	160	180	1.2353
3981	0.5	0.94	90	150	180	1.38875
3982	0.455	0.921	80	180	180	1.3068
3983	0.5	0.91	-90	-25	0	1.342
3984	0.5	0.984	-90	25.11	0	1.6852
3985	0.5	1.038	-90	25	0	1.52515
3986	0.5	1.038	-90	-8.55	0	1.2683
3987	0.5	0.851	-90	-8.55	0	1.2683
3988	0.5	0.927	-90	0	0	1.22909
3989	0.5	0.928	-90	0	0	1.24708
3990	0.462	0.966	-90	0	0	1.52299
3991	0.5	0.763	270	-10	0	0.992919
3992	0.5	0.614	270	6.66	0	0.858
3993	0.5	0.577	270	-10	0	0.858
3994	0.462	0.966	-90	0	0	1.52299
3995	0.5	0.854	-90	0	0	1.52299
3996	0.548	0.871	-90	0	0	1.39703
3997	0.548	0.871	-90	0	0	1.39703
3999	0.462	0.966	-90	0	0	1.52299
4000	0.462	0.966	-90	0	0	1.52299
4001	0.425	1.021	-90	0	0	1.52299
4002	0.548	0.871	-90	0	0	1.39703
4004	0.548	0.871	-90	0	0	1.39703
4005	0.388	1.031	-90	0	0	1.52299
4006	0.462	0.966	-90	0	0	1.52299
4007	0.5	0.854	-90	0	0	1.52299
4008	0.5	0.854	-90	0	0	1.52299
4009	0.548	0.871	-90	0	0	1.39703
4010	0.462	0.966	-90	0	0	1.54998
4011	0.548	0.871	-90	0	0	1.39703
4012	0.462	0.966	-90	0	0	1.52299
4096	0.5	0.97	270	-10	0	0.858
4097	0.5	0.8	270	-10	0	0.858
4098	0.5	1.05	270	-10	0	0.858
4099	0.5	1.1	270	-10	0	0.858
4100	0.5	1.04	270	-10	0	0.858
4101	0.5	0.8	270	-10	0	0.858
4102	0.5	1.05	270	-10	0	0.858
4103	0.5	0.8	270	-10	0	0.858
4104	0.5	1.1	270	-10	0	0.858
4105	0.5	0.8	270	-10	0	0.858
4106	0.5	1.11	270	0	0	0.836
4107	0.5	1.17	270	0	0	0.836
4108	0.5	1.11	270	-10	0	0.858
4109	0.5	1.06	270	-10	0	0.858
4110	0.5	1.06	270	-10	0	0.858
4111	0.5	1	270	-10	0	0.858
4112	0.5	0.8	270	-10	0	0.858
4113	0.5	0.8	270	-10	0	0.858
4114	0.5	0.85	270	-10	0	0.858
4115	0.5	1.01	270	-10	0	0.858
4116	0.5	0.88	270	-10	0	0.858
4117	0.5	0.8	270	-10	0	0.858
4118	0.5	0.88	270	-10	0	0.858
4119	0.5	0.88	270	-10	0	0.858
4120	0.5	1.01	270	-10	0	0.858
4121	0.5	0.8	270	-10	0	0.858
4122	0.5	0.8	270	-10	0	0.858
4123	0.5	0.8	270	-10	0	0.858
4124	0.5	0.8	270	-10	0	0.858
4125	0.5	0.8	-90	0	0	0.726
4126	0.5	0.8	-90	0	0	0.77
4127	0.5	0.83	270	-10	0	0.858
4128	0.5	0.8	270	-10	0	0.77
4129	0.5	0.8	270	-10	0	0.858
4130	0.5	0.73	-90	0	0	0.704
4131	0.5	0.65	-90	0	0	0.704
4132	0.5	0.85	-90	0	0	0.858
4133	0.5	0.96	-90	0	0	0.858
4134	0.5	1.01	270	-10	0	0.858
4135	0.5	1.14	-90	0	0	0.858
4136	0.5	1.14	-90	0	0	0.836
4137	0.5	1.14	-90	0	0	0.858
4138	0.5	1.12	-90	0	0	0.858
4139	0.5	1.11	-90	0	0	0.858
4140	0.5	1.14	-90	0	0	0.858
4141	0.5	0.91	270	-10	0	0.858
4142	0.5	0.95	270	-10	0	0.858
4143	0.5	0.88	270	-10	0	0.858
4144	0.5	0.91	270	-10	0	0.858
4145	0.5	0.96	270	-10	0	0.858
4146	0.5	1.01	270	-10	0	0.858
4147	0.5	0.9	270	-10	0	0.858
4148	0.5	0.86	270	-10	0	0.858
4149	0.5	1.14	-90	0	0	0.726
4150	0.49	0.9	-90	0	0	0.66
4151	0.5	0.88	-90	-10	0	0.726
4152	0.52	1.14	-90	-10	0	0.792
4153	0.47	0.85	270	0	0	0.66
4154	0.47	0.9	-90	-10	0	0.77
4155	0.5	0.6	0	0	0	0.858
4156	0.5	0.5	0	0	0	0.858
4157	0.5	0.5	0	0	0	0.858
4158	0.5	0.88	270	-10	0	0.858
4159	0.5	1.09	270	-10	0	0.858
4160	0.5	0.8	270	-10	0	0.858
4161	0.5	0.9	-90	0	0	0.858
4162	0.5	0.67	270	-10	0	0.836
4163	0.5	0.75	270	-10	0	0.858
4164	0.5	0.82	270	-10	0	0.858
4165	0.5	0.83	270	-10	0	0.858
4166	0.5	0.82	270	-10	0	0.858
4167	0.5	0.73	270	-10	0	0.858
4168	0.5	0.8	270	-10	0	0.858
4169	0.5	0.8	90	0	0	0.858
4170	0.49	0.9	-90	0	0	0.726
4171	0.5	1.279	-90	-10	0	0.814
4172	0.5	0.9	-90	-10	0	0.924
4174	0.5	0.75	270	-10	0	0.858
4175	0.5	0.83	270	-10	0	0.858
4176	0.5	0.82	270	-10	0	0.858
4177	0.5	0.8	270	-10	0	0.858
4178	0.5	1	270	-10	0	0.858
4179	0.5	0.85	270	-10	0	0.858
4181	0.5	0.8	270	-10	0	0.858
4182	0.5	0.88	270	-10	0	0.858
4183	0.5	1.01	270	-10	0	0.858
4184	0.5	0.8	270	-10	0	0.858
4185	0.5	1.12	-90	0	0	0.858
4186	0.5	0.5	-90	0	0	0.858
4187	0.51	1	278	0	0	0.77
4188	0.51	1	278	0	0	0.77
4189	0.51	1	278	0	0	0.77
4190	0.5	0.9	270	0	0	0.682
4191	0.5	1	270	0	0	0.726
4192	0.51	0.82	278	0	0	0.77
4193	0.51	0.82	278	0	0	0.77
4194	0.5	0.95	90	180	180	0.66
4195	0.5	0.95	90	180	180	0.66
4196	0.5	1.05	90	180	180	0.66
4197	0.5	1.05	90	180	180	0.66
4198	0.5	0.95	90	180	180	0.66
4199	0.5	0.95	90	180	180	0.66
4200	0.5	0.95	90	180	180	0.66
4201	0.5	1.02	262	1	-1	0.726
4202	0.5	0.893	90	180	180	0.85415
4203	0.5	0.893	90	180	180	0.85415
4204	0.5	1.097	90	180	180	0.9053
4205	0.5	1.097	90	180	180	0.9053
4206	0.5	0.893	90	180	180	0.85415
4207	0.5	0.893	90	180	180	0.85415
4208	0.5	0.893	90	180	180	0.85415
4209	0.5	1.097	90	180	180	0.9053
4210	0.5	1.097	90	180	180	0.9053
4211	0.5	0.893	90	180	180	0.85415
4212	0.5	1.05	90	180	180	0.97295
4213	0.5	1.05	90	180	180	0.97295
4214	0.5	1.05	90	180	180	0.97295
4215	0.5	1.05	90	180	180	0.97295
4216	0.5	1.01	270	-10	0	0.858
4217	0.5	1	-90	-10	0	0.814
4218	0.5	1.05	90	180	180	0.66
4219	0.5	1.023	90	180	180	0.8239
4220	0.5	1.05	90	180	180	0.97295
4221	0.5	1.05	90	180	180	0.97295
4223	0.5	1.149	90	180	180	0.9262
4224	0.5	1.097	90	180	180	0.9053
4225	0.5	1.1	-90	0	0	0.726
4232	0.5	0.28	0	0	0	0.858
4234	0.5	0.93	90	180	180	0.8239
4235	0.5	0.93	90	180	180	0.8239
4236	0.5	1.023	90	180	180	0.8239
4237	0.5	1.023	90	180	180	0.8239
4238	0.5	0.93	90	180	180	0.8239
4239	0.5	0.93	90	180	180	0.8239
4240	0.5	0.93	90	180	180	0.8239
4241	0.5	1.079	90	180	180	0.8239
4242	0.5	1	90	180	180	0.748
4243	0.5	1	262	1	-1	0.726
4244	0.51	1	90	180	180	0.682
4245	0.5	1	262	1	-1	0.682
4246	0.5	0.95	90	180	180	0.9262
4247	0.5	0.95	90	180	180	0.9262
4248	0.5	1.149	90	180	180	0.9262
4249	0.5	1.111	90	180	180	0.9262
4250	0.5	0.95	90	180	180	0.9262
4251	0.5	0.95	90	180	180	0.9262
4252	0.5	0.95	90	180	180	0.9262
4253	0.5	1.02	262	1	-1	0.726
4254	0.5	1.05	90	180	180	0.66
4255	0.5	1.023	90	180	180	0.8239
4256	0.5	1.149	90	180	180	0.9262
4257	0.5	0.95	90	180	180	0.66
4258	0.5	0.93	90	180	180	0.8239
4259	0.5	0.95	90	180	180	0.9262
4260	0.5	0.99	-90	0	1.7	0.77
4261	0.5	0.93	-90	0	0	0.88
4262	0.5	1.1	-90	0	0	0.726
4263	0.5	1.1	-90	0	0	0.726
4264	0.5	0.99	-90	0	1.7	0.77
4265	0.5	0.93	-90	0	0	0.88
4266	0.5	0.99	-90	0	1.7	0.77
4267	0.5	1.1	-90	0	0	0.77
4268	0.5	1.1	-90	0	0	0.726
4269	0.5	0.99	-90	0	1.7	0.77
4270	0.5	1.05	-90	0	0	0.836
4271	0.5	1.069	-90	0	0	0.858
4272	0.5	0.99	-90	0	0	0.858
4273	0.48	0.8	-90	0	0	0.946
4274	0.5	1.158	-90	0	0	1.056
4275	0.5	1.064	-90	0	0	1.056
4276	0.5	1.05	90	180	180	0.66
4277	0.5	1.023	90	180	180	0.8239
4278	0.5	1.111	90	180	180	0.9262
4279	0.5	1.097	90	180	180	0.9053
4280	0.5	1.1	-90	0	0	0.726
4281	0.5	1.17	-90	0	0	0.88715
4282	0.5	1.069	-90	0	0	0.858
4283	0.5	0.99	-90	0	0	0.858
4285	0.5	0.965	-90	0	0	0.836
4286	0.537	0.965	-90	0	0	0.836
4287	0.5	1.17	-90	0	0	0.88715
4288	0.5	1.17	-90	0	0	0.88715
4289	0.5	0.965	-90	0	0	0.836
4290	0.5	0.965	-90	0	0	0.836
4291	0.5	0.965	-90	0	0	0.836
4292	0.5	1.17	-90	0	0	0.88715
4293	0.5	1.17	-90	0	0	0.88715
4294	0.5	0.965	-90	0	0	0.836
4295	0.5	1.17	-90	0	0	0.88715
4296	0.5	0.95	90	180	180	0.66
4297	0.5	0.93	90	180	180	0.8239
4298	0.5	0.95	90	180	180	0.9262
4299	0.5	0.893	90	180	180	0.85415
4300	0.5	0.99	-90	0	1.7	0.77
4301	0.5	0.965	-90	0	0	0.836
4302	0.5	0.8	270	-10	0	0.858
4303	0.5	1.05	270	-10	0	0.858
4304	0.5	0.8	270	-10	0	0.858
4305	0.5	0.91	270	-10	0	0.858
4306	0.5	0.91	270	-10	0	0.858
4307	0.49	0.9	-90	0	0	0.726
4308	0.5	0.95	90	180	180	0.66
4309	0.5	0.93	90	180	180	0.8239
4310	0.5	0.95	90	180	180	0.9262
4311	0.5	0.893	90	180	180	0.85415
4312	0.5	0.93	-90	0	0	0.88
4313	0.537	0.965	-90	0	0	0.836
4314	0.5	1.05	270	-10	0	0.858
4315	0.5	0.91	270	-10	0	0.858
4317	0.5	0.928	-90	0	0	0.7634
4318	0.5	0.946	-90	0	0	0.74305
4319	0.5	1.162	-90	0	0	0.88055
4320	0.5	1.162	-90	0	0	0.88055
4321	0.5	0.928	-90	0	0	0.7634
4322	0.5	0.946	-90	0	0	0.74305
4323	0.5	0.928	-90	0	0	0.7634
4324	0.5	1.171	-90	0	0	0.82885
4325	0.5	1.162	-90	0	0	0.88055
4326	0.5	0.928	-90	0	0	0.7634
4327	0.5	1.162	-90	0	0	0.88055
4328	0.5	1.162	-90	0	0	0.88055
4329	0.5	0.928	-90	0	0	0.8052
4330	0.5	0.946	-90	0	0	0.74305
4331	0.5	0.91	270	-10	0	0.858
4332	0.5	0.883	-90	0	0	0.79915
4333	0.5	0.91	270	-10	0	0.858
4334	0.5	0.91	270	-10	0	0.858
4335	0.5	0.91	270	-10	0	0.858
4336	0.5	0.91	270	-10	0	0.858
4337	0.5	0.95	90	180	180	0.66
4338	0.5	0.93	90	180	180	0.8239
4339	0.5	0.95	90	180	180	0.9262
4340	0.5	0.893	90	180	180	0.85415
4341	0.5	0.93	-90	0	0	0.88
4342	0.537	0.965	-90	0	0	0.836
4343	0.5	0.946	-90	0	0	0.74305
4344	0.5	0.946	-90	0	0	0.74305
4345	0.5	0.91	270	-10	0	0.858
4346	0.5	0.883	-90	0	0	0.79915
4348	0.5	1.05	90	180	180	0.97295
4349	0.5	1.05	90	180	180	0.97295
4350	0.5	1.05	90	180	180	0.97295
4352	0.5	0.91	270	-10	0	0.858
4353	0.5	0.91	270	-10	0	0.858
4354	0.5	0.91	270	-10	0	0.858
4355	0.5	1.05	90	180	180	0.66
4356	0.5	1.023	90	180	180	0.8239
4357	0.5	1.149	90	180	180	0.9262
4358	0.5	1.097	90	180	180	0.9053
4359	0.5	1.1	-90	0	0	0.726
4360	0.5	1.17	-90	0	0	0.88715
4361	0.5	1.162	-90	0	0	0.88055
4362	0.5	1.162	-90	0	0	0.88055
4363	0.5	1.05	90	180	180	0.97295
4364	0.5	1.05	90	180	180	0.97295
4365	0.5	1.05	90	180	180	0.97295
4366	0.5	0.928	-90	0	0	0.7634
4367	0.5	0.946	-90	0	0	0.74305
4368	0.5	1.162	-90	0	0	0.88055
4369	0.5	1.162	-90	0	0	0.88055
4370	0.5	0.928	-90	0	0	0.7634
4371	0.5	0.946	-90	0	0	0.74305
4372	0.5	0.928	-90	0	0	0.7634
4373	0.5	1.171	-90	0	0	0.82885
4374	0.5	1.162	-90	0	0	0.88055
4375	0.5	0.928	-90	0	0	0.7634
4376	0.5	1.162	-90	0	0	0.88055
4377	0.5	1.162	-90	0	0	0.88055
4378	0.5	0.928	-90	0	0	0.8052
4379	0.5	0.946	-90	0	0	0.74305
4380	0.5	0.871	-90	0	0	0.74305
4381	0.5	0.946	-90	0	0	0.74305
4382	0.5	1.162	-90	0	0	0.88055
4383	0.5	1.162	-90	0	0	0.88055
4384	0.5	0.871	-90	0	0	0.74305
4385	0.5	0.946	-90	0	0	0.74305
4386	0.5	0.871	-90	0	0	0.74305
4387	0.5	1.162	-90	0	0	0.88055
4388	0.5	1.162	-90	0	0	0.88055
4389	0.5	0.871	-90	0	0	0.74305
4390	0.5	1.162	-90	0	0	0.88055
4391	0.5	1.162	-90	0	0	0.88055
4392	0.5	0.871	-90	0	0	0.74305
4393	0.5	0.946	-90	0	0	0.74305
4394	0.5	0.946	-90	0	0	0.74305
4395	0.5	1.162	-90	0	0	0.88055
4396	0.5	1.05	270	-10	0	0.858
4397	0.5	0.8	270	-10	0	0.74525
4398	0.463	0.856	270	-10	0	0.8272
4399	0.463	0.875	270	-10	0	0.8877
4400	0.463	0.931	270	-10	0	0.8272
4401	0.463	0.986	270	-10	0	0.94215
4402	0.463	0.986	270	-10	0	0.74745
4403	0.463	0.986	270	-10	0	0.88935
4404	0.499	0.986	270	-10	0	0.87065
4405	0.499	0.874	270	-20.16	0.72	0.8195
4406	0.499	0.949	270	-21.78	0	0.7579
4407	0.499	1.024	270	-21.78	0	0.89045
4408	0.499	0.949	270	-18.54	0	0.89045
4409	0.499	0.957	270	-18.54	0	0.77715
4410	0.499	0.883	270	-18.54	0	0.77715
4411	0.5	0.67	270	-10	0	0.74525
4412	0.463	0.744	270	-10	0	0.8272
4413	0.463	0.856	270	-10	0	0.8272
4414	0.5	0.928	-90	0	0	0.633039
4415	0.5	1.021	-90	0	0	0.758997
4416	0.5	1.086	-90	0	0	0.561063
4417	0.5	1.086	-90	0	0	0.561063
4418	0.5	0.928	-90	0	0	0.633039
4419	0.5	1.021	-90	0	0	0.758997
4420	0.5	0.928	-90	0	0	0.633039
4421	0.5	1.096	-90	0	0	0.647285
4422	0.5	1.086	-90	0	0	0.561063
4423	0.5	0.928	-90	0	0	0.633039
4424	0.5	1.086	-90	0	0	0.561063
4425	0.5	1.086	-90	0	0	0.561063
4426	0.5	0.928	-90	0	0	0.633039
4427	0.5	1.021	-90	0	0	0.758997
4428	0.5	1.021	-90	0	0	0.758997
4429	0.5	1.086	-90	0	0	0.561063
4430	0.5	0.928	-90	0	0	0.633039
4431	0.5	1.06	270	-10	0	0.858
4432	0.5	1.01	270	-10	0	0.858
4433	0.5	1.01	270	-10	0	0.858
4434	0.5	1.077	-90	0	0	0.825725
4435	0.5	1.245	270	-1.17	0	0.963679
4436	0.5	1.189	270	-1.17	0	0.921693
4437	0.5	1.05	90	180	180	0.66
4438	0.5	1.023	90	180	180	0.8239
4439	0.5	1.149	90	180	180	0.9262
4440	0.5	1.097	90	180	180	0.9053
4441	0.5	1.1	-90	0	0	0.726
4442	0.5	1.17	-90	0	0	0.88715
4443	0.5	1.162	-90	0	0	0.88055
4444	0.5	1.162	-90	0	0	0.88055
4445	0.5	1.162	-90	0	0	0.88055
4446	0.5	1.086	-90	0	0	0.561063
4447	0.537	1.162	-90	-33.48	0	0.8992
4448	0.5	1.01	270	-10	0	0.858
4449	0.5	1.01	270	-10	0	0.858
4450	0.5	1.01	270	-10	0	0.858
4451	0.537	0.946	-90	-33.48	0	0.857215
4452	0.537	0.946	-90	-33.48	0	0.857215
4453	0.537	1.162	-90	-33.48	0	0.8992
4454	0.537	1.162	-90	-33.48	0	0.8992
4455	0.537	0.946	-90	-33.48	0	0.857215
4456	0.537	0.946	-90	-33.48	0	0.857215
4457	0.537	0.946	-90	-33.48	0	0.857215
4458	0.537	0.946	-90	-33.48	0	0.857215
4459	0.537	1.162	-90	-33.48	0	0.8992
4460	0.537	0.946	-90	-33.48	0	0.857215
4461	0.537	1.162	-90	-33.48	0	0.8992
4462	0.537	1.162	-90	-33.48	0	0.8992
4463	0.537	0.946	-90	-33.48	0	0.857215
4464	0.537	0.946	-90	-33.48	0	0.857215
4465	0.537	0.946	-90	-33.48	0	0.857215
4466	0.537	1.162	-90	-33.48	0	0.8992
4467	0.537	0.946	-90	-33.48	0	0.857215
4468	0.5	0.651	270	-10	0	0.858
4469	0.5	0.701	270	-10	0	0.858
4470	0.5	0.805	270	-10	0	0.858
4471	0.5	0.749	270	-10	0	0.858
4472	0.5	0.651	270	-10	0	0.858
4473	0.5	0.934	-90	0	0	0.858
4474	0.5	0.827	-108.81	0	0	0.858
4475	0.5	0.795	270	0	0	0.726
4476	0.5	0.844	90	180	180	0.97295
4477	0.48	0.577	-90	0	0	0.946
4478	0.49	0.75	-90	0	0	0.726
4479	0.5	0.743	270	-10	0	0.858
4480	0.5	0.705	270	-10	0	0.858
4481	0.463	0.707	270	-10	0	0.8877
4482	0.5	0.891	-90	0	0	0.825725
4483	0.518	0.76	-90	0	0	0.800983
4484	0.5	0.8	270	-10	0	0.858
4485	0.5	1.05	270	-10	0	0.858
4486	0.5	1.1	270	-10	0	0.858
4487	0.5	0.8	270	-10	0	0.858
4488	0.518	0.928	-90	0	0	0.800983
4489	0.518	0.928	-90	0	0	0.800983
4490	0.518	0.928	-90	0	0	0.800983
4491	0.5	0.95	90	180	180	0.66
4492	0.5	0.93	90	180	180	0.8239
4493	0.5	0.95	90	180	180	0.9262
4494	0.5	0.893	90	180	180	0.85415
4495	0.5	0.99	-90	0	1.7	0.77
4496	0.5	0.965	-90	0	0	0.836
4497	0.5	0.928	-90	0	0	0.8052
4498	0.5	0.928	-90	0	0	0.8052
4499	0.5	0.871	-90	0	0	0.74305
4500	0.5	0.928	-90	0	0	0.633039
4501	0.537	0.946	-90	-33.48	0	0.857215
4502	0.5	0.928	-90	-28.44	0	0.884955
4503	0.5	0.8	270	-10	0	0.858
4504	0.5	0.844	270	-10	0	0.858
4505	0.5	0.876	270	-10	0	0.858
4506	0.5	0.928	-90	-28.44	0	0.884955
4507	0.548	1.001	-90	-13.5	0	0.926192
4508	0.548	1.205	-90	-16.83	0	0.926192
4509	0.548	1.001	-90	-13.5	0	0.926192
4510	0.548	0.945	-90	-16.83	0	0.926192
4511	0.5	0.928	-90	-28.44	0	0.884955
4512	0.5	0.928	-90	-28.44	0	0.884955
4513	0.548	1.074	-90	-16.83	0	0.926192
4514	0.548	1.001	-90	-13.5	0	0.926192
4515	0.548	0.945	-90	-16.83	0	0.926192
4516	0.548	1.001	-90	-13.5	0	0.926192
4517	0.548	1.205	-90	-16.83	0	0.926192
4518	0.5	0.928	-90	-28.44	0	0.884955
4519	0.548	1.001	-90	-13.5	0	0.926192
4520	0.548	1.001	-90	-13.5	0	0.926192
4521	0.548	1.001	-90	-13.5	0	0.926192
4522	0.548	0.945	-90	-16.83	0	0.926192
4523	0.548	1.001	-90	-13.5	0	0.926192
4524	0.5	0.928	-90	-28.44	0	0.884955
4608	0.5	0.9	270	-10	0	0.726
4609	0.5	0.9	270	-10	0	0.726
4610	0.5	0.9	270	-10	0	0.726
4611	0.5	0.9	270	-10	0	0.726
4612	0.5	0.9	270	-10	0	0.726
4613	0.5	0.9	270	-10	0	0.726
4614	0.5	0.9	270	-10	0	0.726
4615	0.5	0.9	270	-10	0	0.726
4616	0.5	0.9	270	-10	0	0.726
4617	0.5	0.9	270	-10	0	0.726
4618	0.5	1.27	270	0	0	0.726
4619	0.5	1.19	270	0	0	0.726
4620	0.5	0.9	270	-10	0	0.726
4621	0.5	0.98	270	-10	0	0.726
4622	0.5	0.9	270	-10	0	0.726
4623	0.5	0.9	270	-10	0	0.726
4624	0.5	0.9	270	-10	0	0.726
4625	0.5	0.9	270	-10	0	0.726
4626	0.5	0.89	270	-10	0	0.704
4627	0.5	0.9	270	-10	0	0.726
4628	0.5	0.9	270	-10	0	0.726
4629	0.5	0.9	270	-10	0	0.726
4630	0.5	0.9	270	-10	0	0.726
4631	0.5	0.9	270	-10	0	0.726
4632	0.5	0.9	270	-10	0	0.726
4633	0.5	0.9	270	-10	0	0.726
4634	0.5	0.9	270	-10	0	0.726
4635	0.5	0.9	270	-10	0	0.726
4636	0.5	0.9	270	-10	0	0.726
4637	0.5	0.9	270	-10	0	0.726
4638	0.5	0.9	270	-10	0	0.726
4639	0.5	0.9	270	-10	0	0.726
4640	0.5	0.9	270	-10	0	0.726
4641	0.5	0.9	270	-10	0	0.726
4642	0.5	0.9	270	-10	0	0.726
4643	0.5	0.9	270	-10	0	0.726
4644	0.5	0.9	270	-10	0	0.726
4645	0.5	0.9	270	-10	0	0.726
4646	0.5	0.98	270	-10	0	0.726
4647	0.5	0.9	270	-10	0	0.726
4648	0.5	0.9	270	-10	0	0.726
4649	0.5	0.9	270	-10	0	0.726
4650	0.5	0.9	270	-10	0	0.726
4651	0.5	0.9	270	-10	0	0.726
4652	0.5	0.9	270	-10	0	0.726
4653	0.5	0.9	270	-10	0	0.726
4654	0.5	0.9	270	-10	0	0.726
4655	0.5	0.9	270	-10	0	0.726
4656	0.5	0.9	270	-10	0	0.726
4657	0.5	0.9	270	-10	0	0.726
4658	0.5	0.9	270	-10	0	0.726
4659	0.5	0.9	270	-10	0	0.726
4660	0.5	0.9	270	-10	0	0.726
4661	0.51	1.1	270	0	0	0.704
4662	0.5	1	270	0	0	0.66
4663	0.5	0.65	270	0	0	0.55
4664	0.5	0.89	270	0	0	0.638
4665	0.5	1	270	0	0	0.66
4666	0.5	1.1	270	0	0	0.77
4667	0.5	0.98	270	-10	0	0.726
4668	0.5	0.9	270	-10	0	0.726
4669	0.5	0.9	270	-10	0	0.726
4670	0.5	0.9	270	-10	0	0.726
4671	0.5	1.11	270	-10	0	0.704
4672	0.5	0.9	270	-10	0	0.726
4673	0.5	0.9	270	-10	0	0.726
4674	0.5	0.9	270	-10	0	0.726
4675	0.5	0.9	270	-10	0	0.726
4676	0.5	0.9	270	-10	0	0.726
4677	0.5	0.9	270	-10	0	0.726
4678	0.5	0.9	270	-10	0	0.726
4679	0.5	0.9	270	-10	0	0.726
4680	0.5	0.9	270	-10	0	0.726
4681	0.5	0.9	270	-10	0	0.726
4682	0.5	0.96	-90	-10	0	0.726
4683	0.52	0.9	-90	-10	0	0.704
4684	0.49	0.93	-90	-10	0	0.704
4686	0.5	0.9	270	-10	0	0.726
4687	0.5	0.9	270	-10	0	0.726
4688	0.5	0.9	270	-10	0	0.726
4689	0.5	0.9	270	-10	0	0.726
4690	0.5	0.9	270	-10	0	0.726
4691	0.5	0.9	270	-10	0	0.726
4693	0.5	0.9	270	-10	0	0.726
4694	0.5	0.9	270	-10	0	0.726
4695	0.5	0.9	270	-10	0	0.726
4696	0.5	0.9	270	-10	0	0.726
4697	0.5	0.9	270	-10	0	0.726
4698	0.5	0.9	270	-10	0	0.726
4699	0.49	0.85	-90	180	0	0.55
4700	0.51	0.83	254	8	1	0.55
4701	0.51	0.83	270	8	1	0.55
4702	0.5	0.78	270	0	0	0.572
4703	0.5	0.85	270	0	0	0.616
4704	0.49	0.85	-90	180	0	0.55
4705	0.51	0.83	270	8	1	0.55
4706	0.5	0.95	90	180	180	0.66
4707	0.5	0.75	90	170	180	0.44
4708	0.5	0.85	90	180	180	0.528
4709	0.5	0.85	90	180	180	0.528
4710	0.5	0.95	90	180	180	0.66
4711	0.5	0.75	90	170	180	0.44
4712	0.5	0.95	90	180	180	0.66
4713	0.5	0.81	276	359	359	0.484
4714	0.5	1.004	90	180	180	0.7623
4715	0.5	1.004	90	180	180	0.7623
4716	0.5	1.004	90	180	180	0.7623
4717	0.5	1.004	90	180	180	0.7623
4718	0.5	1.004	90	180	180	0.7623
4719	0.5	1.004	90	180	180	0.7623
4720	0.5	1.004	90	180	180	0.7623
4721	0.5	1.004	90	180	180	0.7623
4722	0.5	1.004	90	180	180	0.7623
4723	0.5	1.004	90	180	180	0.7623
4724	0.5	0.886	90	180	180	0.63525
4725	0.5	0.886	90	180	180	0.63525
4726	0.5	0.886	90	180	180	0.63525
4727	0.5	0.886	90	180	180	0.63525
4728	0.5	0.9	270	-10	0	0.726
4729	0.52	0.9	-90	-10	0	0.704
4730	0.5	0.85	90	180	180	0.528
4731	0.5	0.95	90	180	180	0.70125
4732	0.5	0.886	90	180	180	0.63525
4733	0.5	0.886	90	180	180	0.63525
4735	0.5	0.95	90	180	180	0.74195
4736	0.5	1.004	90	180	180	0.7623
4737	0.5	1	-90	0	0	0.726
4744	0.5	0.9	270	-10	0	0.726
4746	0.5	0.95	90	180	180	0.70125
4747	0.5	0.95	90	180	180	0.70125
4748	0.5	0.95	90	180	180	0.70125
4749	0.5	0.95	90	180	180	0.70125
4750	0.5	0.95	90	180	180	0.70125
4751	0.5	0.95	90	180	180	0.70125
4752	0.5	0.95	90	180	180	0.70125
4753	0.5	0.986	90	180	180	0.70125
4754	0.53	1.05	-90	0	1	0.682
4755	0.5	0.97	276	359	1	0.682
4756	0.5	1	-90	0	1	0.704
4757	0.5	1.04	276	359	1	0.726
4758	0.5	0.95	90	180	180	0.74195
4759	0.5	0.95	90	180	180	0.74195
4760	0.5	0.95	90	180	180	0.74195
4761	0.5	0.95	90	180	180	0.74195
4762	0.5	0.95	90	180	180	0.74195
4763	0.5	0.95	90	180	180	0.74195
4764	0.5	0.95	90	180	180	0.74195
4765	0.5	0.95	90	180	180	0.74195
4766	0.5	0.85	90	180	180	0.528
4767	0.5	0.95	90	180	180	0.70125
4768	0.5	0.95	90	180	180	0.74195
4769	0.5	0.95	90	180	180	0.66
4770	0.5	0.95	90	180	180	0.70125
4771	0.5	0.95	90	180	180	0.74195
4772	0.5	0.98	-90	0	0	0.682
4773	0.5	1	-90	0	0	0.726
4774	0.5	1	-90	0	0	0.726
4775	0.5	1	-90	0	0	0.726
4776	0.5	0.98	-90	0	0	0.682
4777	0.5	1	-90	0	0	0.726
4778	0.5	0.98	-90	0	0	0.682
4779	0.5	1	-90	0	0	0.704
4780	0.5	1	-90	0	0	0.726
4781	0.5	0.98	-90	0	0	0.682
4782	0.5	0.9	270	-10	0	0.726
4783	0.5	0.9	270	-10	0	0.726
4784	0.5	0.9	270	-10	0	0.726
4785	0.5	1.05	270	-10	0	0.88
4786	0.5	1.066	270	-10	0	0.836
4787	0.5	1.011	270	-10	0	0.836
4788	0.5	0.85	90	180	180	0.528
4789	0.5	0.95	90	180	180	0.70125
4790	0.5	0.95	90	180	180	0.74195
4791	0.5	1.004	90	180	180	0.7623
4792	0.5	1	-90	0	0	0.726
4793	0.5	0.871	-90	0	0	0.7128
4794	0.5	0.9	270	-10	0	0.726
4795	0.5	0.9	270	-10	0	0.726
4797	0.5	0.871	-90	0	0	0.7128
4798	0.5	0.871	-90	0	0	0.7128
4799	0.5	0.871	-90	0	0	0.7128
4800	0.5	0.871	-90	0	0	0.7128
4801	0.5	0.871	-90	0	0	0.7128
4802	0.5	0.871	-90	0	0	0.7128
4803	0.5	0.871	-90	0	0	0.7128
4804	0.5	0.981	-90	0	0	0.7128
4805	0.5	0.871	-90	0	0	0.7128
4806	0.5	0.871	-90	0	0	0.7128
4807	0.5	0.871	-90	0	0	0.7128
4808	0.5	0.95	90	180	180	0.66
4809	0.5	0.95	90	180	180	0.70125
4810	0.5	0.95	90	180	180	0.74195
4811	0.5	1.004	90	180	180	0.7623
4812	0.5	0.98	-90	0	0	0.682
4813	0.5	0.871	-90	0	0	0.7128
4814	0.5	0.9	270	-10	0	0.726
4815	0.5	0.9	270	-10	0	0.726
4816	0.5	0.9	270	-10	0	0.726
4817	0.5	0.9	270	-10	0	0.726
4818	0.5	0.9	270	-10	0	0.726
4819	0.5	0.96	-90	-10	0	0.726
4820	0.5	0.75	90	170	180	0.44
4821	0.5	0.95	90	180	180	0.70125
4822	0.5	0.95	90	180	180	0.74195
4823	0.5	1.004	90	180	180	0.7623
4824	0.5	1	-90	0	0	0.726
4825	0.5	0.871	-90	0	0	0.7128
4826	0.5	0.9	270	-10	0	0.726
4827	0.5	0.9	270	-10	0	0.726
4829	0.5	0.873	-90	0	0	0.7128
4830	0.5	0.994	-90	0	0	0.7337
4831	0.5	0.946	-90	0	0	0.7733
4832	0.5	0.946	-90	0	0	0.7733
4833	0.5	0.873	-90	0	0	0.7128
4834	0.5	0.994	-90	0	0	0.7337
4835	0.5	0.873	-90	0	0	0.7128
4836	0.5	1.077	-90	0	0	0.77385
4837	0.5	0.946	-90	0	0	0.7733
4838	0.5	0.873	-90	0	0	0.7128
4839	0.5	0.946	-90	0	0	0.7733
4840	0.5	0.946	-90	0	0	0.7733
4841	0.5	0.873	-90	0	0	0.7128
4842	0.5	0.994	-90	0	0	0.7337
4843	0.5	0.994	-90	0	0	0.7337
4844	0.5	0.983	-90	0	0	0.74305
4845	0.5	0.994	-90	0	0	0.7337
4846	0.5	0.994	-90	0	0	0.7337
4847	0.5	0.994	-90	0	0	0.7337
4848	0.5	0.994	-90	0	0	0.7337
4849	0.5	0.75	90	170	180	0.44
4850	0.5	0.95	90	180	180	0.70125
4851	0.5	0.95	90	180	180	0.74195
4852	0.5	1.004	90	180	180	0.7623
4853	0.5	1	-90	0	0	0.726
4854	0.5	0.871	-90	0	0	0.7128
4855	0.5	0.994	-90	0	0	0.7337
4856	0.5	0.994	-90	0	0	0.7337
4857	0.5	0.994	-90	0	0	0.7337
4858	0.5	0.983	-90	0	0	0.74305
4860	0.5	0.886	90	180	180	0.63525
4861	0.5	0.886	90	180	180	0.63525
4862	0.5	0.886	90	180	180	0.63525
4864	0.5	0.994	-90	0	0	0.7337
4865	0.5	0.994	-90	0	0	0.7337
4866	0.5	0.994	-90	0	0	0.7337
4867	0.5	0.85	90	180	180	0.528
4868	0.5	0.95	90	180	180	0.70125
4869	0.5	0.95	90	180	180	0.74195
4870	0.5	1.004	90	180	180	0.7623
4871	0.5	1	-90	0	0	0.726
4872	0.5	0.871	-90	0	0	0.7128
4873	0.5	0.946	-90	0	0	0.7733
4874	0.5	0.946	-90	0	0	0.7733
4875	0.5	0.886	90	180	180	0.63525
4876	0.5	0.886	90	180	180	0.63525
4877	0.5	0.886	90	180	180	0.63525
4878	0.5	0.873	-90	0	0	0.7128
4879	0.5	0.994	-90	0	0	0.7337
4880	0.5	0.946	-90	0	0	0.7733
4881	0.5	0.946	-90	0	0	0.7733
4882	0.5	0.873	-90	0	0	0.7128
4883	0.5	0.994	-90	0	0	0.7337
4884	0.5	0.873	-90	0	0	0.7128
4885	0.5	1.077	-90	0	0	0.77385
4886	0.5	0.946	-90	0	0	0.7733
4887	0.5	0.873	-90	0	0	0.7128
4888	0.5	0.946	-90	0	0	0.7733
4889	0.5	0.946	-90	0	0	0.7733
4890	0.5	0.873	-90	0	0	0.7128
4891	0.5	0.994	-90	0	0	0.7337
4892	0.5	0.873	-90	0	0	0.7128
4893	0.5	0.873	-90	0	0	0.7128
4894	0.5	0.946	-90	0	0	0.7733
4895	0.5	0.946	-90	0	0	0.7733
4896	0.5	0.873	-90	0	0	0.7128
4897	0.5	0.873	-90	0	0	0.7128
4898	0.5	0.873	-90	0	0	0.7128
4899	0.5	0.796	-90	0	0	0.63525
4900	0.5	0.946	-90	0	0	0.7733
4901	0.5	0.873	-90	0	0	0.7128
4902	0.5	0.946	-90	0	0	0.7733
4903	0.5	0.946	-90	0	0	0.7733
4904	0.5	0.873	-90	0	0	0.7128
4905	0.5	0.873	-90	0	0	0.7128
4906	0.5	0.873	-90	0	0	0.7128
4907	0.5	0.946	-90	0	0	0.7733
4908	0.5	0.9	270	-10	0	0.726
4909	0.5	0.9	270	-10	0	0.726
4910	0.5	1.011	270	-10	0	0.73535
4911	0.5	0.899	270	-10	0	0.6831
4912	0.5	1.011	270	-10	0	0.73535
4913	0.5	1.011	270	-10	0	0.72435
4914	0.5	0.936	270	-10	0	0.6941
4915	0.5	0.936	270	-10	0	0.7249
4916	0.5	0.936	270	-10	0	0.6941
4917	0.5	1.009	270	-10	0	0.74525
4918	0.5	0.936	270	-10	0	0.6732
4919	0.5	0.88	270	-10	0	0.6226
4920	0.5	0.936	270	-10	0	0.6941
4921	0.5	0.936	270	-10	0	0.6941
4922	0.5	0.787	270	-10	0	0.666028
4923	0.5	0.9	270	-10	0	0.726
4924	0.5	1.011	270	-10	0	0.73535
4925	0.5	1.011	270	-10	0	0.73535
4927	0.5	0.981	-90	0	0	0.744752
4928	0.5	0.947	-90	0	0	0.656281
4929	0.5	0.947	-90	0	0	0.656281
4930	0.5	0.908	-90	0	0	0.675775
4931	0.5	0.981	-90	0	0	0.744752
4932	0.5	0.908	-90	0	0	0.675775
4933	0.5	0.797	-90	0	0	0.627041
4934	0.5	0.947	-90	0	0	0.656281
4935	0.5	0.908	-90	0	0	0.675775
4936	0.5	0.947	-90	0	0	0.656281
4937	0.5	0.947	-90	0	0	0.656281
4938	0.5	0.908	-90	0	0	0.675775
4939	0.5	0.981	-90	0	0	0.744752
4940	0.5	0.981	-90	0	0	0.744752
4941	0.5	0.947	-90	0	0	0.656281
4942	0.5	0.908	-90	0	0	0.675775
4943	0.5	0.98	270	-10	0	0.726
4944	0.5	0.9	270	-10	0	0.726
4945	0.5	0.9	270	-10	0	0.726
4946	0.5	0.891	-90	1.62	0	0.646535
4947	0.5	0.891	-90	1.62	0	0.646535
4948	0.5	0.994	-90	1.62	0	0.729757
4949	0.5	0.85	90	180	180	0.528
4950	0.5	0.95	90	180	180	0.70125
4951	0.5	0.95	90	180	180	0.74195
4952	0.5	1.004	90	180	180	0.7623
4953	0.5	1	-90	0	0	0.726
4954	0.5	0.871	-90	0	0	0.7128
4955	0.5	0.946	-90	0	0	0.7733
4956	0.5	0.946	-90	0	0	0.7733
4957	0.5	0.946	-90	0	0	0.7733
4958	0.5	0.947	-90	0	0	0.656281
4959	0.444	1.013	-90	-20.07	0	0.773242
4960	0.5	0.9	270	-10	0	0.726
4961	0.5	0.9	270	-10	0	0.726
4962	0.5	0.9	270	-10	0	0.726
4963	0.444	1.013	-90	-20.07	0	0.773242
4964	0.444	1.013	-90	-20.07	0	0.773242
4965	0.444	1.013	-90	-20.07	0	0.773242
4966	0.444	1.013	-90	-20.07	0	0.773242
4967	0.444	1.013	-90	-20.07	0	0.773242
4968	0.444	1.013	-90	-20.07	0	0.773242
4969	0.444	1.013	-90	-20.07	0	0.773242
4970	0.444	1.013	-90	-20.07	0	0.773242
4971	0.444	1.013	-90	-20.07	0	0.773242
4972	0.444	1.013	-90	-20.07	0	0.773242
4973	0.444	1.013	-90	-20.07	0	0.773242
4974	0.444	1.013	-90	-20.07	0	0.773242
4975	0.444	1.013	-90	-20.07	0	0.773242
4976	0.444	1.013	-90	-20.07	0	0.773242
4977	0.444	1.013	-90	-20.07	0	0.773242
4978	0.444	1.013	-90	-20.07	0	0.773242
4979	0.444	1.013	-90	-20.07	0	0.773242
4980	0.5	0.9	270	-10	0	0.726
4981	0.5	0.89	270	-5.13	0	0.675775
4982	0.5	0.9	270	-10	0	0.726
4983	0.5	0.9	270	-10	0	0.726
4984	0.5	0.9	270	-10	0	0.726
4985	0.5	0.9	270	-10	0	0.726
4986	0.5	0.9	270	-10	0	0.726
4987	0.5	0.85	270	0	0	0.616
4988	0.5	0.886	90	180	180	0.63525
4989	0.5	1.05	270	-10	0	0.88
4990	0.5	0.96	-90	-10	0	0.726
4991	0.5	0.994	-90	0	0	0.7337
4992	0.5	0.994	-90	0	0	0.7337
4993	0.5	0.899	270	-10	0	0.6831
4994	0.5	0.891	-90	1.62	0	0.646535
4995	0.518	0.964	-90	0	0	0.647285
4996	0.5	0.9	270	-10	0	0.726
4997	0.5	0.9	270	-10	0	0.726
4998	0.5	0.9	270	-10	0	0.726
4999	0.5	0.9	270	-10	0	0.726
5000	0.481	1.057	-90	0	0	0.715512
5001	0.481	1.057	-90	0	0	0.715512
5002	0.481	1.057	-90	0	0	0.715512
5003	0.5	0.95	90	180	180	0.66
5004	0.5	0.95	90	180	180	0.70125
5005	0.5	0.95	90	180	180	0.74195
5006	0.5	1.004	90	180	180	0.7623
5007	0.5	0.98	-90	0	0	0.682
5008	0.5	0.871	-90	0	0	0.7128
5009	0.5	0.873	-90	0	0	0.7128
5010	0.5	0.873	-90	0	0	0.7128
5011	0.5	0.873	-90	0	0	0.7128
5012	0.5	0.908	-90	0	0	0.675775
5013	0.444	1.013	-90	-20.07	0	0.773242
5014	0.444	1.013	-90	-20.07	0	0.773242
5015	0.5	0.9	270	-10	0	0.726
5016	0.5	0.9	270	-10	0	0.726
5017	0.5	0.9	270	-10	0	0.726
5018	0.444	1.013	-90	-20.07	0	0.773242
5019	0.444	1.013	-90	-20.07	0	0.773242
5020	0.492	1.069	-90	-5.04	0	0.813729
5021	0.444	1.069	-90	-5.04	0	0.773242
5022	0.492	1.069	-90	-5.04	0	0.842219
5023	0.444	1.013	-90	-20.07	0	0.773242
5024	0.444	1.013	-90	-20.07	0	0.773242
5025	0.492	1.069	-90	-5.04	0	0.81148
5026	0.444	1.069	-90	-5.04	0	0.773242
5027	0.492	1.069	-90	-5.04	0	0.842219
5028	0.444	1.069	-90	-5.04	0	0.773242
5029	0.492	1.069	-90	-5.04	0	0.813729
5030	0.444	1.013	-90	-20.07	0	0.773242
5031	0.444	1.013	-90	-20.07	0	0.773242
5032	0.444	1.013	-90	-20.07	0	0.773242
5033	0.444	1.069	-90	-5.04	0	0.773242
5034	0.492	1.069	-90	-5.04	0	0.842219
5035	0.444	1.069	-90	-5.04	0	0.773242
5036	0.444	1.013	-90	-20.07	0	0.773242
5120	0.5	0.9	270	-10	0	0.836
5121	0.5	0.9	270	-10	0	0.836
5122	0.5	0.9	270	-10	0	0.836
5123	0.5	0.9	270	-10	0	0.836
5124	0.5	0.9	270	-10	0	0.836
5125	0.5	0.9	270	-10	0	0.836
5126	0.5	0.9	270	-10	0	0.836
5127	0.5	0.9	270	-10	0	0.836
5128	0.5	0.9	270	-10	0	0.836
5129	0.5	0.9	270	-10	0	0.836
5130	0.5	0.9	270	-10	0	0.836
5131	0.5	0.9	270	-10	0	0.836
5132	0.5	0.9	270	-10	0	0.836
5133	0.5	0.9	270	-10	0	0.836
5134	0.5	0.9	270	-10	0	0.836
5135	0.5	0.9	270	-10	0	0.836
5136	0.5	0.9	270	-10	0	0.836
5137	0.5	0.9	270	-10	0	0.836
5138	0.5	0.9	270	-10	0	0.836
5139	0.5	0.9	270	-10	0	0.836
5140	0.5	0.9	270	-10	0	0.836
5141	0.5	0.9	270	-10	0	0.836
5142	0.5	0.9	270	-10	0	0.836
5143	0.5	0.9	270	-10	0	0.836
5144	0.5	0.9	270	-10	0	0.836
5145	0.5	0.9	270	-10	0	0.836
5146	0.5	0.9	270	-10	0	0.836
5147	0.5	0.9	270	-10	0	0.836
5148	0.5	0.9	270	-10	0	0.836
5149	0.5	0.9	270	-10	0	0.836
5150	0.5	0.9	270	-10	0	0.836
5151	0.5	0.9	270	-10	0	0.836
5152	0.5	0.9	270	-10	0	0.836
5153	0.5	0.9	270	-10	0	0.836
5154	0.5	0.9	270	-10	0	0.836
5155	0.5	0.9	270	-10	0	0.836
5156	0.5	0.9	270	-10	0	0.836
5157	0.5	0.9	270	-10	0	0.836
5158	0.5	0.9	270	-10	0	0.704
5159	0.5	0.9	270	-10	0	0.836
5160	0.5	0.9	270	-10	0	0.836
5161	0.5	0.9	270	-10	0	0.836
5162	0.5	0.9	270	-10	0	0.836
5163	0.5	0.9	270	-10	0	0.836
5164	0.5	0.9	270	-10	0	0.836
5165	0.5	0.9	270	-10	0	0.836
5166	0.5	0.9	270	-10	0	0.836
5167	0.5	0.9	270	-10	0	0.836
5168	0.5	0.9	270	-10	0	0.836
5169	0.5	0.9	270	-10	0	0.836
5170	0.5	0.9	270	-10	0	0.836
5171	0.5	0.9	270	-10	0	0.836
5172	0.5	0.9	270	-10	0	0.836
5173	0.5	0.95	270	0	0	0.704
5174	0.5	0.89	270	0	0	0.726
5175	0.5	0.89	270	0	0	0.726
5176	0.5	0.94	270	0	0	0.836
5177	0.5	0.89	270	0	0	0.726
5178	0.5	0.9	270	0	0	0.748
5182	0.5	0.9	270	-10	0	0.836
5183	0.5	0.9	270	-10	0	0.836
5184	0.5	0.9	270	-10	0	0.836
5185	0.5	0.9	270	-10	0	0.836
5186	0.5	0.9	270	-10	0	0.836
5187	0.5	0.9	270	-10	0	0.836
5188	0.5	0.9	270	-10	0	0.836
5189	0.5	0.9	270	-10	0	0.836
5190	0.5	0.9	270	-10	0	0.836
5191	0.5	0.9	270	-10	0	0.836
5194	0.49	0.93	-90	-10	0	0.858
5195	0.54	0.91	-90	-10	0	0.726
5196	0.52	0.9	-90	-10	0	0.814
5198	0.5	0.9	270	-10	0	0.814
5199	0.5	0.9	270	-10	0	0.814
5200	0.5	0.9	270	-10	0	0.814
5201	0.5	0.9	270	-10	0	0.726
5202	0.5	0.9	270	-10	0	0.814
5205	0.5	0.9	270	-10	0	0.836
5206	0.5	0.9	270	-10	0	0.836
5207	0.5	0.9	270	-10	0	0.836
5208	0.5	0.9	270	-10	0	0.836
5209	0.5	0.9	270	-10	0	0.836
5211	0.53	0.72	-60	0	0	0.66
5212	0.53	0.87	-70	0	0	0.704
5213	0.53	0.87	-70	0	0	0.66
5214	0.5	0.85	270	0	0	0.836
5215	0.5	0.85	270	0	0	0.77
5216	0.53	0.72	-60	0	0	0.66
5217	0.53	0.87	-70	0	0	0.66
5218	0.5	0.95	90	180	180	0.66
5219	0.5	0.95	90	180	180	0.55
5220	0.5	0.95	90	180	180	0.66
5221	0.5	0.95	90	180	180	0.66
5222	0.5	0.95	90	180	180	0.66
5223	0.5	0.95	90	180	180	0.55
5225	0.5	0.95	90	180	180	0.66
5226	0.5	0.95	90	180	180	0.8338
5227	0.5	0.95	90	180	180	0.8338
5228	0.5	0.95	90	180	180	0.8338
5229	0.5	0.95	90	180	180	0.8338
5230	0.5	0.95	90	180	180	0.8338
5231	0.5	0.95	90	180	180	0.8338
5233	0.5	0.95	90	180	180	0.8338
5234	0.5	0.95	90	180	180	0.8338
5235	0.5	0.95	90	180	180	0.8338
5236	0.5	0.763	90	180	180	0.66
5237	0.5	0.763	90	180	180	0.66
5238	0.5	0.763	90	180	180	0.66
5239	0.5	0.763	90	180	180	0.66
5240	0.5	0.9	270	-10	0	0.836
5241	0.54	0.91	-90	-10	0	0.726
5242	0.5	0.95	90	180	180	0.66
5243	0.5	0.95	90	180	180	0.7623
5244	0.5	0.763	90	180	180	0.66
5245	0.5	0.763	90	180	180	0.66
5247	0.5	0.95	90	180	180	0.87505
5248	0.5	0.95	90	180	180	0.8338
5249	0.5	0.9	-90	0	0	0.77
5258	0.5	0.95	90	180	180	0.7623
5259	0.5	0.95	90	180	180	0.7623
5260	0.5	0.95	90	180	180	0.7623
5261	0.5	0.95	90	180	180	0.7623
5262	0.5	0.95	90	180	180	0.7623
5263	0.5	0.95	90	180	180	0.7623
5265	0.5	0.95	90	180	180	0.7623
5266	0.5	0.95	90	180	180	0.66
5267	0.5	0.95	90	180	180	0.66
5268	0.53	0.91	90	180	180	0.836
5269	0.5	0.95	90	180	180	0.66
5270	0.5	0.95	90	180	180	0.87505
5271	0.5	0.95	90	180	180	0.87505
5272	0.5	0.95	90	180	180	0.87505
5273	0.5	0.95	90	180	180	0.87505
5274	0.5	0.95	90	180	180	0.87505
5275	0.5	0.95	90	180	180	0.87505
5277	0.5	0.95	90	180	180	0.87505
5278	0.5	0.95	90	180	180	0.66
5279	0.5	0.95	90	180	180	0.7623
5280	0.5	0.95	90	180	180	0.87505
5281	0.5	0.95	90	180	180	0.66
5282	0.5	0.95	90	180	180	0.7623
5283	0.5	0.95	90	180	180	0.87505
5284	0.5	0.95	-90	0	0	0.792
5285	0.5	0.9	-90	0	0	0.748
5286	0.5	0.9	-90	0	0	0.77
5287	0.5	0.9	-90	0	0	0.77
5288	0.5	0.95	-90	0	0	0.792
5289	0.5	0.9	-90	0	0	0.748
5291	0.5	0.91	-90	0	0	0.77
5292	0.5	0.9	-90	0	0	0.77
5293	0.5	0.95	-90	0	0	0.792
5294	0.5	0.9	270	-10	0	0.836
5295	0.5	0.9	270	-10	0	0.836
5296	0.5	0.9	270	-10	0	0.836
5297	0.53	0.97	270	-10	0	0.946
5298	0.5	0.9	270	-10	0	0.836
5299	0.57	1.009	270	-10	0	0.902
5300	0.5	0.95	90	180	180	0.66
5301	0.5	0.95	90	180	180	0.7623
5302	0.5	0.95	90	180	180	0.87505
5303	0.5	0.95	90	180	180	0.8338
5304	0.5	0.9	-90	0	0	0.77
5305	0.5	0.926	-90	0	0	0.8404
5306	0.5	0.9	270	-10	0	0.836
5307	0.5	0.9	270	-10	0	0.836
5309	0.5	0.853	-90	0	0	0.67705
5310	0.5	0.853	-90	0	0	0.77935
5311	0.5	0.926	-90	0	0	0.8404
5312	0.5	0.926	-90	0	0	0.8404
5313	0.5	0.853	-90	0	0	0.67705
5314	0.5	0.853	-90	0	0	0.73865
5316	0.5	0.926	-90	0	0	0.8404
5317	0.5	0.926	-90	0	0	0.8404
5318	0.5	0.853	-90	0	0	0.67705
5319	0.5	0.926	-90	0	0	0.8404
5320	0.5	0.95	90	180	180	0.66
5321	0.5	0.95	90	180	180	0.7623
5322	0.5	0.95	90	180	180	0.87505
5323	0.5	0.95	90	180	180	0.8338
5324	0.5	0.95	-90	0	0	0.792
5325	0.5	0.853	-90	0	0	0.67705
5326	0.5	0.9	270	-10	0	0.836
5327	0.5	0.9	270	-10	0	0.836
5328	0.5	0.9	270	-10	0	0.836
5329	0.5	0.9	270	-10	0	0.836
5330	0.5	0.9	270	-10	0	0.836
5331	0.49	0.93	-90	-10	0	0.858
5332	0.5	0.95	90	180	180	0.55
5333	0.5	0.95	90	180	180	0.7623
5334	0.5	0.95	90	180	180	0.87505
5335	0.5	0.95	90	180	180	0.8338
5336	0.5	0.9	-90	0	0	0.748
5337	0.5	0.853	-90	0	0	0.77935
5338	0.5	0.9	270	-10	0	0.836
5339	0.5	0.9	270	-10	0	0.836
5341	0.5	0.927	-90	0	0	0.6963
5342	0.5	0.909	-90	0	0	0.6765
5343	0.5	1.152	-90	0	0	1.10605
5344	0.5	1.152	-90	0	0	1.10605
5345	0.5	0.927	-90	0	0	0.6963
5346	0.5	0.909	-90	0	0	0.6765
5348	0.5	1.002	-90	0	0	0.9218
5349	0.5	1.152	-90	0	0	1.10605
5350	0.5	0.927	-90	0	0	0.6963
5351	0.5	1.152	-90	0	0	1.10605
5352	0.5	1.152	-90	0	0	1.10605
5353	0.5	0.927	-90	0	0	0.7788
5354	0.5	0.909	-90	0	0	0.6765
5355	0.5	0.909	-90	0	0	0.6765
5356	0.5	1.039	-90	0	0	0.82995
5357	0.5	0.909	-90	0	0	0.6765
5358	0.5	0.909	-90	0	0	0.6765
5359	0.5	0.909	-90	0	0	0.6765
5360	0.5	0.909	-90	0	0	0.6765
5361	0.5	0.95	90	180	180	0.55
5362	0.5	0.95	90	180	180	0.7623
5363	0.5	0.95	90	180	180	0.87505
5364	0.5	0.95	90	180	180	0.8338
5365	0.5	0.9	-90	0	0	0.748
5366	0.5	0.853	-90	0	0	0.77935
5367	0.5	0.909	-90	0	0	0.6765
5368	0.5	0.909	-90	0	0	0.6765
5369	0.5	0.909	-90	0	0	0.6765
5370	0.5	1.039	-90	0	0	0.82995
5372	0.5	0.763	90	180	180	0.66
5373	0.5	0.763	90	180	180	0.66
5374	0.5	0.763	90	180	180	0.66
5376	0.5	0.909	-90	0	0	0.6765
5377	0.5	0.909	-90	0	0	0.6765
5378	0.5	0.909	-90	0	0	0.6765
5379	0.5	0.95	90	180	180	0.66
5380	0.5	0.95	90	180	180	0.7623
5381	0.5	0.95	90	180	180	0.87505
5382	0.5	0.95	90	180	180	0.8338
5383	0.5	0.9	-90	0	0	0.77
5384	0.5	0.926	-90	0	0	0.8404
5385	0.5	1.152	-90	0	0	1.10605
5386	0.5	0.909	-90	0	0	0.6765
5387	0.5	0.763	90	180	180	0.66
5388	0.5	0.763	90	180	180	0.66
5389	0.5	0.763	90	180	180	0.66
5390	0.5	0.927	-90	0	0	0.6963
5391	0.5	0.909	-90	0	0	0.6765
5392	0.5	0.926	-90	0	0	0.78705
5393	0.5	0.926	-90	0	0	0.78705
5394	0.5	0.927	-90	0	0	0.6963
5395	0.5	0.909	-90	0	0	0.6765
5397	0.5	1.002	-90	0	0	0.9218
5398	0.5	0.926	-90	0	0	0.78705
5399	0.5	0.927	-90	0	0	0.6963
5400	0.5	0.926	-90	0	0	0.78705
5401	0.5	0.926	-90	0	0	0.78705
5402	0.5	0.927	-90	0	0	0.7788
5403	0.5	0.909	-90	0	0	0.6765
5404	0.5	0.927	-90	0	0	0.6963
5405	0.5	0.927	-90	0	0	0.6963
5406	0.5	0.926	-90	0	0	0.78705
5407	0.5	0.926	-90	0	0	0.78705
5408	0.5	0.927	-90	0	0	0.6963
5409	0.5	0.927	-90	0	0	0.6963
5411	0.5	0.926	-90	0	0	0.78705
5412	0.5	0.926	-90	0	0	0.78705
5413	0.5	0.927	-90	0	0	0.6963
5414	0.5	0.926	-90	0	0	0.78705
5415	0.5	0.926	-90	0	0	0.78705
5416	0.5	0.927	-90	0	0	0.6963
5417	0.5	0.927	-90	0	0	0.6963
5418	0.5	0.927	-90	0	0	0.6963
5419	0.5	0.926	-90	0	0	0.78705
5420	0.5	0.9	270	-10	0	0.8195
5421	0.5	0.9	270	-10	0	0.78485
5422	0.5	0.88	270	-6.75	0	0.78485
5423	0.5	0.88	270	-6.75	0	0.78485
5424	0.5	0.88	270	-6.75	0	0.78485
5425	0.5	0.842	270	-6.75	0	0.75405
5426	0.5	0.916	270	-6.75	0	0.78485
5427	0.5	0.916	270	-6.75	0	0.78485
5428	0.5	0.805	270	-6.75	0	0.78485
5429	0.5	0.861	270	-6.75	0	0.81565
5430	0.5	0.938	270	-6.75	0	0.81565
5431	0.5	0.861	270	-6.75	0	0.81565
5432	0.5	0.861	270	-6.75	0	0.81565
5433	0.5	0.861	270	-6.75	0	0.76395
5434	0.5	0.861	270	-6.75	0	0.76395
5435	0.5	0.9	270	-10	0	0.78485
5436	0.5	0.88	270	-6.75	0	0.78485
5437	0.5	0.88	270	-6.75	0	0.78485
5438	0.5	0.852	-90	0	0	0.731256
5439	0.5	0.862	-90	0	0	0.744752
5440	0.5	0.92	-90	0	0	0.839221
5441	0.5	0.92	-90	0	0	0.839221
5442	0.5	0.852	-90	0	0	0.731256
5443	0.5	0.862	-90	0	0	0.744752
5445	0.5	0.976	-90	0	0	0.894702
5446	0.5	0.92	-90	0	0	0.839221
5447	0.5	0.852	-90	0	0	0.731256
5448	0.5	0.92	-90	0	0	0.839221
5449	0.5	0.92	-90	0	0	0.839221
5450	0.5	0.852	-90	0	0	0.731256
5451	0.5	0.862	-90	0	0	0.744752
5452	0.5	0.862	-90	0	0	0.744752
5453	0.5	0.92	-90	0	0	0.839221
5454	0.5	0.852	-90	0	0	0.731256
5455	0.5	0.9	270	-10	0	0.836
5456	0.5	0.9	270	-10	0	0.836
5457	0.5	0.9	270	-10	0	0.836
5458	0.529	0.909	-90	0	0	0.941186
5459	0.529	0.909	-90	0	0	0.941186
5460	0.529	0.883	-90	0	0	0.941186
5461	0.5	0.95	90	180	180	0.66
5462	0.5	0.95	90	180	180	0.7623
5463	0.5	0.95	90	180	180	0.87505
5464	0.5	0.95	90	180	180	0.8338
5465	0.5	0.9	-90	0	0	0.77
5466	0.5	0.926	-90	0	0	0.8404
5467	0.5	1.152	-90	0	0	1.10605
5468	0.5	0.926	-90	0	0	0.78705
5469	0.5	0.926	-90	0	0	0.78705
5470	0.5	0.92	-90	0	0	0.839221
5471	0.5	0.853	-90	0	0	0.731256
5472	0.5	0.9	270	-10	0	0.836
5473	0.5	0.9	270	-10	0	0.836
5474	0.5	0.9	270	-10	0	0.836
5475	0.5	0.853	-90	0	0	0.731256
5476	0.5	0.853	-90	0	0	0.731256
5477	0.5	0.853	-90	0	0	0.731256
5478	0.5	0.853	-90	0	0	0.731256
5479	0.5	0.853	-90	0	0	0.731256
5480	0.5	0.853	-90	0	0	0.731256
5482	0.5	0.853	-90	0	0	0.731256
5483	0.5	0.853	-90	0	0	0.731256
5484	0.5	0.853	-90	0	0	0.731256
5485	0.5	0.853	-90	0	0	0.731256
5486	0.5	0.853	-90	0	0	0.731256
5487	0.5	0.853	-90	0	0	0.731256
5488	0.5	0.853	-90	0	0	0.731256
5489	0.5	0.853	-90	0	0	0.731256
5490	0.5	0.853	-90	0	0	0.731256
5491	0.5	0.853	-90	0	0	0.731256
5492	0.5	0.9	270	-10	0	0.836
5493	0.5	0.9	270	-10	0	0.836
5494	0.5	0.9	270	-10	0	0.836
5495	0.5	0.9	270	-10	0	0.836
5496	0.5	0.9	270	-10	0	0.836
5497	0.5	0.9	270	-10	0	0.836
5499	0.5	0.85	270	0	0	0.77
5500	0.5	0.763	90	180	180	0.66
5501	0.53	0.859	270	-10	0	0.833972
5502	0.49	0.93	-90	-10	0	0.858
5503	0.5	0.909	-90	0	0	0.6765
5504	0.5	0.909	-90	0	0	0.6765
5505	0.5	0.88	270	-6.75	0	0.78485
5506	0.529	0.909	-90	0	0	0.941186
5507	0.537	0.928	-90	0	0	0.828724
5508	0.5	0.9	270	-10	0	0.836
5509	0.5	0.9	270	-10	0	0.836
5510	0.5	0.9	270	-10	0	0.836
5511	0.5	0.902	-90	0	0	0.744002
5512	0.537	0.928	-90	0	0	0.828724
5513	0.537	0.928	-90	0	0	0.828724
5514	0.537	0.928	-90	0	0	0.828724
5515	0.5	0.95	90	180	180	0.66
5516	0.5	0.95	90	180	180	0.7623
5517	0.5	0.95	90	180	180	0.87505
5518	0.5	0.95	90	180	180	0.8338
5519	0.5	0.95	-90	0	0	0.792
5520	0.5	0.853	-90	0	0	0.67705
5521	0.5	0.927	-90	0	0	0.7788
5522	0.5	0.927	-90	0	0	0.7788
5523	0.5	0.927	-90	0	0	0.6963
5524	0.5	0.852	-90	0	0	0.731256
5525	0.5	0.853	-90	0	0	0.731256
5526	0.5	0.853	-90	0	0	0.731256
5527	0.5	0.902	-90	0	0	0.744002
5528	0.5	0.9	270	-10	0	0.836
5529	0.5	0.9	270	-10	0	0.836
5530	0.5	0.853	-90	0	0	0.731256
5531	0.537	0.853	-90	0	0	0.731256
5532	0.537	0.962	-90	0	0	0.771743
5533	0.537	0.964	-90	0	0	0.786738
5534	0.537	0.832	-90	0	0	0.827974
5535	0.5	0.853	-90	0	0	0.731256
5537	0.537	0.906	-90	0	0	0.742503
5538	0.537	0.964	-90	0	0	0.786738
5539	0.537	0.832	-90	0	0	0.827974
5540	0.537	0.964	-90	0	0	0.786738
5541	0.537	0.962	-90	0	0	0.771743
5542	0.5	0.853	-90	0	0	0.731256
5543	0.537	0.853	-90	0	0	0.731256
5544	0.537	0.853	-90	0	0	0.731256
5545	0.537	0.964	-90	0	0	0.786738
5546	0.537	0.832	-90	0	0	0.827974
5547	0.537	0.964	-90	0	0	0.786738
5548	0.5	0.853	-90	0	0	0.731256
5632	0.5	0.9	270	-10	0	0.704
5633	0.5	0.9	270	-10	0	0.704
5634	0.5	0.9	270	-10	0	0.704
5635	0.5	0.9	270	-10	0	0.704
5636	0.5	0.9	270	-10	0	0.704
5637	0.5	0.9	270	-10	0	0.704
5638	0.5	0.9	270	-10	0	0.704
5639	0.5	0.9	270	-10	0	0.704
5640	0.5	0.9	270	-10	0	0.704
5641	0.5	0.9	270	-10	0	0.704
5642	0.5	0.9	270	-10	0	0.704
5643	0.5	0.9	270	-10	0	0.704
5644	0.5	0.9	270	-10	0	0.704
5645	0.5	0.9	270	-10	0	0.704
5646	0.5	0.9	270	-10	0	0.704
5647	0.5	0.9	270	-10	0	0.704
5648	0.5	0.9	270	-10	0	0.704
5649	0.5	0.9	270	-10	0	0.704
5650	0.5	0.9	270	-10	0	0.704
5651	0.5	0.9	270	-10	0	0.704
5652	0.5	0.9	270	-10	0	0.704
5653	0.5	0.9	270	-10	0	0.704
5654	0.5	0.9	270	-10	0	0.704
5655	0.5	0.9	270	-10	0	0.704
5656	0.5	0.9	270	-10	0	0.704
5657	0.5	0.9	270	-10	0	0.704
5658	0.5	0.9	270	-10	0	0.704
5659	0.5	0.9	270	-10	0	0.704
5660	0.5	0.9	270	-10	0	0.704
5661	0.5	0.9	270	-10	0	0.704
5662	0.5	0.9	270	-10	0	0.704
5663	0.5	0.9	270	-10	0	0.704
5664	0.5	0.9	270	-10	0	0.704
5665	0.5	0.9	270	-10	0	0.704
5666	0.5	0.9	270	-10	0	0.704
5667	0.5	0.9	270	-10	0	0.704
5668	0.5	0.9	270	-10	0	0.704
5669	0.5	0.9	270	-10	0	0.704
5670	0.5	0.9	270	-10	0	0.704
5671	0.5	0.9	270	-10	0	0.704
5672	0.5	0.9	270	-10	0	0.704
5673	0.5	0.9	270	-10	0	0.704
5674	0.5	0.9	270	-10	0	0.704
5675	0.5	0.9	270	-10	0	0.704
5676	0.5	0.9	270	-10	0	0.704
5677	0.5	0.9	270	-10	0	0.704
5678	0.5	0.9	270	-10	0	0.704
5679	0.5	0.9	270	-10	0	0.704
5680	0.5	0.9	270	-10	0	0.704
5681	0.5	0.9	270	-10	0	0.704
5682	0.5	0.9	270	-10	0	0.704
5683	0.5	0.9	270	-10	0	0.704
5684	0.5	0.9	270	-10	0	0.704
5685	0.5	0.89	270	0	0	0.66
5686	0.5	0.88	270	0	0	0.638
5687	0.5	0.89	270	0	0	0.66
5688	0.5	0.87	270	0	0	0.682
5689	0.5	0.89	270	0	0	0.66
5690	0.5	0.87	270	0	0	0.594
5691	0.5	0.9	270	-10	0	0.704
5692	0.5	0.9	270	-10	0	0.704
5693	0.5	0.9	270	-10	0	0.704
5694	0.5	0.9	270	-10	0	0.704
5695	0.5	0.9	270	-10	0	0.704
5696	0.5	0.9	270	-10	0	0.704
5697	0.5	0.9	270	-10	0	0.704
5698	0.5	0.9	270	-10	0	0.704
5699	0.5	0.9	270	-10	0	0.704
5700	0.5	0.9	270	-10	0	0.704
5701	0.5	0.9	270	-10	0	0.704
5702	0.5	0.9	270	-10	0	0.704
5703	0.5	0.9	270	-10	0	0.704
5704	0.5	0.9	270	-10	0	0.704
5705	0.5	0.9	270	-10	0	0.704
5706	0.54	0.88	-90	-10	0	0.726
5707	0.52	0.9	-90	-10	0	0.726
5708	0.52	0.9	-90	-10	0	0.726
5710	0.5	0.9	270	-10	0	0.726
5711	0.5	0.9	270	-10	0	0.726
5712	0.5	0.9	270	-10	0	0.726
5713	0.5	0.9	270	-10	0	0.726
5714	0.5	0.9	270	-10	0	0.726
5715	0.5	0.9	270	-10	0	0.726
5717	0.5	0.9	270	-10	0	0.704
5718	0.5	0.9	270	-10	0	0.704
5719	0.5	0.9	270	-10	0	0.704
5720	0.5	0.9	270	-10	0	0.704
5721	0.5	0.9	270	-10	0	0.704
5722	0.5	0.9	270	-10	0	0.704
5723	0.51	0.9	261	0	0	0.704
5724	0.51	0.9	261	0	0	0.66
5725	0.51	0.9	261	0	0	0.528
5726	0.5	0.9	270	0	0	0.66
5727	0.5	0.85	270	0	0	0.726
5728	0.51	0.9	261	0	0	0.704
5729	0.51	0.9	261	0	0	0.528
5730	0.5	1	90	180	180	0.66
5731	0.5	1	90	180	180	0.726
5732	0.5	0.95	90	180	180	0.726
5733	0.5	0.95	90	180	180	0.726
5734	0.5	1	90	180	180	0.66
5735	0.5	1	90	180	180	0.726
5736	0.5	1	90	180	180	0.66
5737	0.5	0.95	90	180	180	0.55
5738	0.5	0.851	90	180	180	0.71115
5739	0.5	0.851	90	180	180	0.71115
5740	0.5	0.851	90	180	180	0.71115
5741	0.5	0.851	90	180	180	0.71115
5742	0.5	0.851	90	180	180	0.71115
5743	0.5	0.851	90	180	180	0.71115
5744	0.5	0.851	90	180	180	0.71115
5745	0.5	0.851	90	180	180	0.71115
5746	0.5	0.851	90	180	180	0.71115
5747	0.5	0.851	90	180	180	0.71115
5748	0.5	0.781	90	180	180	0.66605
5749	0.5	0.781	90	180	180	0.66605
5750	0.5	0.781	90	180	180	0.66605
5751	0.5	0.781	90	180	180	0.66605
5752	0.5	0.9	270	-10	0	0.704
5753	0.52	0.9	-90	-10	0	0.726
5754	0.5	0.95	90	180	180	0.726
5755	0.5	0.888	90	180	180	0.6798
5756	0.5	0.781	90	180	180	0.66605
5757	0.5	0.781	90	180	180	0.66605
5759	0.5	1	90	180	180	0.726
5760	0.5	1	90	180	180	0.66
5761	0.5	0.95	-90	0	0	0.726
5768	0.5	0.9	270	-10	0	0.704
5770	0.5	0.888	90	180	180	0.6798
5771	0.5	0.888	90	180	180	0.6798
5772	0.5	0.888	90	180	180	0.6798
5773	0.5	0.888	90	180	180	0.6798
5774	0.5	0.888	90	180	180	0.6798
5775	0.5	0.888	90	180	180	0.6798
5776	0.5	0.888	90	180	180	0.6798
5777	0.5	0.888	90	180	180	0.6798
5778	0.5	0.95	90	180	180	0.638
5779	0.5	0.95	90	180	180	0.638
5780	0.5	0.95	90	180	180	0.726
5781	0.5	0.95	90	180	180	0.704
5782	0.5	0.844	-90	-6.66	0	0.7029
5783	0.5	0.844	-90	-6.66	0	0.7029
5784	0.5	0.844	-90	-6.66	0	0.7029
5785	0.5	0.844	-90	-6.66	0	0.7029
5786	0.5	0.844	-90	-6.66	0	0.7029
5787	0.5	0.844	-90	-6.66	0	0.7029
5788	0.5	0.844	-90	-6.66	0	0.7029
5789	0.5	0.844	-90	-6.66	0	0.7029
5790	0.5	0.95	90	180	180	0.726
5791	0.5	0.888	90	180	180	0.6798
5792	0.5	0.844	-90	-6.66	0	0.7029
5793	0.5	1	90	180	180	0.66
5794	0.5	0.888	90	180	180	0.6798
5795	0.5	0.844	-90	-6.66	0	0.7029
5796	0.5	0.9	-90	-18	0	0.704
5797	0.5	0.9	-90	-26	0	0.748
5798	0.5	0.95	-90	0	0	0.726
5799	0.5	0.95	-90	0	0	0.726
5800	0.5	0.9	-90	-18	0	0.704
5801	0.5	0.9	-90	-26	0	0.748
5802	0.5	0.9	-90	-18	0	0.704
5803	0.5	0.96	-90	-178	0	0.77
5804	0.5	0.95	-90	0	0	0.726
5805	0.5	0.9	-90	-18	0	0.704
5806	0.5	0.9	270	-10	0	0.704
5807	0.5	0.9	270	-10	0	0.704
5808	0.5	0.9	270	-10	0	0.704
5809	0.5	0.9	-90	0	0	0.814
5810	0.5	0.9	270	-10	0	0.814
5811	0.5	0.9	270	-10	0	0.77
5812	0.5	0.95	90	180	180	0.726
5813	0.5	0.888	90	180	180	0.6798
5814	0.5	0.844	-90	-6.66	0	0.7029
5815	0.5	0.851	90	180	180	0.71115
5816	0.5	0.95	-90	0	0	0.726
5817	0.5	0.908	-90	0	0	0.73315
5818	0.5	0.9	270	-10	0	0.704
5819	0.5	0.9	270	-10	0	0.704
5821	0.5	0.908	-90	0	0	0.73315
5822	0.5	0.908	-90	0	0	0.73315
5823	0.5	0.908	-90	0	0	0.73315
5824	0.5	0.908	-90	0	0	0.73315
5825	0.5	0.908	-90	0	0	0.73315
5826	0.5	0.908	-90	0	0	0.73315
5827	0.5	0.908	-90	0	0	0.73315
5828	0.5	0.908	-90	0	0	0.73315
5829	0.5	0.908	-90	0	0	0.73315
5830	0.5	0.908	-90	0	0	0.73315
5831	0.5	0.908	-90	0	0	0.73315
5832	0.5	1	90	180	180	0.66
5833	0.5	0.888	90	180	180	0.6798
5834	0.5	0.844	-90	-6.66	0	0.7029
5835	0.5	0.851	90	180	180	0.71115
5836	0.5	0.9	-90	-18	0	0.704
5837	0.5	0.908	-90	0	0	0.73315
5838	0.5	0.9	270	-10	0	0.704
5839	0.5	0.9	270	-10	0	0.704
5840	0.5	0.9	270	-10	0	0.704
5841	0.5	0.9	270	-10	0	0.704
5842	0.5	0.9	270	-10	0	0.704
5843	0.54	0.88	-90	-10	0	0.726
5844	0.5	1	90	180	180	0.726
5845	0.5	0.888	90	180	180	0.6798
5846	0.5	0.844	-90	-6.66	0	0.7029
5847	0.5	0.851	90	180	180	0.71115
5848	0.5	0.9	-90	-26	0	0.748
5849	0.5	0.908	-90	0	0	0.73315
5850	0.5	0.9	270	-10	0	0.704
5851	0.5	0.9	270	-10	0	0.704
5852	0.5	0.9	270	-10	0	0.704
5853	0.5	0.872	-90	0	0	0.6666
5854	0.5	0.873	-90	0	0	0.69245
5855	0.5	0.909	-90	0	0	0.7645
5856	0.5	0.909	-90	0	0	0.7645
5857	0.5	0.872	-90	0	0	0.6666
5858	0.5	0.873	-90	0	0	0.69245
5859	0.5	0.872	-90	0	0	0.6666
5860	0.5	1.003	-90	0	0	0.76835
5861	0.5	0.909	-90	0	0	0.7645
5862	0.5	0.872	-90	0	0	0.6666
5863	0.5	0.909	-90	0	0	0.7645
5864	0.5	0.909	-90	0	0	0.7645
5865	0.5	0.872	-90	0	0	0.7073
5866	0.5	0.873	-90	0	0	0.69245
5867	0.5	0.873	-90	0	0	0.69245
5868	0.5	0.89	-90	0	0	0.6864
5869	0.5	0.873	-90	0	0	0.69245
5870	0.5	0.873	-90	0	0	0.69245
5871	0.5	0.873	-90	0	0	0.69245
5872	0.5	0.873	-90	0	0	0.69245
5873	0.5	1	90	180	180	0.726
5874	0.5	0.888	90	180	180	0.6798
5875	0.5	0.844	-90	-6.66	0	0.7029
5876	0.5	0.851	90	180	180	0.71115
5877	0.5	0.9	-90	-26	0	0.748
5878	0.5	0.908	-90	0	0	0.73315
5879	0.5	0.873	-90	0	0	0.69245
5880	0.5	0.873	-90	0	0	0.69245
5881	0.5	0.873	-90	0	0	0.69245
5882	0.5	0.89	-90	0	0	0.6864
5883	0.5	0.89	-90	0	0	0.6864
5884	0.5	0.781	90	180	180	0.66605
5885	0.5	0.781	90	180	180	0.66605
5886	0.5	0.781	90	180	180	0.66605
5888	0.5	0.873	-90	0	0	0.69245
5889	0.5	0.873	-90	0	0	0.69245
5890	0.5	0.873	-90	0	0	0.69245
5891	0.5	0.95	90	180	180	0.726
5892	0.5	0.888	90	180	180	0.6798
5893	0.5	0.844	-90	-6.66	0	0.7029
5894	0.5	0.851	90	180	180	0.71115
5895	0.5	0.95	-90	0	0	0.726
5896	0.5	0.908	-90	0	0	0.73315
5897	0.5	0.909	-90	0	0	0.7645
5898	0.5	0.909	-90	0	0	0.7645
5899	0.5	0.781	90	180	180	0.66605
5900	0.5	0.781	90	180	180	0.66605
5901	0.5	0.781	90	180	180	0.66605
5902	0.5	0.872	-90	0	0	0.6666
5903	0.5	0.873	-90	0	0	0.69245
5904	0.5	0.909	-90	0	0	0.7645
5905	0.5	0.909	-90	0	0	0.7645
5906	0.5	0.872	-90	0	0	0.6666
5907	0.5	0.873	-90	0	0	0.69245
5908	0.5	0.872	-90	0	0	0.6666
5909	0.5	1.003	-90	0	0	0.76835
5910	0.5	0.909	-90	0	0	0.7645
5911	0.5	0.872	-90	0	0	0.6666
5912	0.5	0.909	-90	0	0	0.7645
5913	0.5	0.909	-90	0	0	0.7645
5914	0.5	0.872	-90	0	0	0.7073
5915	0.5	0.873	-90	0	0	0.69245
5916	0.5	0.873	-90	0	0	0.69245
5917	0.5	0.873	-90	0	0	0.69245
5918	0.5	0.909	-90	0	0	0.7645
5919	0.5	0.909	-90	0	0	0.7645
5920	0.5	0.873	-90	0	0	0.69245
5921	0.5	0.873	-90	0	0	0.69245
5922	0.5	0.873	-90	0	0	0.69245
5923	0.5	0.909	-90	0	0	0.7645
5924	0.5	0.909	-90	0	0	0.7645
5925	0.5	0.873	-90	0	0	0.69245
5926	0.5	0.909	-90	0	0	0.7645
5927	0.5	0.909	-90	0	0	0.7645
5928	0.5	0.873	-90	0	0	0.69245
5929	0.5	0.873	-90	0	0	0.69245
5930	0.5	0.873	-90	0	0	0.69245
5931	0.5	0.909	-90	0	0	0.7645
5932	0.5	0.9	270	-10	0	0.704
5933	0.5	0.9	270	-10	0	0.704
5934	0.5	0.9	270	-10	0	0.704
5935	0.5	0.9	270	-10	0	0.66275
5936	0.5	0.9	270	-10	0	0.6831
5937	0.5	0.9	270	-10	0	0.704
5938	0.5	0.9	270	-10	0	0.704
5939	0.5	0.9	270	-10	0	0.704
5940	0.5	0.9	270	-10	0	0.704
5941	0.5	0.9	270	-10	0	0.704
5942	0.5	0.9	270	-10	0	0.704
5943	0.5	0.9	270	-10	0	0.704
5944	0.5	0.9	270	-10	0	0.704
5945	0.5	0.9	270	-10	0	0.704
5946	0.5	0.9	270	-10	0	0.704
5947	0.5	0.9	270	-10	0	0.704
5948	0.5	0.9	270	-10	0	0.704
5949	0.5	0.9	270	-10	0	0.704
5950	0.5	0.891	-90	0	0	0.699767
5951	0.5	0.957	-90	0	0	0.717011
5952	0.5	0.891	-90	0	0	0.758997
5953	0.5	0.891	-90	0	0	0.758997
5954	0.5	0.891	-90	0	0	0.699767
5955	0.5	0.957	-90	0	0	0.717011
5956	0.5	0.891	-90	0	0	0.699767
5957	0.5	0.891	-90	0	0	0.675775
5958	0.5	0.891	-90	0	0	0.758997
5959	0.5	0.891	-90	0	0	0.699767
5960	0.5	0.891	-90	0	0	0.758997
5961	0.5	0.891	-90	0	0	0.758997
5962	0.5	0.891	-90	0	0	0.699767
5963	0.5	0.957	-90	0	0	0.717011
5964	0.5	0.957	-90	0	0	0.717011
5965	0.5	0.891	-90	0	0	0.758997
5966	0.5	0.891	-90	0	0	0.699767
5967	0.5	0.9	270	-10	0	0.704
5968	0.5	0.9	270	-10	0	0.704
5969	0.5	0.9	270	-10	0	0.704
5970	0.5	0.89	-90	0	0	0.800233
5971	0.5	0.89	-90	0	0	0.800233
5972	0.5	0.89	-90	0	0	0.827974
5973	0.5	0.95	90	180	180	0.726
5974	0.5	0.888	90	180	180	0.6798
5975	0.5	0.844	-90	-6.66	0	0.7029
5976	0.5	0.851	90	180	180	0.71115
5977	0.5	0.95	-90	0	0	0.726
5978	0.5	0.908	-90	0	0	0.73315
5979	0.5	0.909	-90	0	0	0.7645
5980	0.5	0.909	-90	0	0	0.7645
5981	0.5	0.909	-90	0	0	0.7645
5982	0.5	0.891	-90	0	0	0.758997
5983	0.5	0.853	-90	0	0	0.731256
5984	0.5	0.9	270	-10	0	0.704
5985	0.5	0.9	270	-10	0	0.704
5986	0.5	0.9	270	-10	0	0.704
5987	0.5	0.853	-90	0	0	0.731256
5988	0.5	0.853	-90	0	0	0.731256
5989	0.5	0.853	-90	0	0	0.731256
5990	0.5	0.853	-90	0	0	0.731256
5991	0.5	0.853	-90	0	0	0.731256
5992	0.5	0.853	-90	0	0	0.731256
5993	0.5	0.853	-90	0	0	0.731256
5994	0.5	0.853	-90	0	0	0.731256
5995	0.5	0.853	-90	0	0	0.731256
5996	0.5	0.853	-90	0	0	0.731256
5997	0.5	0.853	-90	0	0	0.731256
5998	0.5	0.853	-90	0	0	0.731256
5999	0.5	0.853	-90	0	0	0.731256
6000	0.5	0.853	-90	0	0	0.731256
6001	0.5	0.853	-90	0	0	0.731256
6002	0.5	0.853	-90	0	0	0.731256
6003	0.5	0.853	-90	0	0	0.731256
6004	0.5	0.9	270	-10	0	0.704
6005	0.5	0.9	270	-10	0	0.704
6006	0.5	0.9	270	-10	0	0.704
6007	0.5	0.9	270	-10	0	0.704
6008	0.5	0.9	270	-10	0	0.704
6009	0.5	0.9	270	-10	0	0.704
6010	0.5	0.9	270	-10	0	0.704
6011	0.5	0.85	270	0	0	0.726
6012	0.5	0.781	90	180	180	0.66605
6013	0.5	0.9	-90	0	0	0.814
6014	0.54	0.88	-90	-10	0	0.726
6015	0.5	0.873	-90	0	0	0.69245
6016	0.5	0.873	-90	0	0	0.69245
6017	0.5	0.9	270	-10	0	0.66275
6018	0.5	0.89	-90	0	0	0.800233
6019	0.537	0.947	-90	0	0	0.699017
6020	0.5	0.9	270	-10	0	0.704
6021	0.5	0.9	270	-10	0	0.704
6022	0.5	0.9	270	-10	0	0.704
6023	0.5	0.9	270	-10	0	0.704
6024	0.537	0.947	-90	0	0	0.699017
6025	0.537	0.947	-90	0	0	0.699017
6026	0.537	0.947	-90	0	0	0.699017
6027	0.5	1	90	180	180	0.66
6028	0.5	0.888	90	180	180	0.6798
6029	0.5	0.844	-90	-6.66	0	0.7029
6030	0.5	0.851	90	180	180	0.71115
6031	0.5	0.9	-90	-18	0	0.704
6032	0.5	0.908	-90	0	0	0.73315
6033	0.5	0.872	-90	0	0	0.7073
6034	0.5	0.872	-90	0	0	0.7073
6035	0.5	0.873	-90	0	0	0.69245
6036	0.5	0.891	-90	0	0	0.699767
6037	0.5	0.853	-90	0	0	0.731256
6038	0.537	0.853	-90	3.33	0	0.687771
6039	0.5	0.9	270	-10	0	0.704
6040	0.5	0.9	270	-10	0	0.704
6041	0.5	0.9	270	-10	0	0.704
6042	0.537	0.853	-90	3.33	0	0.687771
6043	0.537	0.853	-90	3.33	0	0.687771
6044	0.537	0.853	-90	3.33	0	0.645785
6045	0.537	0.853	-90	3.33	0	0.687771
6046	0.537	0.853	-90	3.33	0	0.715512
6047	0.537	0.853	-90	3.33	0	0.687771
6048	0.537	0.853	-90	3.33	0	0.687771
6049	0.537	0.853	-90	3.33	0	0.63229
6050	0.537	0.853	-90	3.33	0	0.687771
6051	0.537	0.853	-90	3.33	0	0.687771
6052	0.537	0.853	-90	3.33	0	0.687771
6053	0.537	0.853	-90	3.33	0	0.645785
6054	0.537	0.853	-90	3.33	0	0.687771
6055	0.537	0.853	-90	3.33	0	0.687771
6056	0.537	0.853	-90	3.33	0	0.687771
6057	0.537	0.853	-90	3.33	0	0.687771
6058	0.537	0.853	-90	3.33	0	0.687771
6059	0.537	0.853	-90	3.33	0	0.687771
6060	0.537	0.853	-90	3.33	0	0.687771
6144	0.5	0.6	270	-10	0	0.44
6145	0.5	0.6	270	-10	0	0.44
6146	0.5	0.6	270	-10	0	0.44
6147	0.5	0.45	270	-10	0	0.44
6148	0.5	0.4	270	-10	0	0.44
6149	0.5	0.75	270	-10	0	0.44
6150	0.5	0.55	270	-10	0	0.33
6151	0.5	0.78	270	-10	0	0.44
6152	0.5	0.78	270	-10	0	0.44
6153	0.5	0.78	270	-10	0	0.44
6154	0.5	0.78	270	-10	0	0.44
6155	0.5	0.78	270	-10	0	0.44
6156	0.5	0.78	270	-10	0	0.44
6157	0.5	0.78	270	-10	0	0.44
6158	0.5	0.78	270	-10	0	0.44
6159	0.5	0.6	270	-10	0	0.44
6160	0.5	0.78	270	-10	0	0.44
6161	0.5	0.78	270	-10	0	0.44
6162	0.5	0.78	270	-10	0	0.44
6163	0.5	0.78	270	-10	0	0.44
6165	0.5	0.5	270	-10	0	0.44
6166	0.5	0.5	270	-10	0	0.44
6167	0.5	0.5	270	-10	0	0.44
6168	0.5	0.5	270	-10	0	0.44
6170	0.5	0.6	270	-10	0	0.44
6173	0.5	0.277	270	-10	0	0.462846
6174	0.55	0.98	270	-10	0	0.88
6175	0.55	0.98	270	-10	0	0.88
6176	0.5	0.96	270	-10	0	0.22
6177	0.5	0.96	270	-10	0	0.22
6178	0.5	0.98	270	-10	0	0.22
6179	0.5	0.5	270	-10	0	0.44
6180	0.5	0.79	270	-10	0	0.396
6181	0.5	0.5	270	-10	0	0.44
6182	0.5	0.5	270	-10	0	0.44
6183	0.5	0.5	270	-10	0	0.55
6184	0.5	0.47	270	-10	0	0.44
6185	0.5	0.7	270	-10	0	0.44
6186	0.5	0.44	270	0	2	0.44
6187	0.5	0.6	270	-10	0	0.44
6188	0.5	0.78	270	0	0	0.44
6189	0.5	0.78	270	0	0	0.44
6190	0.5	0.78	270	0	0	0.44
6191	0.5	0.78	270	0	0	0.44
6192	0.5	0.5	270	-10	0	0.44
6193	0.5	0.4	-90	0	0	0.44
6194	0.5	0.08	270	-10	0	0.44
6195	0.518	0.38	-90	-6.03	0	0.21093
6196	0.518	0.603	-90	-6.03	0	0.21093
6197	0.5	0.5	-90	-58.59	0	0.55
6198	0.5	0.5	-90	-58.59	0	0.55
6199	0.5	0.5	-90	-51.84	0	0.48009
6200	0.5	0.5	-90	-51.84	0	0.48009
6204	0.5	0.6	10	-10	10	0.484
6205	0.5	0.6	10	-10	10	0.484
6206	0.5	0.6	10	-10	10	0.484
6207	0.5	0.6	10	-10	10	0.484
6208	0.5	0.6	10	-10	10	0.484
6209	0.5	0.6	10	-10	10	0.484
6214	0.5	0.6	0	0	0	0.374
6215	0.5	0.6	0	0	0	0.374
6216	0.5	0.6	0	0	0	0.374
6217	0.48	0.6	0	0	359	0.286
6219	0.5	0.5	-90	-56	0	0.946
6220	0.5	0.5	-90	-56	0	0.946
6221	0.5	0.815	-90	160.74	0	0.61985
6222	0.5	0.815	-90	160.74	0	0.61985
6223	0.5	0.815	-90	160.74	0	0.61985
6224	0.5	0.815	-90	160.74	0	0.61985
6227	0.5	0.834	-90	-37.8	0	0.3762
6228	0.5	0.834	-90	-37.8	0	0.3762
6231	0.5	0.78	-90	0	0	0.44
6232	0.5	0.78	-90	0	0	0.44
6233	0.5	0.78	-90	0	0	0.44
6234	0.5	0.78	-90	0	0	0.44
6235	0.5	0.78	-90	0	0	0.44
6236	0.519	0.5	-91.71	-180	0	0.55
6237	0.37	0.51	-90	-36.81	0	0.285155
6238	0.37	0.51	-90	-36.81	0	0.285155
6239	0.5	0.5	270	-10	0	0.44
6240	0.5	0.649	-90	0	0	0.829474
6242	0.5	0.5	270	-10	0	0.44
6244	0.5	0.6	0	0	0	0.374
6245	0.5	0.6	0	0	0	0.374
6246	0.5	0.6	0	0	0	0.374
6247	0.5	0.6	0	0	0	0.374
6248	0.5	0.6	0	0	0	0.374
6249	0.5	0.6	0	0	0	0.374
6250	0.5	0.6	0	0	0	0.374
6251	0.5	0.6	0	0	0	0.374
6252	0.5	0.6	0	0	0	0.374
6253	0.5	0.6	0	0	0	0.374
6254	0.5	0.6	0	0	0	0.374
6255	0.5	0.6	0	0	0	0.374
6256	0.5	0.6	0	0	0	0.374
6257	0.5	0.6	0	0	0	0.374
6258	0.5	0.6	0	0	0	0.374
6259	0.5	0.6	0	0	0	0.374
6260	0.5	0.6	0	0	0	0.374
6261	0.5	0.6	0	0	0	0.374
6262	0.5	0.6	0	0	0	0.374
6263	0.5	0.6	0	0	0	0.374
6264	0.5	0.6	0	0	0	0.374
6265	0.5	0.6	0	0	0	0.374
6266	0.5	0.6	0	0	0	0.374
6267	0.5	0.6	0	0	0	0.374
6268	0.5	0.6	0	0	0	0.374
6269	0.5	0.6	0	0	0	0.374
6270	0.5	0.6	0	0	0	0.374
6271	0.5	0.6	0	0	0	0.374
6272	0.5	0.6	0	0	0	0.374
6273	0.5	0.6	0	0	0	0.374
6274	0.5	0.6	270	-10	0	0.264
6275	0.5	0.6	270	-10	0	0.44
6276	0.5	0.6	270	-10	0	0.572
6277	0.47	0.6	270	-10	0	0.44
6278	0.5	0.65	270	-10	0	0.44
6279	0.5	0.41	270	-10	0	0.264
6280	0.55	0.98	270	-10	0	0.77
6281	0.55	0.88	270	-10	0	0.55
6282	0.55	0.55	270	-10	0	0.792
6283	0.55	0.96	270	90	0	0.77
6284	0.55	0.96	270	-10	0	1.1
6285	0.55	0.6	270	-10	0	0.44
6286	0.18	0.85	270	-10	-45	0.66
6287	0.1	0.91	270	-10	-45	0.88
6288	0.5	0.6	270	-10	0	0.44
6289	0.5	0.6	270	-10	0	0.44
6290	0.5	0.6	270	-10	0	0.44
6291	0.5	0.71	270	-10	0	0.44
6292	0.55	0.73	270	-10	0	0.44
6293	0.55	0.6	270	-10	0	0.44
6294	0.5	0.6	270	-10	0	0.44
6295	0.5	0.6	270	-10	0	0.44
6296	0.5	0.5	-90	0	0	0.484
6298	0.5	0.445	-90	0	0	0.2629
6299	0.5	0.5	-90	0	0	0.44
6300	0.5	0.5	-90	0	0	0.44
6301	0.5	0.5	-90	0	0	0.44
6302	0.5	0.5	-90	0	0	0.506
6303	0.5	0.5	-90	0	0	0.506
6304	0.5	0.5	-90	0	0	0.506
6306	0.5	0.78	-90	0	0	0.44
6307	0.5	0.6	270	-10	0	0.55
6308	0.5	0.78	-90	0	0	0.44
6309	0.5	0.78	-90	0	0	0.44
6310	0.5	0.6	270	-10	0	0.55
6311	0.5	0.78	-90	0	0	0.44
6312	0.5	0.78	-90	0	0	0.44
6313	0.5	0.78	-90	0	0	0.44
6314	0.5	0.78	-90	0	0	0.44
6315	0.5	0.78	-90	0	0	0.44
6316	0.5	0.202	-90	0	0	0.3344
6317	0.5	0.203	-90	0	0	0.54945
6318	0.5	0.314	-90	0	0	0.58025
6319	0.5	0.314	-90	0	0	0.58025
6320	0.5	0.314	-90	0	0	0.58025
6321	0.5	0.314	-90	0	0	0.58025
6322	0.5	1.301	-90	0	0	0.6204
6324	0.5	0.723	-90	0	0	0.382623
6325	0.5	0.723	-90	0	0	0.382623
6326	0.5	0.723	-90	0	0	0.382623
6327	0.5	0.817	-90	0	0	0.438104
6329	0.5	0.723	-90	0	0	0.382623
6332	0.5	0.723	-90	0	0	0.382623
6333	0.5	0.723	-90	0	0	0.382623
6334	0.5	0.723	-90	0	0	0.382623
6336	0.5	0.723	-90	0	0	0.382623
6338	0.5	0.622	-90	0	0	0.406615
6339	0.5	0.622	-90	0	0	0.406615
6340	0.5	0.575	-90	0	0	0.340637
6342	0.5	0.835	-90	0	0	0.368378
6344	0.5	0.6	270	0	0	0.39985
6345	0.5	0.6	270	0	0	0.39985
6346	0.5	0.6	270	0	0	0.39985
6347	0.5	0.6	270	0	0	0.39985
6348	0.5	0.6	270	0	0	0.39985
6349	0.5	0.6	270	0	0	0.39985
6350	0.5	0.6	270	0	0	0.39985
6351	0.5	0.6	270	0	0	0.39985
6352	0.5	0.6	270	0	0	0.39985
6353	0.5	0.6	270	0	0	0.39985
6354	0.5	0.6	270	0	0	0.39985
6355	0.5	0.6	270	0	0	0.39985
6356	0.5	0.6	270	0	0	0.39985
6357	0.5	0.6	270	0	0	0.39985
6358	0.5	0.6	270	0	0	0.39985
6359	0.5	0.6	270	0	0	0.39985
6360	0.5	0.6	270	0	0	0.39985
6361	0.5	0.6	270	0	0	0.39985
6362	0.5	0.6	270	0	0	0.39985
6363	0.5	0.6	270	0	0	0.39985
6365	0.5	0.6	270	-10	0	0.3278
6366	0.5	0.6	270	-10	0	0.3278
6375	0.5	0.6	270	-10	0	0.3278
6376	0.5	0.6	270	-10	0	0.3278
6385	0.5	0.6	270	-10	0	0.3278
6386	0.5	0.6	270	-10	0	0.3278
6395	0.5	0.6	270	-10	0	0.3278
6396	0.5	0.6	270	-10	0	0.3278
6405	0.5	0.6	270	-10	0	0.3278
6406	0.5	0.57	270	0	0	0.44
6407	0.5	0.34	270	-10	0	0.396
6408	0.5	0.6	270	-10	0	0.44
6409	0.5	0.49	270	-10	0	0.44
6410	0.5	0.56	270	0	0	0.44
6411	0.5	0.56	270	0	0	0.484
6412	0.5	0.56	270	0	0	0.44
6413	0.5	0.47	90	0	180	0.44
6414	0.5	0.42	90	0	180	0.44
6415	0.5	0.5	270	-10	0	0.44
6416	0.5	0.5	270	-10	0	0.44
6417	0.5	0.5	270	-10	0	0.44
6418	0.5	0.5	270	-10	0	0.44
6419	0.5	0.5	270	-10	0	0.44
6420	0.5	0.5	270	-10	0	0.44
6421	0.5	0.5	270	-10	0	0.44
6422	0.5	0.51	90	0	180	0.264
6423	0.5	0.57	270	0	0	0.44
6424	0.5	0.34	270	-10	0	0.396
6425	0.5	0.6	270	0	0	0.44
6426	0.5	0.49	270	-10	0	0.44
6427	0.5	0.56	270	0	0	0.484
6428	0.5	0.57	270	-10	0	0.484
6429	0.5	0.34	270	-10	0	0.396
6430	0.5	0.6	270	-10	0	0.484
6431	0.5	0.49	270	-10	0	0.484
6432	0.55	0.92	-90	0	0	0.374
6433	0.5	0.78	-90	0	0	0.44
6434	0.5	0.6	270	-10	0	0.55
6435	0.5	0.6	270	-10	0	0.55
6436	0.5	0.6	270	-10	0	0.55
6437	0.5	0.78	-90	0	0	0.44
6438	0.5	0.78	-90	0	0	0.44
6439	0.67	0.5	270	0	0	0.506
6440	0.67	0.5	270	0	0	0.506
6441	0.5	0.78	-90	0	0	0.44
6442	0.5	0.78	-90	0	0	0.44
6443	0.5	0.6	270	-10	0	0.55
6444	0.5	0.6	270	-10	0	0.55
6445	0.5	0.5	270	-10	0	0.44
6446	0.5	0.5	270	-10	0	0.44
6447	0.5	0.5	270	-10	0	0.44
6448	0.67	0.5	270	0	0	0.506
6449	0.67	0.5	270	0	0	0.506
6450	0.5	0.6	270	0	0	0.39985
6451	0.5	0.6	270	0	0	0.39985
6452	0.5	0.6	270	0	0	0.39985
6455	0.5	0.6	0	0	0	0.374
6456	0.5	0.6	0	0	0	0.374
6457	0.5	0.6	0	0	0	0.374
6458	0.5	0.6	0	0	0	0.374
6459	0.5	0.6	0	0	0	0.374
6460	0.5	0.6	0	0	0	0.374
6461	0.5	0.6	0	0	0	0.374
6462	0.5	0.6	0	0	0	0.374
6463	0.5	0.6	0	0	0	0.374
6464	0.5	0.6	0	0	0	0.374
6465	0.5	0.6	0	0	0	0.374
6466	0.5	0.6	0	0	0	0.374
6467	0.5	0.6	0	0	0	0.374
6468	0.5	0.6	0	0	0	0.374
6469	0.5	0.6	0	0	0	0.374
6470	0.5	0.6	0	0	0	0.374
6471	0.5	0.6	0	0	0	0.374
6472	0.5	0.6	0	0	0	0.374
6473	0.5	0.6	0	0	0	0.374
6474	0.5	0.6	0	0	0	0.374
6475	0.5	0.6	0	0	0	0.374
6476	0.5	0.6	0	0	0	0.374
6477	0.5	0.6	0	0	0	0.374
6478	0.5	0.6	0	0	0	0.374
6479	0.5	0.6	0	0	0	0.374
6480	0.5	0.6	0	0	0	0.374
6481	0.5	0.6	0	0	0	0.374
6482	0.5	0.6	0	0	0	0.374
6483	0.5	0.6	0	0	0	0.374
6484	0.5	0.6	0	0	0	0.374
6485	0.5	0.6	0	0	0	0.374
6486	0.5	0.6	0	0	0	0.374
6487	0.5	0.6	0	0	0	0.374
6488	0.5	0.6	0	0	0	0.374
6489	0.5	0.6	0	0	0	0.374
6490	0.5	0.6	0	0	0	0.374
6491	0.5	0.6	0	0	0	0.374
6492	0.5	0.6	0	0	0	0.374
6493	0.5	0.6	0	0	0	0.374
6494	0.5	0.6	0	0	0	0.374
6495	0.5	0.6	0	0	0	0.374
6496	0.5	0.6	0	0	0	0.374
6497	0.5	0.6	0	0	0	0.374
6498	0.5	0.6	0	0	0	0.374
6499	0.5	0.6	0	0	0	0.374
6500	0.5	0.6	0	0	0	0.374
6501	0.5	0.6	0	0	0	0.374
6502	0.5	0.6	0	0	0	0.374
6503	0.5	0.6	0	0	0	0.374
6504	0.5	0.6	0	0	0	0.374
6505	0.5	0.6	0	0	0	0.374
6506	0.5	0.6	0	0	0	0.374
6507	0.5	0.6	0	0	0	0.374
6508	0.5	0.6	0	0	0	0.374
6509	0.5	0.6	0	0	0	0.374
6510	0.5	0.6	0	0	0	0.374
6511	0.5	0.6	0	0	0	0.374
6512	0.5	0.6	0	0	0	0.374
6513	0.5	0.6	0	0	0	0.374
6514	0.5	0.6	0	0	0	0.374
6515	0.5	0.6	0	0	0	0.374
6516	0.5	0.6	0	0	0	0.374
6517	0.5	0.6	0	0	0	0.374
6518	0.5	0.6	0	0	0	0.374
6519	0.5	0.6	0	0	0	0.374
6520	0.5	0.6	0	0	0	0.374
6521	0.5	0.6	0	0	0	0.374
6522	0.5	0.6	0	0	0	0.374
6523	0.5	0.6	0	0	0	0.374
6524	0.5	0.6	0	0	0	0.374
6525	0.5	0.6	0	0	0	0.374
6526	0.5	0.6	0	0	0	0.374
6527	0.5	0.6	0	0	0	0.374
6528	0.5	0.6	0	0	0	0.374
6529	0.5	0.6	0	0	0	0.374
6530	0.5	0.6	0	0	0	0.374
6531	0.5	0.6	0	0	0	0.374
6532	0.5	0.6	0	0	0	0.374
6533	0.5	0.6	0	0	0	0.374
6534	0.5	0.6	0	0	0	0.374
6535	0.5	0.6	0	0	0	0.374
6536	0.5	0.6	0	0	0	0.374
6537	0.5	0.6	0	0	0	0.374
6538	0.5	0.6	0	0	0	0.374
6539	0.5	0.6	0	0	0	0.374
6540	0.5	0.6	0	0	0	0.374
6541	0.5	0.6	0	0	0	0.374
6542	0.5	0.6	0	0	0	0.374
6543	0.5	0.6	0	0	0	0.374
6544	0.5	0.6	0	0	0	0.374
6545	0.5	1	-90	0	0	0.506
6546	0.5	0.78	270	-10	0	0.44
6547	0.5	0.5	270	-10	0	0.44
6557	0.611	0.5	-90	0	0	0.55
6558	0.5	0.5	-90	0	0	0.47795
6559	0.5	0.63	-90	0	0	0.37565
6560	0.5	0.5	-90	0	0	0.4268
6561	0.5	0.5	-90	0	0	0.4576
6562	0.5	0.426	-90	0	0	0.4169
6563	0.5	0.463	-90	0	0	0.3553
6564	0.5	0.407	-90	0	0	0.41635
6565	0.5	0.5	-90	0	0	0.43725
6566	0.5	0.4	270	-10	0	0.44
6567	0.5	0.75	270	-10	0	0.44
6568	0.5	0.45	270	-10	0	0.44
6569	0.5	0.55	270	-10	0	0.33
6570	0.5	0.5	-90	0	0	0.44
6571	0.5	0.44	270	0	2	0.44
6572	0.5	0.4	-90	0	0	0.44
6573	0.5	0.47	90	0	180	0.44
6574	0.5	0.5	270	-10	0	0.44
6575	0.5	0.79	270	-10	0	0.396
6576	0.5	0.5	270	-10	0	0.44
6577	0.5	0.5	270	-10	0	0.55
6578	0.5	0.47	270	-10	0	0.44
6579	0.5	0.6	270	-10	0	0.44
6580	0.5	0.08	270	-10	0	0.44
6581	0.5	0.42	90	0	180	0.44
6582	0.5	0.5	-90	0	0	0.47795
6583	0.5	0.63	-90	0	0	0.37565
6584	0.5	0.5	-90	0	0	0.4268
6585	0.5	0.5	-90	0	0	0.4576
6586	0.5	0.426	-90	0	0	0.4169
6587	0.5	0.463	-90	0	0	0.3553
6588	0.5	0.407	-90	0	0	0.41635
6589	0.5	0.5	-90	0	0	0.43725
6595	0.5	0.5	-90	0	0	0.71335
6596	0.5	0.5	-90	0	0	0.71335
6597	0.5	0.5	-90	0	0	0.5632
6598	0.5	0.5	-90	-180	0	0.61
6599	0.519	0.5	-90	0	0	0.65
6600	0.5	0.5	-90	0	0	0.77
6603	0.5	0.5	-90	0	0	0.71335
6604	0.5	0.5	-90	0	0	0.71335
6605	0.5	0.5	-90	0	0	0.5632
6606	0.5	0.5	-90	180	0	0.61
6607	0.5	0.5	-90	0	0	0.65
6608	0.5	0.5	-90	0	0	0.77
6609	0.5	0.7	270	0	0	0.92785
6610	0.5	0.7	270	0	0	0.92785
6611	0.518	0.611	-90	0	0	0.44
6612	0.518	0.611	-90	0	0	0.44
6613	0.5	0.5	-90	0	0	0.44715
6615	0.5	0.5	-90	-33.48	0	0.396
6616	0.5	0.5	-90	0	0	0.33
6617	0.5	0.5	-90	0	0	0.33
6618	0.5	0.5	-90	0	0	0.33
6619	0.5	0.5	-90	0	0	0.33
6620	0.5	0.78	-90	0	0	0.44
6621	0.5	0.78	-90	0	0	0.44
6622	0.5	0.78	-90	0	0	0.44
6623	0.5	0.78	-90	0	0	0.44
6624	0.5	0.45	-90	0	0	0.308
6625	0.53	0.572	-90	0	1	0.4939
6626	0.5	0.78	-90	0	0	0.44
6627	0.314	0.994	-90	-30.15	0	0.55
6628	0.314	0.994	-90	-30.15	0	0.55
6629	0.5	0.78	270	0	0	0.44
6630	0.5	0.78	270	0	0	0.44
6631	0.5	0.78	270	0	0	0.44
6632	0.5	0.78	270	0	0	0.44
6633	0.518	0.612	-90	0	0	0.33
6634	0.518	0.612	-90	0	0	0.33
6635	0.5	0.78	270	0	0	0.44
6636	0.5	0.78	270	0	0	0.44
6637	0.5	0.78	270	0	0	0.44
6638	0.5	0.78	270	0	0	0.44
6639	0.5	0.78	270	0	0	0.44
6640	0.518	0.612	-90	0	0	0.33
6641	0.518	0.612	-90	0	0	0.33
6642	0.5	0.78	270	0	0	0.44
6643	0.5	0.6	270	0	0	0.39985
6644	0.5	0.6	270	0	0	0.39985
6645	0.5	0.6	270	0	0	0.39985
6646	0.5	0.6	270	0	0	0.39985
6647	0.5	0.6	270	0	0	0.39985
6648	0.5	0.6	270	0	0	0.39985
6649	0.5	0.6	270	-10	0	0.3278
6650	0.5	0.6	270	-10	0	0.3278
6651	0.5	0.6	270	-10	0	0.3278
6652	0.5	0.6	270	-10	0	0.3278
6653	0.5	0.5	-90	0	0	0.47795
6654	0.5	0.5	-90	0	0	0.21175
6656	0.5	0.7	270	-10	0	0.55
6657	0.5	0.7	270	-10	0	0.55
6658	0.5	0.91	270	-10	0	0.55
6659	0.5	0.98	-90	-90	0	0.55
6660	0.39	0.54	-90	-90	0	0.33
6661	0.5	0.7	-90	-35	0	1.1
6662	0.5	0.7	270	0	0	0.396
6663	0.5	0.9	270	-10	0	0.55
6664	0.5	0.7	270	-10	0	0.55
6665	0.5	0.7	270	-10	0	0.55
6666	0.5	0.7	270	-10	0	0.55
6667	0.5	0.85	270	-10	0	0.55
6668	0.5	0.57	0	0	0	0.55
6669	0.5	0.54	0	0	0	0.55
6670	0.6	1	270	-10	0	0.66
6671	0.6	1	270	-10	0	0.66
6672	0.5	0.9	270	-10	0	0.44
6673	0.5	0.9	270	-10	0	0.396
6674	0.5	0.75	290	0	0	0.396
6675	0.5	0.5	0	0	0	0.22
6676	0.5	0.65	270	0	0	0.506
6677	0.5	0.7	270	160	20	0.55
6678	0.5	0.7	270	160	20	0.55
6679	0.5	0.7	270	160	20	0.55
6680	0.5	0.7	270	160	20	0.55
6681	0.5	0.7	0	0	0	0.55
6682	0.5	0.7	0	0	0	0.55
6683	0.5	0.7	0	0	0	0.55
6684	0.5	0.7	0	0	0	0.55
6685	0.5	0.5	290	0	0	0.55
6686	0.5	0.5	-90	0	0	0.44
6687	0.5	0.9	-90	-90	0	0.55
6688	0.5	0.67	270	0	0	0.418
6689	0.5	0.5	270	0	0	0.88
6690	0.5	0.5	270	0	0	0.88
6691	0.5	0.5	270	0	0	0.88
6692	0.5	0.5	270	0	0	1.54
6693	0.5	0.5	270	0	0	1.1
6694	0.5	0.47	162	0	0	0.55
6695	0.5	0.7	270	0	0	0.55
6696	0.5	0.7	270	0	0	0.55
6697	0.5	0.7	270	0	0	0.55
6698	0.5	0.7	270	0	0	0.55
6699	0.5	0.96	90	0	180	0.462
6700	0.5	0.1	90	0	0	0.44
6701	0.5	0.16	90	0	0	0.44
6702	0.5	1.1	270	0	0	0.396
6703	0.5	1.1	270	0	0	0.396
6704	0.5	1.1	270	0	0	0.396
6705	0.5	1.17	270	0	0	0.286
6706	0.5	0.88	270	0	0	0.66
6707	0.5	0.83	270	0	0	0.66
6708	0.5	0.52	270	0	0	1.078
6709	0.5	0.6	270	120	0	1.078
6710	0.5	0.91	270	0	0	0.88
6711	0.5	0.91	270	0	0	0.88
6712	0.5	0.91	270	0	0	0.88
6713	0.5	0.91	270	0	0	0.88
6714	0.5	0.91	270	0	0	0.88
6715	0.5	0.57	90	0	0	0.176
6716	0.5	1.01	270	0	0	1.1
6717	0.5	1.1	270	0	0	0.396
6718	0.5	1	270	0	0	0.44
6719	0.5	0	90	0	0	0.44
6720	0.5	1.09	270	-10	0	0.11
6721	0.5	0.88	270	-10	0	0.352
6722	0.52	1.11	270	0	0	0.44
6723	0.5	1.09	270	40	0	0.33
6724	0.62	0.85	300	10	20	0.572
6725	0.5	1.17	270	-30	0	0.506
6726	0.83	0.73	270	0	70	0.396
6727	0.5	0.5	270	180	0	0.418
6728	0.5	0.5	270	180	0	0.418
6729	0.5	0.5	270	180	0	0.418
6730	0.5	0.5	270	180	0	0.418
6731	0.5	0.5	270	180	0	0.418
6732	0.5	0.98	270	0	0	0.572
6733	0.5	0.95	-90	0	0	0.506
6734	0.5	0.95	-90	0	0	0.506
6736	0.36	0.88	270	50	0	0.44
6737	0.5	0.52	-90	0	0	0.264
6738	0.5	0.49	-90	0	0	0.264
6739	0.555	0.519	-90	0	0	1.01016
6740	0.555	0.519	-90	0	0	1.01016
6741	0.555	0.519	-90	0	0	1.01016
6742	0.555	0.519	-90	0	0	1.01016
6743	0.555	0.519	-90	0	0	1.01016
6744	0.555	0.519	-90	0	0	1.01016
6745	0.555	0.519	-90	0	0	1.01016
6746	0.555	0.519	-90	0	0	1.01016
6747	0.555	0.519	-90	0	0	1.01016
6748	0.555	0.519	-90	0	0	1.01016
6749	0.5	0.93	-90	0	0	0.462
6750	0.5	0.93	-90	0	0	0.462
6751	0.5	0.93	270	0	0	0.462
6752	0.5	0.5	270	0	0	0.66
6753	0.52	0.1	90	0	0	0.484
6754	0.52	0.1	90	0	0	0.484
6755	0.47	0.47	270	0	0	0.33
6759	0.5	0.5	0	0	0	0.55
6760	0.5	1	270	0	0	0.55
6761	0.5	1	270	0	0	0.44
6762	0.5	1	270	90	10	0.308
6763	0.5	0.5	270	25	25	0.66
6765	0.73	0.93	270	25	25	0.99
6766	0.73	0.93	270	25	25	0.99
6767	0.73	0.93	270	25	25	0.99
6768	0.73	0.93	270	25	25	0.99
6769	0.5	0.7	270	0	0	0.396
6770	0.5	0.7	270	0	0	0.396
6771	0.5	0.7	270	0	0	0.396
6772	0.5	0.93	270	0	0	0.462
6773	0.5	0.93	270	0	0	0.484
6774	0.5	0.93	270	0	0	0.484
6775	0.5	0.93	270	0	0	0.484
6776	0.5	0.93	270	0	0	0.484
6777	0.5	0.93	270	0	0	0.396
6778	0.54	0.98	290	-20	0	0.704
6779	0.5	1.04	270	40	0	0.198
6780	0.5	1	270	0	0	0.264
6781	0.5	1	270	0	0	0.264
6782	0.5	1	270	0	0	0.264
6783	0.5	1	270	0	0	0.264
6784	0.5	1.14	270	-20	0	0.77
6785	0.5	1.11	270	-20	0	0.77
6786	0.5	0.7	270	-20	0	0.704
6787	0.5	0.7	270	-20	0	0.55
6788	0.5	0.54	270	-20	0	0.55
6789	0.5	0.7	270	-20	0	0.726
6790	0.5	1.01	270	-20	0	0.726
6791	0.5	0.54	270	0	0	0.22
6792	0.5	0.54	270	0	0	0.22
6793	0.5	0.54	270	0	0	0.22
6794	0.5	0.54	270	0	0	0.22
6795	0.5	0.54	270	0	0	0.22
6796	0.5	0.54	270	0	0	0.22
6797	0.5	0.54	270	0	0	0.22
6798	0.5	0.54	270	0	0	0.22
6799	0.5	0.54	270	0	0	0.22
6800	0.5	0.54	270	0	0	0.22
6801	0.5	0.26	90	0	0	0.176
6802	0.5	0.13	90	0	0	0.264
6803	0.5	0.49	90	0	0	0.22
6804	0.5	0.7	270	0	0	0.55
6805	0.5	0.7	270	0	0	0.55
6806	0.5	0.7	270	0	0	0.55
6807	0.7	0.52	270	0	0	0.506
6808	0.5	0.85	270	0	0	0.33
6809	0.5	0.85	270	0	0	0.33
6810	0.5	0.85	270	0	0	0.33
6811	0.5	0.85	270	0	0	0.33
6812	0.5	0.85	270	0	0	0.33
6813	0.5	0.85	270	0	0	0.33
6814	0.5	0.85	270	0	0	0.33
6815	0.5	0.85	270	0	0	0.33
6816	0.5	0.54	-90	0	0	0.242
6817	0.5	0.54	-90	0	0	0.242
6818	0.555	0.519	-90	0	0	1.01016
6819	0.54	1	290	-20	0	0.726
6820	0.54	1	290	-20	0	0.726
6821	0.57	0.96	290	-20	0	0.616
6822	0.5	0.98	270	0	0	0.572
6824	0.52	0.1	90	0	0	0.484
6825	0.5	0.7	270	0	0	0.55
6826	0.5	0.7	270	0	0	0.55
6827	0.53	0.6	270	0	0	0.55
6828	0.53	0.6	270	0	0	0.572
6829	0.47	0.9	-60	20	0	0.22
6831	0.5	1	270	-40	0	0.484
6832	0.5	1	270	-40	0	0.462
6833	0.5	0.9	270	0	0	0.33
6834	0.5	0.9	270	0	0	0.33
6835	0.5	0.9	270	0	0	0.33
6836	0.5	0.9	270	0	0	0.33
6837	0.5	0.9	270	0	0	0.33
6838	0.5	0.827	-90	0	0	0.395368
6839	0.5	0.833	-90	0	0	0.434355
6840	0.5	0.492	-90	0	0	0.393119
6841	0.5	0.789	-90	0	0	0.546068
6842	0.5	0.826	-90	0	0	0.462846
6843	0.5	0.548	-90	0	0	0.448601
6844	0.5	0.622	-90	0	0	0.546818
6845	0.5	0.666	-90	0	0	0.365378
6846	0.5	0.61	-90	0	0	0.382623
6847	0.5	0.554	-90	0	0	0.326391
6848	0.5	0.61	-90	0	0	0.340637
6849	0.5	0.666	-90	0	0	0.326391
6850	0.5	0.61	-90	0	0	0.340637
6851	0.5	0.666	-90	0	0	0.326391
6852	0.5	0.61	-90	0	0	0.340637
6853	0.5	0.666	-90	0	0	0.326391
6854	0.5	0.61	-90	0	0	0.340637
6855	0.5	0.666	-90	0	0	0.326391
6866	0.53	1	-90	0	1	0.198
6867	0.5	0.9	90	180	180	0.352
6868	0.5	1	-80	-45	0	0.22
6869	0.5	1	-80	-45	0	0.264
6870	0.5	0.8	-90	-21	-1	0.198
6871	0.5	0.8	-90	-21	-1	0.22
6872	0.48	0.8	273	-51	359	0.308
6873	0.48	0.8	273	-51	359	0.33
6874	0.43	0.7	255	-43	359	0.286
6875	0.5	0.8	-80	-43	359	0.33
6876	0.53	1	-90	0	1	0.198
6877	0.53	1	-90	0	1	0.198
6878	0.53	1	-90	0	1	0.198
6879	0.5	1	-90	-22	0	0.154
6880	0.5	1	-90	-22	0	0.176
6881	0.5	1	270	-39	-1	0.484
6882	0.5	1	270	-39	-1	0.55
6883	0.5	0.9	269	-36	359	0.088
6884	0.5	0.9	269	-36	359	0.11
6885	0.5	0.9	-90	-32	359	0.528
6886	0.5	0.9	-90	-32	359	0.55
6887	0.5	0.9	-90	-53	359	0.374
6888	0.5	0.9	-90	-53	359	0.418
6889	0.5	0.9	-90	-36	-1	0.484
6890	0.5	0.9	-90	-36	-1	0.528
6891	0.5	0.9	-90	330	1	0.506
6892	0.5	0.9	-90	330	1	0.572
6893	0.5	0.9	-90	-22	-1	0.242
6894	0.5	0.9	-90	-22	-1	0.264
6895	0.5	0.8	-90	359	359	0.44
6896	0.5	0.8	-90	359	359	0.44
6897	0.5	0.9	-90	0	359	0.484
6898	0.5	0.9	-90	0	359	0.55
6899	0.5	0.9	-90	-43	359	0.528
6900	0.5	0.9	-90	-43	359	0.572
6901	0.5	0.9	-90	-21	359	0.572
6902	0.5	0.9	-90	-21	359	0.638
6903	0.5	0.54	270	0	0	0.22
6904	0.5	0.54	270	0	0	0.22
6905	0.5	0.54	270	0	0	0.22
6906	0.5	0.54	270	0	0	0.22
6907	0.5	0.54	270	0	0	0.22
6908	0.45	0.9	-90	-36	1	0.33
6909	0.5	0.9	-90	-36	1	0.374
6910	0.5	0.8	-90	-61	3	0.176
6911	0.5	0.9	-90	-61	3	0.176
6912	0.5	0.9	-90	-31	359	0.154
6913	0.5	0.9	-90	-31	359	0.176
6914	0.5	0.9	-90	-12	359	0.44
6915	0.5	0.9	-90	-12	359	0.462
6916	0.5	0.9	-90	-12	1	0.44
6917	0.5	0.9	-90	-12	1	0.484
6918	0.5	0.9	-90	-24	1	0.462
6919	0.5	0.9	-90	-24	1	0.506
6920	0.5	0.9	-90	-22	359	0.528
6921	0.5	0.9	-90	-22	359	0.55
6922	0.5	0.9	-90	-12	359	0.462
6923	0.5	0.9	-90	-12	359	0.506
6924	0.55	0.99	90	223	180	0.484
6926	0.5	0.9	-90	-31	-1	0.352
6927	0.5	0.9	-90	-31	-1	0.396
6928	0.55	0.65	-90	-48	-1	0.176
6929	0.5	0.65	-90	-48	-1	0.22
6930	0.5	0.9	-90	-49	1	0.286
6931	0.5	0.9	-90	-49	1	0.33
6932	0.5	0.55	180	180	180	0.77
6933	0.5	0.55	180	180	180	0.77
6934	0.5	0.9	-90	-22	359	0.154
6935	0.5	0.9	-90	-22	359	0.154
6936	0.5	0.9	-90	-34	359	0.286
6937	0.5	0.9	-90	-34	359	0.33
6938	0.5	0.9	-90	-39	359	0.484
6939	0.5	0.9	-90	-39	359	0.506
6940	0.5	0.9	-90	-20	359	0.55
6941	0.5	0.9	-90	-20	359	0.594
6942	0.5	0.9	-90	-25	359	0.55
6943	0.5	0.9	-90	-25	359	0.594
6944	0.5	0.9	-90	-27	359	0.33
6945	0.5	0.9	-90	-27	359	0.396
6946	0.5	0.9	-90	-5	359	0.506
6947	0.5	0.9	-90	-5	359	0.55
6948	0.5	0.9	-90	-9	359	0.506
6949	0.5	0.9	-90	-9	359	0.55
6950	0.5	0.9	-90	-17	359	0.506
6951	0.5	0.9	-90	-17	359	0.55
6952	0.5	0.9	-90	-26	359	0.506
6953	0.5	0.9	-90	-26	359	0.55
6954	0.5	0.9	-90	-32	359	0.176
6955	0.5	0.9	-90	-36	359	0.198
6956	0.5	0.9	-90	32	359	0.176
6957	0.5	0.9	-90	32	359	0.198
6958	0.5	0.9	-90	-34	359	0.286
6959	0.5	0.9	-90	-34	359	0.352
6960	0.5	0.9	-90	-44	359	0.264
6961	0.5	0.9	-90	-44	359	0.286
6962	0.5	0.9	-90	-41	359	0.154
6963	0.5	0.9	-90	-41	359	0.176
6964	0.5	0.9	-90	-22	359	0.44
6965	0.5	0.9	-90	-22	359	0.484
6966	0.5	0.9	-90	-22	359	0.44
6967	0.5	0.9	-90	-22	359	0.484
6968	0.5	0.9	-90	-22	359	0.44
6969	0.5	0.9	-90	-22	359	0.484
6970	0.5	1.2	-90	-48	359	0.462
6971	0.5	1.2	-90	-48	359	0.55
6972	0.45	1.07	-90	-22	359	0.286
6973	0.45	1.07	-90	-22	359	0.33
6974	0.5	0.9	-90	-27	359	0.242
6975	0.5	0.9	-90	-27	359	0.264
6976	0.5	1.2	-90	-26	359	0.308
6977	0.5	1.2	-90	-26	359	0.352
6978	0.5	1.3	-90	-29	359	0.396
6979	0.5	1.3	-90	-29	359	0.418
6980	0.5	1.2	-90	-39	359	0.352
6981	0.5	1.2	-90	-39	359	0.396
6982	0.5	1.1	-90	312	1	0.198
6983	0.5	1.1	-90	312	1	0.242
6984	0.5	1.1	-90	312	1	0.198
6985	0.5	1.1	-90	312	1	0.242
6986	0.5	1.1	-90	312	1	0.198
6987	0.5	1.1	-90	312	1	0.242
6988	0.5	0.9	-90	-17	359	0.418
6989	0.5	0.9	-90	-17	359	0.506
6990	0.5	0.9	-90	-2	359	0.418
6991	0.5	0.9	-90	-2	359	0.506
6992	0.5	1.38	-90	-58	359	0.484
6993	0.5	1.38	-90	-58	359	0.55
6994	0.5	0.9	-90	-29	359	0.154
6995	0.5	0.9	-90	-29	359	0.176
6996	0.5	0.8	-90	-36	359	0.594
6997	0.5	0.8	-90	-36	359	0.638
6998	0.5	0.9	-90	-26	359	0.506
6999	0.5	0.9	-90	-26	359	0.594
7000	0.5	0.9	-90	-41	359	0.33
7001	0.5	0.9	-90	-41	359	0.374
7002	0.5	0.9	-90	-49	359	0.286
7003	0.5	0.9	-90	-49	359	0.374
7004	0.5	0.9	-90	-22	359	0.242
7005	0.5	0.9	-90	-22	359	0.286
7006	0.53	1	-90	0	1	0.198
7007	0.5	0.6	-90	-2	359	0.55
7008	0.53	0.6	-90	1	359	0.836
7009	0.5	0.6	-90	-2	359	0.506
7010	0.5	0.98	-90	0	359	0.55
7011	0.5	0.6	-90	-2	359	0.55
7012	0.5	0.6	-90	0	359	0.836
7013	0.5	0.6	-90	-2	359	0.506
7014	0.5	0.6	-90	-26	359	0.528
7015	0.5	0.6	-90	-2	359	0.55
7016	0.5	0.6	-90	0	359	0.836
7017	0.5	0.6	-90	-2	358	0.484
7018	0.5	0.6	-90	-26	359	0.528
7019	0.5	0.6	-90	-2	359	0.55
7020	0.5	0.55	-90	0	359	1.32
7021	0.5	0.6	-90	-2	359	0.506
7022	0.5	0.6	-90	-26	359	0.528
7023	0.5	0.6	-90	-2	359	0.55
7024	0.5	0.55	-90	0	359	1.32
7025	0.5	0.6	-90	-2	358	0.506
7026	0.5	0.6	-90	-26	359	0.528
7027	0.5	0.6	-90	-2	359	0.55
7028	0.5	0.98	-90	0	359	0.55
7029	0.5	0.6	-90	-2	358	0.506
7030	0.5	0.6	-90	-26	359	0.528
7031	0.5	0.6	-90	-2	359	0.55
7032	0.5	0.98	-90	0	359	0.55
7033	0.5	0.6	-90	-2	359	0.506
7034	0.5	0.6	-90	-26	359	0.528
7035	0.5	0.6	-90	-2	359	0.55
7036	0.5	0.6	-90	0	359	0.836
7037	0.5	0.6	-90	-2	359	0.506
7038	0.5	0.6	-90	-26	359	0.528
7039	0.5	0.6	-90	-2	359	0.572
7040	0.5	0.5	-90	0	359	1.32
7041	0.5	0.507	-90	-2	359	0.528
7042	0.5	0.533	-90	-2	359	0.572
7043	0.5	0.6	-90	-2	359	0.55
7044	0.5	0.55	-90	0	359	1.32
7045	0.5	0.6	-90	-2	359	0.506
7046	0.5	0.6	-90	-26	359	0.528
7047	0.5	0.6	-90	0	359	0.55
7048	0.5	0.6	-90	0	359	0.836
7049	0.5	0.6	-90	-2	359	0.506
7050	0.5	0.98	-90	-2	359	0.55
7051	0.5	0.6	-90	0	359	0.836
7052	0.5	0.6	-90	-2	359	0.55
7053	0.5	0.6	-90	-2	359	0.506
7054	0.5	0.98	-90	-2	359	0.55
7055	0.5	0.55	-90	-2	359	0.55
7056	0.5	0.55	-90	0	359	1.32
7057	0.5	0.62	-90	-2	359	0.506
7058	0.5	0.6	-90	-26	359	0.55
7059	0.5	0.6	-90	0	359	0.836
7060	0.5	0.6	-90	-2	359	0.55
7061	0.5	0.6	-90	-2	358	0.484
7062	0.5	0.98	-90	-2	359	0.56705
7063	0.519	0.963	-90	-21.78	0	0.693
7064	0.5	0.7	0	0	0	0.55
7065	0.5	0.9	-90	-43	359	0.506
7066	0.5	0.9	-90	-43	359	0.704
7067	0.5	0.9	-90	-34	359	0.286
7068	0.5	0.9	-90	-34	359	0.374
7069	0.5	0.9	-90	-41	359	0.286
7070	0.5	0.9	-90	-41	359	0.374
7071	0.5	0.9	-90	-19	359	0.396
7072	0.5	0.9	-90	-19	359	0.506
7073	0.5	0.9	-90	-27	359	0.418
7074	0.5	0.9	-90	-27	359	0.506
7075	0.5	0.9	-90	-43	359	0.132
7076	0.5	1.05	-90	-43	359	0.176
7077	0.5	0.9	-90	-19	359	0.528
7078	0.5	0.9	-90	-19	359	0.594
7079	0.5	0.9	-90	-22	359	0.506
7080	0.5	0.9	-90	-22	359	0.594
7081	0.5	0.9	-90	-22	359	0.616
7082	0.5	0.9	-90	-22	359	0.66
7083	0.5	0.9	-90	-44	359	0.33
7084	0.5	0.9	-90	-44	359	0.374
7085	0.5	0.9	-90	-43	359	0.352
7086	0.5	0.9	-90	-43	359	0.44
7087	0.5	0.9	-90	-31	359	0.352
7088	0.5	0.9	-90	-31	359	0.44
7089	0.5	0.92	-90	-68	-9	0.462
7090	0.5	0.92	-90	-65	-9	0.506
7091	0.5	0.91	-90	1	-2	0.484
7092	0.5	0.9	-90	1	1	0.528
7093	0.5	0.96	-90	25	-1	0.506
7094	0.5	0.93	-90	25	-1	0.528
7095	0.5	0.91	83	207	180	0.264
7096	0.5	0.91	83	207	180	0.264
7097	0.6	0.85	279	-39	351	0.352
7098	0.6	0.85	279	-39	351	0.396
7099	0.5	0.83	279	-39	351	0.352
7100	0.5	0.83	279	-39	351	0.396
7101	0.52	0.83	-90	13	-2	0.374
7102	0.52	0.83	-90	13	-2	0.374
7103	0.53	0.83	-90	-24	-2	0.396
7104	0.53	0.83	-90	-24	-2	0.374
7105	0.52	0.83	-90	-21	0	0.396
7106	0.52	0.83	-90	-21	0	0.418
7107	0.48	0.92	-90	7	1	0.55
7108	0.5	0.94	-90	7	1	0.594
7109	0.5	0.94	-90	0	0	0.484
7110	0.53	0.96	-90	-22	0	0.506
7111	0.5	0.9	-90	-22	0	0.748
7112	0.54	0.91	-90	-22	0	0.77
7113	0.5	0.94	-90	0	0	0.528
7114	0.5	0.94	-90	0	0	0.572
7115	0.5	0.94	-90	0	0	0.528
7116	0.5	0.94	-90	0	0	0.528
7117	0.5	0.94	-90	0	0	0.55
7118	0.5	0.94	-90	0	0	0.55
7119	0.53	0.96	-90	-22	0	0.506
7120	0.54	0.91	-90	-22	0	0.77
7121	0.63	0.9	-90	-5	0	0.44
7125	0.36	0.88	270	50	0	0.44
7126	0.5	1.04	270	40	0	0.198
7127	0.5	0.98	270	0	0	0.572
7128	0.54	0.98	290	-20	0	0.704
7129	0.54	1	290	-20	0	0.726
7130	0.54	1	290	-20	0	0.726
7131	0.57	0.96	290	-20	0	0.616
7132	0.5	0.9	270	0	0	0.33
7133	0.5	0.9	-90	-29	359	0.154
7134	0.5	1	270	0	0	0.55
7135	0.5	1	270	0	0	0.55
7136	0.5	0.9	-90	0	0	0.594
7137	0.5	0.91	-90	0	0	0.594
7138	0.5	0.91	-90	0	0	0.374
7139	0.5	0.92	-90	-9	0	0.374
7140	0.5	0.92	-90	0	0	0.55
7141	0.5	0.91	-90	0	0	0.572
7142	0.63	0.9	-90	-22	0	0.396
7143	0.63	0.91	-90	-32	0	0.418
7144	0.5	0.91	-90	0	0	0.594
7145	0.5	0.91	-90	0	0	0.638
7146	0.5	0.91	-90	-32	0	0.374
7147	0.38	0.9	-90	-46	0	0.374
7148	0.5	0.9	-85	0	0	0.55
7149	0.5	0.9	-87	-10	0	0.55
7150	0.5	0.9	-71	-27	0	0.44
7151	0.5	0.9	-71	-24	0	0.484
7152	0.5	0.9	-90	0	0	0.66
7153	0.5	0.9	-90	0	0	0.704
7154	0.5	0.9	-90	0	0	0.638
7155	0.5	0.9	-90	0	0	0.704
7156	0.5	0.9	-90	0	0	0.418
7157	0.5	0.9	-90	0	0	0.418
7158	0.5	0.9	-90	0	0	0.506
7159	0.5	0.9	-90	0	0	0.484
7160	0.5	0.54	270	0	0	0.22
7161	0.5	0.54	270	0	0	0.22
7162	0.5	0.54	270	0	0	0.22
7163	0.5	0.54	270	0	0	0.22
7164	0.5	0.54	270	0	0	0.22
7165	0.492	0.94	-90	0	0	0.3938
7168	0.5	0.83	270	-10	0	0.77
7169	0.5	0.95	270	-10	0	0.77
7170	0.5	0.95	270	-10	0	0.77
7171	0.5	0.95	270	-10	0	0.77
7172	0.5	0.95	270	-10	0	0.77
7173	0.5	0.95	270	-10	0	0.77
7174	0.5	0.95	270	-10	0	0.77
7175	0.5	0.52	270	-10	0	0.55
7176	0.5	0.95	270	-10	0	0.77
7177	0.5	0.95	270	-10	0	0.77
7178	0.5	0.85	270	-10	0	0.77
7179	0.5	0.95	270	-10	0	0.77
7180	0.5	0.5	270	-90	0	0.77
7181	0.5	0.95	270	-10	0	0.77
7182	0.5	0.95	270	-10	0	0.77
7183	0.5	0.6	10	-13	0	0.792
7184	0.5	0.95	270	-10	0	0.77
7185	0.5	0.5	270	-10	0	0.77
7186	0.5	0.5	270	-10	0	0.77
7187	0.5	0.5	270	-10	0	0.77
7188	0.5	0.95	270	0	0	0.77
7189	0.5	0.5	-90	-20	0	0.44
7190	0.5	0.95	270	-10	0	0.55
7191	0.5	0.95	270	-10	0	0.55
7192	0.5	0.95	270	-10	0	0.55
7193	0.5	1.06	270	-10	0	0.616
7194	0.5	1.06	270	-10	0	0.616
7196	0.5	1.09	270	-10	0	0.77
7197	0.5	1.09	270	-10	0	0.77
7199	0.5	0.5	270	-10	0	0.77
7200	0.5	0.57	0	-10	0	0.44
7201	0.5	0.57	0	-10	0	0.44
7202	0.5	0.57	0	-10	0	0.44
7203	0.5	0.95	270	-10	0	0.77
7204	0.5	0.95	270	-10	0	0.77
7205	0.5	0.95	270	-10	0	0.77
7206	0.5	1.14	270	-10	0	0.77
7207	0.5	1.06	270	-10	0	0.77
7208	0.5	1.09	270	-10	0	0.77
7209	0.5	0.95	270	90	0	0.77
7210	0.5	0.95	270	-10	0	1.1
7211	0.13	0.94	270	-10	-45	0.77
7212	0.1	0.94	270	-10	-45	0.88
7213	0.5	0.95	270	-10	0	0.66
7214	0.5	0.5	270	-10	0	0.55
7215	0.5	0.5	270	-10	0	0.55
7216	0.5	0.5	270	-10	0	0.55
7217	0.5	0.95	270	-10	0	0.66
7218	0.5	0.95	270	-10	0	0.22
7219	0.5	1.11	270	-10	0	0.77
7220	0.5	0.95	270	-25	0	0.308
7221	0.5	0.5	180	0	0	0.176
7222	0.5	0.95	270	0	0	0.528
7223	0.5	0.95	270	0	0	0.308
7224	0.5	0.95	270	0	0	0.308
7225	0.5	0.95	270	0	0	0.308
7226	0.44	0.44	-90	-10	0	0.286
7227	0.44	0.46	-90	-18	0	0.308
7228	0.44	0.46	-90	-18	0	0.308
7229	0.5	0.5	270	0	0	0.198
7230	0.5	0.5	270	0	0	0.198
7231	0.5	0.41	-50	-60	0	1.54
7232	0.5	0.95	270	0	0	0.66
7233	0.54	0.57	270	0	0	0.66
7234	0.5	0.6	270	0	0	0.77
7235	0.5	0.65	270	0	0	0.77
7236	0.5	0.95	270	-10	0	0.66
7237	0.5	0.9	270	0	0	0.396
7238	0.5	0.95	270	0	0	0.616
7239	0.5	0.95	270	0	0	0.616
7240	0.5	0.5	0	0	0	0.55
7241	0.5	0.5	0	0	0	0.55
7242	0.5	0.5	0	0	0	0.55
7243	0.5	0.5	0	0	0	0.55
7244	0.5	0.5	0	0	0	0.55
7245	0.5	0.5	0	0	0	0.55
7246	0.5	1	270	0	0	0.55
7247	0.5	1	270	0	0	0.55
7248	0.5	1	270	0	0	0.55
7249	0.5	1	270	0	0	0.55
7250	0.5	1	270	0	0	0.55
7251	0.5	0.5	270	0	0	0.198
7252	0.5	0.95	270	0	0	0.682
7253	0.5	0.95	270	0	0	0.968
7254	0.5	0.95	270	0	0	0.682
7255	0.5	0.95	270	0	0	1.342
7256	0.5	0.95	270	0	0	0.77
7257	0.5	0.95	270	0	0	0.77
7258	0.5	0.95	270	0	0	0.77
7259	0.5	1	270	0	0	0.528
7260	0.5	1	270	0	0	0.528
7261	0.5	1	270	0	0	0.528
7262	0.5	1	270	0	0	0.484
7263	0.5	1	270	0	0	0.528
7264	0.5	1.1	270	0	0	0.616
7265	0.5	0.5	0	0	0	0.55
7266	0.5	0.5	0	0	0	0.55
7267	0.62	1.09	290	-40	0	0.55
7268	0.49	0.5	0	0	0	0.88
7269	0.5	0.95	270	-10	0	0.88
7270	0.5	0.57	0	0	30	1.078
7271	0.5	0.54	0	0	30	0.88
7272	0.5	0.54	0	0	30	0.88
7273	0.5	0.54	0	0	30	0.88
7274	0.5	0.54	0	0	30	0.88
7275	0.5	0.54	0	0	30	0.88
7276	0.5	0.54	0	0	30	0.88
7277	0.5	0.54	0	0	0	0.66
7278	0.5	1.22	270	-10	0	0.88
7279	0.5	1.04	270	-10	0	0.77
7280	1.01	0.91	270	180	45	0.77
7281	1.01	0.91	270	180	45	0.77
7282	0.5	0.6	270	0	0	0.836
7283	0.5	0.6	270	0	0	0.836
7284	0.5	0.6	270	0	0	0.836
7285	0.5	0.6	270	0	0	0.836
7286	0.5	0.6	270	0	0	0.836
7287	0.5	0.6	270	0	0	0.836
7288	0.5	0.5	270	0	0	0.77
7289	0.5	0.95	270	-10	0	0.77
7290	0.5	0.95	270	-10	0	0.77
7291	0.5	0.95	270	-10	0	0.77
7292	0.5	0.95	270	-10	0	0.77
7293	0.5	0.95	270	-10	0	0.77
7294	0.5	0.6	270	0	0	0.836
7295	0.5	0.6	270	0	0	0.836
7296	0.5	0.6	270	0	0	0.836
7297	0.5	0.6	270	0	0	0.836
7298	0.5	0.6	270	0	0	0.836
7299	0.5	0.6	270	0	0	0.836
7300	0.5	0.6	270	0	0	0.836
7301	0.5	0.95	270	0	0	0.66
7302	0.5	0.5	270	0	0	1.1
7303	0.5	0.5	270	0	0	1.1
7304	0.5	0.5	270	0	0	1.1
7305	0.5	0.5	270	0	0	1.1
7306	0.5	0.5	270	0	0	1.1
7307	0.5	0.5	270	0	0	1.1
7308	0.5	0.5	0	0	0	0.55
7309	0.5	0.95	270	-10	0	0.77
7310	0.5	0.95	270	-10	0	0.77
7311	0.5	0.95	270	-10	0	0.77
7312	0.5	0.95	270	-10	0	0.77
7313	0.5	0.5	270	0	0	0.396
7314	0.5	0.5	270	0	0	0.396
7315	0.5	0.5	270	0	0	0.396
7316	0.5	0.5	270	0	0	0.396
7317	0.5	0.5	270	0	0	0.396
7318	0.5	0.5	270	0	0	0.396
7319	0.65	0.49	270	0	0	0.506
7320	0.65	0.49	270	0	0	0.506
7321	0.5	0.95	270	0	0	0.66
7322	0.5	0.95	270	-10	0	0.77
7323	0.5	0.54	270	-10	0	0.77
7324	0.73	0.73	180	270	15	0.528
7325	0.5	0.95	270	0	0	0.308
7326	0.5	0.95	270	0	0	0.308
7327	0.5	0.95	270	0	0	0.308
7328	0.5	0.5	270	0	0	0.22
7329	0.49	0.49	-90	0	0	0.352
7330	0.47	0.85	270	0	0	0.484
7331	0.5	1.61	270	-10	0	0.924
7332	0.52	0.49	-90	0	0	0.88
7333	0.5	0.5	0	0	0	0.594
7334	0.5	0.5	0	0	0	0.594
7337	0.5	1	270	0	0	0.528
7338	0.65	0.49	270	0	0	0.506
7339	0.65	0.49	270	0	0	0.506
7340	0.5	1	270	0	0	0.66
7341	0.5	1	270	0	0	0.66
7342	0.5	1	270	0	0	0.66
7343	0.5	1	270	0	0	0.66
7344	0.5	0.95	270	-10	0	0.77
7345	0.5	0.95	270	-10	0	0.77
7346	0.5	0.95	270	-10	0	0.77
7347	0.5	0.95	270	-10	0	0.77
7348	0.5	0.95	270	-10	0	0.77
7349	0.5	0.95	270	-10	0	0.77
7350	0.5	0.95	270	-10	0	0.77
7351	0.5	0.95	270	-10	0	0.77
7352	0.5	0.95	270	-10	0	0.77
7353	0.5	0.95	270	-10	0	0.77
7354	0.5	1	270	-10	0	0.77
7355	0.5	0.95	270	-10	0	0.77
7356	0.5	0.95	270	-10	0	0.77
7357	0.5	0.95	270	-10	0	0.77
7358	0.5	0.95	270	-10	0	0.77
7359	0.5	0.95	270	-10	0	0.77
7360	0.5	0.95	270	-10	0	0.77
7361	0.5	0.95	270	-10	0	0.77
7362	0.5	0.95	270	-10	0	0.77
7363	0.5	0.95	270	-10	0	0.77
7364	0.5	0.95	270	-10	0	0.77
7365	0.5	0.95	270	-10	0	0.77
7366	0.5	0.95	270	-10	0	0.77
7367	0.5	0.95	270	-10	0	0.77
7368	0.5	0.95	270	-10	0	0.77
7369	0.5	0.95	270	-10	0	0.77
7370	0.5	0.95	270	-10	0	0.77
7372	0.5	0.5	0	0	0	0.55
7373	0.5	0.5	0	0	0	0.55
7374	0.54	0.54	0	0	0	0.484
7375	0.54	0.54	0	0	0	0.484
7376	0.54	0.54	0	0	0	0.484
7377	0.52	1	-90	-13	0	0.396
7378	0.5	0.95	270	-10	0	0.88
7379	0.5	0.95	270	-10	0	0.88
7380	0.5	0.95	270	-10	0	0.88
7381	0.5	0.95	270	-10	0	0.88
7383	0.5	0.8	270	0	0	0.506
7384	0.52	0.6	270	0	0	0.44
7385	0.5	0.5	270	-10	0	0.55
7386	0.5	0.5	270	-10	0	0.55
7387	0.5	0.5	270	-10	0	0.55
7388	0.5	0.5	270	-10	0	0.55
7389	0.5	0.5	270	-10	0	0.55
7390	0.5	0.9	270	-10	0	0.77
7391	0.5	0.95	270	0	0	0.66
7392	0.5	0.9	270	0	0	0.396
7393	0.5	0.55	1	0	1	0.418
7394	0.5	0.55	1	0	1	0.418
7395	0.5	0.55	1	0	1	0.418
7396	0.5	0.55	1	0	1	0.418
7397	0.5	0.55	1	0	1	0.418
7398	0.5	0.55	1	0	1	0.418
7399	0.5	0.55	1	0	1	0.418
7400	0.5	0.55	1	0	1	0.418
7401	0.52	0.95	91	-9	181	0.484
7402	0.5	0.5	270	-10	0	0.55
7403	0.5	0.55	1	0	1	0.418
7404	0.5	1.14	-93.06	0	0.81	0.61105
7405	0.5	1.14	-93.06	0	0.81	0.61105
7406	0.5	1.14	-93.06	0	0.81	0.61105
7407	0.5	1.14	-93.06	0	0.81	0.61105
7408	0.5	1.14	-93.06	0	0.81	0.61105
7409	0.5	1.14	-93.06	0	0.81	0.61105
7410	0.51	1.03	-90	0	-1	0.99
7411	0.51	1.03	-90	0	-1	0.99
7412	0.5	0.5	270	-10	0	0.55
7413	0.5	0.6	85	161	200	0.704
7414	0.5	0.6	85	161	200	0.704
7415	0.5	0.6	85	161	200	0.704
7416	0.54	1.03	-90	340	-1	0.66
7417	0.54	1.03	-90	340	-1	0.66
7418	0.54	1.03	-90	340	-1	0.66
7419	0.51	1.05	-90	359	-1	0.528
7420	0.51	1.05	-90	359	-1	0.528
7421	0.51	1.05	-90	359	-1	0.528
7422	0.53	0.95	90	0	180	0.22
7423	0.5	0.95	90	0	180	0.22
7424	0.53	0.95	90	0	180	0.22
7425	0.53	0.95	90	0	180	0.286
7426	0.53	0.95	90	0	180	0.484
7427	0.53	0.95	90	0	180	0.484
7428	0.5	1.14	-90	0	0	0.594
7429	0.5	0.95	270	0	0	0.286
7430	0.5	0.95	270	0	0	0.33
7431	0.5	0.9	270	0	0	0.396
7432	0.5	0.9	270	0	0	0.396
7433	0.5	0.9	90	-85	180	0.33
7434	0.5	0.9	90	-85	180	0.33
7435	0.5	0.9	90	-85	180	0.33
7436	0.5	0.9	90	-85	180	0.33
7437	0.5	1	90	0	180	0.33
7438	0.5	1	90	0	180	0.33
7439	0.5	0.9	90	0	180	0.33
7440	0.5	0.9	90	0	180	0.33
7441	0.5	0.9	90	0	180	0.33
7442	0.5	0.9	90	0	180	0.33
7443	0.5	0.9	90	0	180	0.33
7444	0.5	0.9	90	0	180	0.33
7445	0.53	0.9	-90	0	359	0.528
7446	0.5	1	-90	-43	359	0.484
7447	0.5	0.9	90	0	180	0.33
7448	0.5	0.9	90	0	180	0.33
7450	0.5	0.8	90	190	180	0.99
7451	0.5	0.8	90	190	180	0.99
7452	0.5	0.8	90	190	180	0.99
7453	0.5	0.6	0	0	270	0.99
7454	0.5	0.95	270	-25	0	0.264
7455	0.5	0.8	90	190	180	0.99
7456	0.5	0.8	90	190	180	0.99
7457	0.5	0.8	90	190	180	0.99
7458	0.5	1.04	-90	-90	0	0.33
7461	0.5	0.95	-90	-90	0	0.55
7464	0.51	0.95	-90	-90	0	0.55
7477	0.5	1.15	-90	0	0	0.33
7478	0.5	1.15	-90	0	0	0.33
7479	0.5	1.15	-90	0	0	0.33
7480	0.5	1.15	-90	0	0	0.33
7484	0.5	1	-90	0	0	0.33
7485	0.5	0.76	90	0	180	0.792
7488	0.5	1.05	-90	-26	0	0.44
7499	0.5	1	270	-10	0	0.638
7500	0.5	1	270	-10	0	0.638
7501	0.5	1	270	-10	0	0.638
7502	0.5	1	270	-10	0	0.638
7504	0.45	0.8	90	190	180	0.99
7505	0.51	0.95	-90	-90	0	0.55
7506	0.51	0.95	-90	-90	0	0.55
7507	0.51	0.95	-90	-90	0	0.55
7508	0.51	0.95	-90	-90	0	0.55
7509	0.48	1.05	90	180	180	0.55
7510	0.56	0.95	81	64	180	0.374
7511	0.36	1.12	-90	-40	-10	0.55
7512	0.5	0.95	271	-14	1	1.21
7513	0.58	0.65	-73	3	11	0.374
7514	0.5	0.55	-90	0	0	0.814
7515	0.5	0.55	-90	0	0	0.814
7516	0.5	0.55	-90	0	0	0.814
7517	0.5	0.55	-90	0	0	0.814
7518	0.5	0.55	-90	0	0	0.814
7519	0.5	1	-90	-24	0	0.66
7520	0.51	0.86	90	190	180	0.99
7521	0.5	0.99	-90	0	0	0.792
7522	0.5	1	-90	-12	0	0.638
7523	0.5	1	-90	0	0	0.572
7524	0.5	1	-90	-15	0	0.616
7525	0.5	0.95	271	-14	1	1.21
7526	0.5	0.95	271	-14	1	1.21
7527	0.5	0.95	271	-14	1	1.21
7528	0.5	0.95	271	-14	1	1.21
7529	0.5	0.95	271	-14	1	1.21
7530	0.5	1.06	270	-10	0	0.616
7531	0.54	1.03	-90	340	-1	0.66
7532	0.51	1.08	-90	-37	0	0.902
7533	0.5	0.444	-90	1.62	28.44	2.70685
7534	0.5	0.5	-90	-15.03	-0.09	1.41503
7535	0.51	1	-90	83	0	0.33
7536	0.51	1	-90	83	0	0.33
7537	0.51	1	-90	83	0	0.33
7538	0.49	0.71	-90	213	0	0.638
7539	0.5	0.9	270	0	0	0.396
7540	0.5	0.9	270	0	0	0.396
7541	0.5	0.9	270	0	0	0.396
7542	0.54	1.03	-90	340	-1	0.66
7543	0.54	1.03	-90	340	-1	0.66
7544	0.54	1.03	-90	340	-1	0.66
7545	0.51	1.05	-90	359	-1	0.528
7546	0.5	0.91	-90	0	0	0.748
7547	0.5	0.91	-90	0	0	0.748
7548	0.5	0.91	-90	0	0	0.748
7549	0.5	0.91	-90	0	0	0.748
7550	0.5	0.91	-90	0	0	0.748
7551	0.5	0.91	-90	0	0	0.748
7552	0.5	0.91	-90	0	0	0.748
7553	0.5	0.872	-90	0	0	0.55
7554	0.48	0.861	90	-30.96	180	0.75405
7555	0.48	1.05	90	180	180	0.55
7556	0.48	1.05	90	180	180	0.55
7557	0.48	0.8605	90	-156.6	180	0.9691
7558	0.5	1	-90	0	0	0.55
7559	0.5	0.928	-90	0	0	0.33
7560	0.5	0.8975	-90	83.7	0	0.3938
7561	0.5	0.8975	-90	83.7	0	0.3938
7562	0.5	0.946	-90	0	0	1.08185
7563	0.5	0.946	-90	0	0	1.08185
7564	0.5	0.946	-90	0	0	1.08185
7565	0.5	0.946	-90	0	0	1.08185
7566	0.5	0.8975	-90	83.7	0	0.3938
7567	0.519	0.963	-90	-21.78	0	0.693
7568	0.5	0.8	90	190	180	0.99
7569	0.5	0.8	90	190	180	0.99
7570	0.5	0.8	90	190	180	0.99
7571	0.54	1.03	-90	340	-1	0.66
7572	0.54	1.03	-90	340	-1	0.66
7573	0.54	1.03	-90	340	-1	0.66
7574	0.5	0.798	-81.36	-31.77	0	0.5423
7575	0.5	0.901	-90	0	0	0.72765
7576	0.54	1.03	-90	340	-1	0.66
7577	0.54	1.03	-90	340	-1	0.66
7578	0.54	1.03	-90	340	-1	0.66
7579	0.54	1.03	-90	340	-1	0.66
7580	0.5	0.826	-90	-32.76	0	0.55
7581	0.5	0.5	-180	-56.97	-28.44	1.02025
7582	0.5	0.928	-90	0	0	0.55
7583	0.519	0.947	-90	0	0	0.6622
7584	0.5	0.779	-90	-31.86	0	0.73755
7585	0.5	0.482	-90	0	0	0.3652
7586	0.5	0.835	-90	0	0	0.55
7587	0.5	0.827	-90	0	0	0.55
7588	0.5	0.5	-90	0	0	0.3751
7589	0.5	0.927	-90	-19.35	0	0.67595
7590	0.5	0.927	-90	-19.35	0	0.67595
7591	0.54	1.03	-90	340	-1	0.66
7592	0.54	1.03	-90	340	-1	0.66
7593	0.54	1.03	-90	340	-1	0.66
7594	0.5	0.845	-90	-31.86	0	0.55
7595	0.5	0.853	-90	-25.11	0	0.55
7596	0.5	0.827	-90	-30.15	0	0.55
7597	0.5	0.845	-90	-26.1	0	0.55
7598	0.56	0.53	270	0	0	0.396
7600	0.5	0.5	-90	0	0	0.8096
7601	0.5	0.5	-90	0	0	0.8096
7602	0.5	0.5	-90	0	0	0.8096
7603	0.5	0.5	-90	0	0	0.8096
7604	0.5	0.5	-90	0	0	0.8096
7605	0.5	0.5	-90	0	0	0.8096
7606	0.5	0.5	-90	0	0	0.4268
7607	0.5	0.5	-90	0	0	0.4268
7608	0.5	0.928	-90	0	0	0.55
7612	0.5	0.95	270	0	0	0.6677
7613	0.5	0.928	-90	0	0	0.55
7614	0.5	0.928	-90	0	0	0.55
7615	0.5	0.8	90	190	180	0.99
7616	0.5	0.8	90	190	180	0.99
7617	0.5	0.5	8.8	0	0	1.21
7618	0.5	0.779	-90	-31.86	0	0.73755
7619	0.5	0.928	-90	0	0	0.55
7620	0.5	0.798	-81.36	-31.77	0	0.5423
7621	0.5	0.5	0	0	0	0.55
7622	0.481	0.855	-90	0	0	1.10165
7626	0.54	0.5	-34	-28	0	0.748
7628	0.5	0.5	-90	0	0	0.88
7629	0.5	0.5	-90	0	0	0.88
7630	0.5	0.5	-90	0	0	0.88
7631	0.5	0.5	-90	0	0	0.88
7632	0.5	0.5	-90	0	0	0.88
7633	0.5	0.5	-90	0	0	0.4675
7634	0.5	0.5	-90	0	0	0.55
7635	0.5	0.5	-90	0	0	0.506
7636	0.5	0.5	-90	0	0	0.506
7637	0.5	0.5	-90	0	0	0.374
7638	0.5	0.5	-90	0	0	0.55
7639	0.5	0.5	-90	0	0	0.4719
7640	0.5	0.5	-90	0	0	0.88
7641	0.5	0.5	-90	0	0	0.88
7642	0.5	0.5	-90	0	0	0.88
7643	0.5	0.5	-90	0	0	0.88
7644	0.5	0.5	-90	0	0	0.88
7646	0.48	0.86	270	-23.49	0	1.1
7648	0.5	0.8	90	190	180	0.99
7649	0.5	0.8	90	190	180	0.99
7650	0.5	0.8	90	190	180	0.99
7651	0.5	0.8	90	190	180	0.99
7652	0.5	0.8	90	190	180	0.99
7653	0.5	0.8	90	190	180	0.99
7654	0.5	0.8	90	190	180	0.99
7655	0.5	1	270	0	0	0.528
7656	0.5	1	270	0	0	0.528
7657	0.5	0.8	90	190	180	0.99
7658	0.5	0.845	-90	-26.82	0	0.55
7659	0.5	0.845	-90	-26.1	0	0.55
7660	0.426	0.891	-90	0	0	0.8767
7661	0.51	1.05	-90	359	-1	0.528
7662	0.5	0.5	-90	0	0	1.8491
7664	0.5	0.853	-90	0	0	0.55
7665	0.54	0.5	-34	-28	0	0.748
7666	0.5	0.5	-90	0	0	0.90805
7667	0.5	0.946	-90	0	0	1.08185
7668	0.5	0.946	-90	0	0	1.08185
7669	0.5	0.5	-90	11.7	0	0.65615
7670	0.5	0.872	-90	-180	0	0.90695
7671	0.5	0.834	-88.47	-13.32	-1.71	0.66605
7672	0.5	1.073	-86.67	0	0	0.6765
7673	0.426	0.891	-90	0	0	0.8767
7674	0.426	0.891	-90	0	0	0.8767
7675	0.426	0.891	-90	0	0	0.8767
7676	0.426	0.891	-90	0	0	0.8767
7677	0.426	0.891	-90	0	0	0.8767
7678	0.5	0.5	-90	0	0	0.8668
7680	0.5	0.6	270	-10	0	0.55
7681	0.5	0.6	270	-10	0	0.55
7682	0.5	0.6	270	-10	0	0.55
7683	0.5	0.6	270	-10	0	0.55
7684	0.5	0.6	270	-10	0	0.55
7685	0.5	0.6	270	-10	0	0.55
7686	0.5	0.6	270	-10	0	0.55
7687	0.5	0.6	270	-10	0	0.55
7688	0.5	0.6	270	-10	0	0.55
7689	0.5	0.6	270	-10	0	0.55
7690	0.5	0.6	270	-10	0	0.55
7691	0.5	0.6	270	-10	0	0.55
7692	0.5	0.6	270	-10	0	0.55
7693	0.5	0.6	270	-10	0	0.55
7694	0.5	0.6	270	-10	0	0.55
7695	0.5	0.6	270	-10	0	0.55
7696	0.5	0.6	270	-10	0	0.55
7697	0.5	0.6	270	-10	0	0.55
7698	0.5	0.6	270	-10	0	0.55
7699	0.67	0.5	270	0	0	0.506
7700	0.67	0.5	270	0	0	0.506
7701	0.67	0.5	270	0	0	0.506
7702	0.67	0.5	270	0	0	0.506
7703	0.67	0.5	270	0	0	0.506
7704	0.67	0.5	270	0	0	0.506
7706	0.67	0.5	270	0	0	0.506
7707	0.67	0.5	270	0	0	0.506
7708	0.5	0.6	270	-10	0	0.55
7709	0.5	0.6	270	-10	0	0.55
7710	0.67	0.5	270	0	0	0.506
7711	0.67	0.5	270	0	0	0.506
7712	0.67	0.5	270	0	0	0.506
7713	0.67	0.5	270	0	0	0.506
7714	0.67	0.5	270	0	0	0.506
7715	0.67	0.5	270	0	0	0.506
7716	0.67	0.5	270	0	0	0.506
7717	0.5	0.6	270	-10	0	0.55
7718	0.5	0.6	270	-10	0	0.55
7719	0.5	0.6	270	-10	0	0.55
7720	0.5	0.6	270	-10	0	0.55
7721	0.5	0.6	270	-10	0	0.55
7722	0.67	0.5	270	0	0	0.506
7723	0.67	0.5	270	0	0	0.506
7724	0.67	0.5	270	0	0	0.506
7725	0.67	0.5	270	0	0	0.506
7726	0.67	0.5	270	0	0	0.506
7727	0.5	0.6	270	-10	0	0.55
7728	0.5	0.6	270	-10	0	0.55
7729	0.5	0.6	270	-10	0	0.55
7730	0.5	0.6	270	-10	0	0.55
7731	0.5	0.6	270	-10	0	0.55
7732	0.5	0.6	270	-10	0	0.55
7733	0.5	0.6	270	-10	0	0.55
7734	0.5	0.78	270	-10	0	0.44
7735	0.5	0.78	270	-10	0	0.44
7736	0.5	0.78	270	-10	0	0.44
7737	0.5	0.78	270	-10	0	0.44
7738	0.5	0.78	270	-10	0	0.44
7739	0.5	0.78	270	0	0	0.44
7743	0.5	0.6	270	-10	0	0.55
7744	0.5	0.6	270	-10	0	0.55
7745	0.5	0.6	270	-10	0	0.55
7746	0.5	0.6	270	-10	0	0.55
7747	0.5	0.5	270	-10	0	0.44
7748	0.5	0.5	270	-10	0	0.44
7749	0.5	0.5	270	-10	0	0.44
7750	0.5	0.6	270	-10	0	0.55
7751	0.5	0.6	270	-10	0	0.55
8192	0.5	0.9	-90	0	0	0.55
8193	0.5	0.9	-90	0	0	0.572
8194	0.5	0.9	-90	0	0	0.55
8195	0.5	0.9	-90	0	0	0.594
8196	0.5	1	-90	0	0	0.616
8197	0.5	1	-90	0	0	0.66
8198	0.5	0.872	-90	0	0	0.51865
8199	0.5	0.881	-90	0	0	0.539
8200	0.5	0.8785	-90	0	0	0.65175
8201	0.5	0.872	-90	0	0	0.7073
8202	0.5	0.891	-90	0	0	0.55
8203	0.5	0.9065	-90	0	0	0.5082
8204	0.5	0.891	-90	0	0	0.5797
8205	0.5	0.891	-90	0	0	0.5841
8206	0.5	0.891	-90	0	0	0.51865
8207	0.5	0.891	-90	0	0	0.5489
8208	0.518	0.891	-90	-23.4	0	0.6149
8209	0.4905	0.891	-90	-25.11	0	0.6149
8210	0.5	0.891	-90	0	0	0.5489
8211	0.5	0.891	-90	0	0	0.5489
8212	0.5	0.891	-90	-22.68	0	0.65065
8213	0.5	0.891	-90	-15.12	0	0.66605
8214	0.5	0.9275	-90	0	0	0.62095
8215	0.5	0.9185	-90	0	0	0.65175
8216	0.5	0.937	-90	0	0	0.5797
8217	0.472	0.937	-90	-11.7	0	0.6567
8218	0.593	0.8785	-90	-66.24	0	0.45925
8219	0.6085	0.899	-90	-62.91	0	0.4708
8220	0.528	0.9185	-90	-47.79	0	0.38555
8221	0.4905	0.9095	-90	-48.69	0	0.42075
8222	0.3695	1	-90	-13.41	0	0.56375
8223	0.5	1.073	-90	0	0	0.65065
8224	0.5	0.9095	-90	0	0	0.4477
8225	0.5	0.935	-90	0	0	0.48785
8226	0.5	0.946	-90	0	0	0.7535
8227	0.5	0.946	-90	0	0	0.7535
8228	0.566	0.901	-90	-38.52	0	0.396
8229	0.566	0.901	-90	-38.52	0	0.396
8230	0.519	1.058	-90	-46.8	0	0.3344
8231	0.519	1.076	-90	-46.8	0	0.385
8232	0.612	0.983	-90	-36.81	4.95	0.396
8233	0.5	0.891	-90	0	0	0.65175
8234	0.5	0.891	-90	0	0	0.6314
8235	0.5	0.871	-90	0	0	0.6105
8236	0.5	0.891	-90	0	0	0.5434
8237	0.5	0.909	-90	-59.58	0	0.62095
8238	0.5	0.909	-90	-59.58	0	0.6512
8239	0.612	0.889	-90	-15.12	0	0.8976
8240	0.611	0.889	-90	-15.12	0	0.99935
8241	0.603	0.928	-90	-52.83	0	0.50105
8242	0.677	0.946	-90	-34.47	0	0.50105
8243	0.5	0.797	-90	-38.52	0	0.60445
8244	0.5	0.797	-90	-38.52	0	0.60445
8245	0.5	0.909	-90	0	0	0.54945
8246	0.5	0.909	-90	0	0	0.58025
8247	0.5	0.92	-90	-23.4	0	0.54945
8248	0.5	0.92	-90	-23.4	0	0.59015
8249	0.5	0.92	-90	0	0	0.9185
8250	0.5	0.92	-90	0	0	0.9185
8251	0.463	0.909	-90	0	0	0.80575
8252	0.463	0.909	-90	0	0	0.80575
8253	0.519	0.872	-90	0	0	0.6721
8254	0.519	0.872	-90	0	0	0.6721
8255	0.537	0.92	-90	0	0	0.6457
8256	0.537	0.92	-90	0	0	0.6457
8257	0.555	0.966	-90	-17.73	0	0.5786
8258	0.555	0.966	-90	-28.44	0	0.60005
8259	0.5	0.686	-69.93	0	0	0.71335
8260	0.5	0.76	-69.93	0	0	0.71335
8261	0.5	0.537	-90	0	0	0.616
8262	0.5	0.585	-90	0	0	0.62095
8263	0.537	0.573	-90	-38.52	0	0.65175
8264	0.649	0.909	-90	-38.52	0	0.69245
8265	0.537	0.852	-90	-38.52	0	0.4983
8266	0.548	0.845	-90	-38.52	0	0.5291
8267	0.519	0.797	-90	-33.48	0	0.6721
8268	0.519	0.797	-90	-33.48	0	0.72765
8269	0.5	0.854	-90	0	0	0.53955
8270	0.5	0.854	-90	0	0	0.6149
8271	0.5	0.928	-90	0	0	0.57035
8272	0.5	0.928	-90	0	0	0.57035
8273	0.407	0.871	-90	43.56	0	0.5907
8274	0.407	0.871	-90	43.56	0	0.64185
8275	0.5	0.9	-90	20.16	0	0.4675
8276	0.5	0.9	-90	20.16	0	0.5082
8277	0.5	0.854	-90	-28.53	0	0.68255
8278	0.5	0.854	-90	-28.53	0	0.7128
8279	0.5	0.91	-90	0	0	0.6622
8280	0.5	0.947	-90	0	0	0.7546
8281	0.5	0.901	-90	0	0	0.55
8282	0.5	0.901	-90	0	0	0.6006
8283	0.5	0.891	-90	0	0	0.3344
8284	0.5	0.891	-90	0	0	0.3443
8285	0.611	0.891	-90	-25.11	0	0.58025
8286	0.5	0.891	-90	-25.11	0	0.62095
8287	0.5	0.891	-90	0	0	0.5698
8288	0.5	0.89	-90	0	0	0.5896
8289	0.406	0.928	-90	28.53	0	0.6721
8290	0.406	0.928	-90	28.53	0	0.7128
8291	0.5	0.91	-90	0	0	0.6622
8292	0.5	0.91	-90	0	0	0.6721
8293	0.593	0.91	-90	0	0	0.4158
8294	0.593	0.91	-90	0	0	0.4367
8295	0.5	0.91	-90	0	0	0.62095
8296	0.556	0.891	-90	-6.66	0	0.6314
8297	0.5	0.799	-90	-49.5	0	0.70345
8298	0.5	0.837	-90	-49.5	0	0.70345
8299	0.481	0.984	-90	-8.37	0	0.63085
8300	0.537	0.873	-90	-11.7	0	0.6039
8301	0.5	0.835	-90	-18.54	0	0.69245
8302	0.445	0.873	-90	-26.82	0	0.71885
8303	0.445	0.779	-90	-26.82	0	0.71885
8304	0.5	0.95	-90	0	0	0.61105
8305	0.5	0.95	-90	0	0	0.61105
8306	0.5	0.928	-90	0	0	0.55
8307	0.5	0.891	-90	0	0	0.55
8308	0.481	0.947	-90	-13.41	0	0.8503
8309	0.481	0.947	-90	-13.41	0	0.8503
8310	0.5	0.891	-90	21.78	0	0.4268
8311	0.5	0.891	-90	21.78	0	0.4268
8312	0.444	0.984	-90	-13.41	0	0.6457
8313	0.444	0.984	-90	-13.41	0	0.6457
8314	0.5	0.909	-90	0	0	0.3619
8315	0.5	0.909	-90	0	0	0.3619
8316	0.556	0.815	-90	-30.24	0	0.69245
8317	0.556	0.815	-90	-30.24	0	0.69245
8318	0.556	0.797	-83.25	-28.44	-5.04	0.59015
8319	0.556	0.797	-83.25	-28.44	-5.04	0.59015
8320	0.5	0.929	-90	28.53	0	0.6556
8321	0.5	0.929	-90	28.53	0	0.6556
8322	0.5	0.827	-90	-30.15	0	0.44715
8323	0.5	0.827	-90	-30.15	0	0.44715
8324	0.5	0.835	-90	-25.11	0	0.6413
8325	0.5	0.835	-90	-25.11	0	0.6413
8326	0.5	1.021	-90	0	0	0.68695
8327	0.5	0.964	-90	0	0	0.77825
8328	0.5	0.72	-115	-65	0	0.814
8329	0.5	0.723	-115	-65.43	0	0.8668
8330	0.5	0.993	-90	11.7	0	0.70345
8331	0.5	0.983	-90	0	0	0.7238
8332	0.5	0.947	-90	0	0	0.55
8333	0.5	0.909	-90	0	0	0.55
8334	0.5	0.938	-90	0	0	0.836
8335	0.5	0.994	-90	0	0	0.84645
8336	0.5	1.087	-90	0	0	0.9999
8337	0.5	1.058	-90	0	0	0.91795
8338	0.5	0.872	-90	0	0	0.79475
8339	0.5	0.928	-90	0	0	0.85635
8340	0.5	0.928	-90	0	0	0.88715
8341	0.5	0.928	-90	0	0	0.836
8342	0.5	0.99	-90	0	0	0.55
8343	0.5	0.99	-90	0	0	0.55
8344	0.5	0.965	-90	0	0	0.4268
8345	0.5	1.04	-90	0	0	0.396
8346	0.5	0.891	-90	0	0	0.7337
8347	0.5	0.965	-90	0	0	0.75405
8348	0.5	1.013	-90	0	0	0.50875
8349	0.5	0.984	-90	0	0	0.47795
8350	0.5	0.908	-90	0	0	0.41635
8351	0.5	0.891	-90	0	0	0.4268
8352	0.5	0.909	-90	-23.4	-1.8	0.44605
8353	0.5	0.909	-90	-16.65	0	0.4675
8354	0.5	1.486	-90	0	0	1.3475
8355	0.5	0.947	-90	0	0	0.3146
8356	0.5	1.114	-90	0	0	0.5082
8357	0.5	0.957	-90	0	0	0.55
8358	0.5	0.994	-90	0	0	0.253
8359	0.5	1	-90	0	0	0.55
8360	0.5	1.114	-90	0	0	0.590303
8361	0.5	1.088	-90	0	0	0.619544
8362	0.5	0.835	-90	-5.04	0	0.604549
8363	0.5	0.928	-90	-2.61	0	0.672026
8364	0.5	0.853	-90	0	0	0.591053
8365	0.519	0.853	-90	0	0	0.711763
8366	0.5	0.853	-90	0	0	0.591053
8403	0.5	0.9	90	180	180	1.23145
8404	0.5	1	-80	-45	0	0.22
8405	0.5	1	-80	-45	0	0.264
8406	0.5	0.8	-90	-21	-1	0.198
8407	0.5	0.8	-90	-21	-1	0.22
8408	0.48	0.8	273	-51	359	0.308
8409	0.48	0.8	273	-51	359	0.33
8410	0.43	0.7	255	-43	359	0.286
8411	0.5	0.8	-80	-43	359	0.33
8415	0.5	1	-90	-22	0	0.154
8416	0.5	1	-90	-22	0	0.176
8417	0.5	1	270	-39	-1	0.484
8418	0.5	1	270	-39	-1	0.55
8419	0.5	0.9	269	-36	359	0.088
8420	0.5	0.9	269	-36	359	0.11
8421	0.5	0.9	-90	-32	359	0.528
8422	0.5	0.9	-90	-32	359	0.55
8423	0.5	0.9	-90	-53	359	0.374
8424	0.5	0.9	-90	-53	359	0.418
8425	0.5	0.9	-90	-36	-1	0.484
8426	0.5	0.9	-90	-36	-1	0.528
8427	0.5	0.9	-90	330	1	0.506
8428	0.5	0.9	-90	330	1	0.572
8429	0.5	0.9	-90	-22	-1	0.242
8430	0.5	0.9	-90	-22	-1	0.264
8431	0.5	0.8	-90	359	359	0.44
8432	0.5	0.8	-90	359	359	0.44
8433	0.5	0.9	-90	0	359	0.484
8434	0.5	0.9	-90	0	359	0.55
8435	0.5	0.9	-90	-43	359	0.528
8436	0.5	0.9	-90	-43	359	0.572
8437	0.5	0.9	-90	-21	359	0.572
8438	0.5	0.9	-90	-21	359	0.638
8444	0.45	0.9	-90	-36	1	0.33
8445	0.5	0.9	-90	-36	1	0.374
8446	0.5	0.8	-90	-61	3	0.176
8447	0.5	0.9	-90	-61	3	0.176
8448	0.5	0.9	-90	-31	359	0.154
8449	0.5	0.9	-90	-31	359	0.176
8450	0.5	0.9	-90	-12	359	0.44
8451	0.5	0.9	-90	-12	359	0.462
8452	0.5	0.9	-90	-12	1	0.44
8453	0.5	0.9	-90	-12	1	0.484
8454	0.5	0.9	-90	-24	1	0.462
8455	0.5	0.9	-90	-24	1	0.506
8456	0.5	0.9	-90	-22	359	0.528
8457	0.5	0.9	-90	-22	359	0.55
8458	0.5	0.9	-90	-12	359	0.462
8459	0.5	0.9	-90	-12	359	0.506
8462	0.5	0.9	-90	-31	-1	0.352
8463	0.5	0.9	-90	-31	-1	0.396
8464	0.55	0.65	-90	-48	-1	0.176
8465	0.5	0.65	-90	-48	-1	0.22
8466	0.5	0.9	-90	-49	1	0.286
8467	0.5	0.9	-90	-49	1	0.33
8470	0.5	0.9	-90	-22	359	0.154
8471	0.5	0.9	-90	-22	359	0.154
8472	0.5	0.9	-90	-34	359	0.286
8473	0.5	0.9	-90	-34	359	0.33
8474	0.5	0.9	-90	-39	359	0.484
8475	0.5	0.9	-90	-39	359	0.506
8476	0.5	0.9	-90	-20	359	0.55
8477	0.5	0.9	-90	-20	359	0.594
8478	0.5	0.9	-90	-25	359	0.55
8479	0.5	0.9	-90	-25	359	0.594
8480	0.5	0.9	-90	-27	359	0.33
8481	0.5	0.9	-90	-27	359	0.396
8482	0.5	0.9	-90	-5	359	0.506
8483	0.5	0.9	-90	-5	359	0.55
8484	0.5	0.9	-90	-9	359	0.506
8485	0.5	0.9	-90	-9	359	0.55
8486	0.5	0.9	-90	-17	359	0.506
8487	0.5	0.9	-90	-17	359	0.55
8488	0.5	0.9	-90	-26	359	0.506
8489	0.5	0.9	-90	-26	359	0.55
8490	0.5	0.9	-90	-32	359	0.176
8491	0.5	0.9	-90	-36	359	0.198
8492	0.5	0.9	-90	32	359	0.176
8493	0.5	0.9	-90	32	359	0.198
8494	0.5	0.9	-90	-34	359	0.286
8495	0.5	0.9	-90	-34	359	0.352
8496	0.5	0.9	-90	-44	359	0.264
8497	0.5	0.9	-90	-44	359	0.286
8498	0.5	0.9	-90	-41	359	0.154
8499	0.5	0.9	-90	-41	359	0.176
8500	0.5	0.9	-90	-22	359	0.44
8501	0.5	0.9	-90	-22	359	0.484
8502	0.5	0.9	-90	-22	359	0.44
8503	0.5	0.9	-90	-22	359	0.484
8504	0.5	0.9	-90	-22	359	0.44
8505	0.5	0.9	-90	-22	359	0.484
8506	0.5	1.2	-90	-48	359	0.462
8507	0.5	1.2	-90	-48	359	0.55
8508	0.45	1.07	-90	-22	359	0.286
8509	0.45	1.07	-90	-22	359	0.33
8510	0.5	0.9	-90	-27	359	0.242
8511	0.5	0.9	-90	-27	359	0.264
8512	0.5	1.2	-90	-26	359	0.308
8513	0.5	1.2	-90	-26	359	0.352
8514	0.5	1.3	-90	-29	359	0.396
8515	0.5	1.3	-90	-29	359	0.418
8516	0.5	1.2	-90	-39	359	0.352
8517	0.5	1.2	-90	-39	359	0.396
8518	0.5	1.1	-90	312	1	0.198
8519	0.5	1.1	-90	312	1	0.242
8520	0.5	1.1	-90	312	1	0.198
8521	0.5	1.1	-90	312	1	0.242
8522	0.5	1.1	-90	312	1	0.198
8523	0.5	1.1	-90	312	1	0.242
8524	0.5	0.9	-90	-17	359	0.418
8525	0.5	0.9	-90	-17	359	0.506
8526	0.5	0.9	-90	-2	359	0.418
8527	0.5	0.9	-90	-2	359	0.506
8528	0.5	1.38	-90	-58	359	0.484
8529	0.5	1.38	-90	-58	359	0.55
8530	0.5	0.9	-90	-29	359	0.154
8531	0.5	0.9	-90	-29	359	0.176
8532	0.5	0.8	-90	-36	359	0.594
8533	0.5	0.8	-90	-36	359	0.638
8534	0.5	0.9	-90	-26	359	0.506
8535	0.5	0.9	-90	-26	359	0.594
8536	0.5	0.9	-90	-41	359	0.33
8537	0.5	0.9	-90	-41	359	0.374
8538	0.5	0.9	-90	-49	359	0.286
8539	0.5	0.9	-90	-49	359	0.374
8540	0.5	0.9	-90	-22	359	0.242
8541	0.5	0.9	-90	-22	359	0.286
8601	0.5	0.9	-90	-43	359	0.506
8602	0.5	0.9	-90	-43	359	0.704
8603	0.5	0.9	-90	-34	359	0.286
8604	0.5	0.9	-90	-34	359	0.374
8605	0.5	0.9	-90	-41	359	0.286
8606	0.5	0.9	-90	-41	359	0.374
8607	0.5	0.9	-90	-19	359	0.396
8608	0.5	0.9	-90	-19	359	0.506
8609	0.5	0.9	-90	-27	359	0.418
8610	0.5	0.9	-90	-27	359	0.506
8611	0.5	0.9	-90	-43	359	0.132
8612	0.5	1.05	-90	-43	359	0.176
8613	0.5	0.9	-90	-19	359	0.528
8614	0.5	0.9	-90	-19	359	0.594
8615	0.5	0.9	-90	-22	359	0.506
8616	0.5	0.9	-90	-22	359	0.594
8617	0.5	0.9	-90	-22	359	0.616
8618	0.5	0.9	-90	-22	359	0.66
8619	0.5	0.9	-90	-44	359	0.33
8620	0.5	0.9	-90	-44	359	0.374
8621	0.5	0.9	-90	-43	359	0.352
8622	0.5	0.9	-90	-43	359	0.44
8623	0.5	0.9	-90	-31	359	0.352
8624	0.5	0.9	-90	-31	359	0.44
8625	0.5	0.92	-90	-68	-9	0.462
8626	0.5	0.92	-90	-65	-9	0.506
8627	0.5	0.91	-90	1	-2	0.484
8628	0.5	0.9	-90	1	1	0.528
8629	0.5	0.96	-90	25	-1	0.506
8630	0.5	0.93	-90	25	-1	0.528
8631	0.5	0.91	83	207	180	0.264
8632	0.5	0.91	83	207	180	0.264
8633	0.6	0.85	279	-39	351	0.352
8634	0.6	0.85	279	-39	351	0.396
8635	0.5	0.83	279	-39	351	0.352
8636	0.5	0.83	279	-39	351	0.396
8637	0.52	0.83	-90	13	-2	0.374
8638	0.52	0.83	-90	13	-2	0.374
8639	0.53	0.83	-90	-24	-2	0.396
8640	0.53	0.83	-90	-24	-2	0.374
8641	0.52	0.83	-90	-21	0	0.396
8642	0.52	0.83	-90	-21	0	0.418
8643	0.48	0.92	-90	7	1	0.55
8644	0.5	0.94	-90	7	1	0.594
8645	0.5	0.94	-90	0	0	0.484
8646	0.53	0.96	-90	-22	0	0.506
8647	0.5	0.9	-90	-22	0	0.748
8648	0.54	0.91	-90	-22	0	0.77
8649	0.5	0.94	-90	0	0	0.528
8650	0.5	0.94	-90	0	0	0.572
8651	0.5	0.94	-90	0	0	0.528
8652	0.5	0.94	-90	0	0	0.528
8653	0.5	0.94	-90	0	0	0.55
8654	0.5	0.94	-90	0	0	0.55
8655	0.53	0.96	-90	-22	0	0.506
8656	0.54	0.91	-90	-22	0	0.77
8657	0.63	0.9	-90	-5	0	0.44
8669	0.5	0.9	-90	-29	359	0.154
8672	0.5	0.9	-90	0	0	0.594
8673	0.5	0.91	-90	0	0	0.594
8674	0.5	0.91	-90	0	0	0.374
8675	0.5	0.92	-90	-9	0	0.374
8676	0.5	0.92	-90	0	0	0.55
8677	0.5	0.91	-90	0	0	0.572
8678	0.63	0.9	-90	-22	0	0.396
8679	0.63	0.91	-90	-32	0	0.418
8680	0.5	0.91	-90	0	0	0.594
8681	0.5	0.91	-90	0	0	0.638
8682	0.5	0.91	-90	-32	0	0.374
8683	0.38	0.9	-90	-46	0	0.374
8684	0.5	0.9	-85	0	0	0.55
8685	0.5	0.9	-87	-10	0	0.55
8686	0.5	0.9	-71	-27	0	0.44
8687	0.5	0.9	-71	-24	0	0.484
8688	0.5	0.9	-90	0	0	0.66
8689	0.5	0.9	-90	0	0	0.704
8690	0.5	0.9	-90	0	0	0.638
8691	0.5	0.9	-90	0	0	0.704
8692	0.5	0.9	-90	0	0	0.418
8693	0.5	0.9	-90	0	0	0.418
8694	0.5	0.9	-90	0	0	0.506
8695	0.5	0.9	-90	0	0	0.484
8696	0.612	0.889	-90	-15.12	0	0.8976
8697	0.611	0.889	-90	-15.12	0	0.99935
8698	0.5	0.9	-90	-26	359	0.506
8699	0.5	0.9	-90	-26	359	0.55
8700	0.5	0.686	-69.93	0	0	0.71335
8701	0.5	0.76	-69.93	0	0	0.71335
8702	0.5	0.9	90	180	180	1.23145
9728	0.5	0.893	-90	0	0	0.3179
9729	0.5	0.909	-90	0	0	0.47795
9730	0.5	0.909	-90	0	0	0.47795
9731	0.5	0.5	-90	0	0	0.4675
9732	0.5	0.54	270	0	0	0.22
9733	0.5	0.54	270	0	0	0.22
9734	0.5	0.54	270	0	0	0.22
9735	0.5	0.54	270	0	0	0.22
9736	0.5	0.54	270	0	0	0.22
9737	0.5	0.54	270	0	0	0.22
9738	0.5	0.54	270	0	0	0.22
9739	0.5	0.54	270	0	0	0.22
9740	0.5	0.54	270	0	0	0.22
9741	0.5	0.54	270	0	0	0.22
9742	0.5	0.909	-90	0	0	0.47795
9743	0.5	0.95	270	-10	0	0.77
9744	0.5	0.95	270	-10	0	0.77
9745	0.54	0.465	0	0	0	0.462
10240	0.5	0.5	-90	0	0	0.55
10241	0.5	0.5	-90	0	0	0.55
10242	0.5	0.5	-90	0	0	0.55
10243	0.5	0.5	-90	0	0	0.55
10244	0.5	0.5	-90	0	0	0.55
10245	0.5	0.5	-90	0	0	0.55
10246	0.5	0.5	-90	0	0	0.55
10247	0.5	0.5	-90	0	0	0.55
10248	0.5	0.5	-90	0	0	0.55
10249	0.5	0.5	-90	0	0	0.55
10250	0.5	0.5	-90	0	0	0.55
10251	0.5	0.5	-90	0	0	0.55
10252	0.5	0.5	-90	0	0	0.55
10253	0.5	0.5	-90	0	0	0.55
10254	0.5	0.5	-90	0	0	0.55
10255	0.5	0.5	-90	0	0	0.55
10256	0.5	0.5	-90	0	0	0.55
10257	0.5	0.5	-90	0	0	0.55
10258	0.5	0.5	-90	0	0	0.55
10259	0.5	0.5	-90	0	0	0.55
10260	0.5	0.5	-90	0	0	0.55
10261	0.5	0.5	-90	0	0	0.55
10262	0.5	0.5	-90	0	0	0.55
10263	0.5	0.5	-90	0	0	0.55
10264	0.5	0.5	-90	0	0	0.55
10265	0.5	0.5	-90	0	0	0.55
10266	0.5	0.5	-90	0	0	0.55
10267	0.5	0.5	-90	0	0	0.55
10268	0.5	0.5	-90	0	0	0.55
10269	0.5	0.5	-90	0	0	0.55
10270	0.5	0.5	-90	0	0	0.55
10271	0.5	0.5	-90	0	0	0.55
10272	0.5	0.5	-90	0	0	0.55
10273	0.5	0.5	-90	0	0	0.55
10274	0.5	0.5	-90	0	0	0.55
10275	0.5	0.5	-90	0	0	0.55
10276	0.5	0.5	-90	0	0	0.55
10277	0.5	0.5	-90	0	0	0.55
10278	0.5	0.5	-90	0	0	0.55
10279	0.5	0.556	-90	0	0	0.6314
10280	0.5	0.556	-90	0	0	0.6314
10281	0.5	0.556	-90	0	0	0.6314
10282	0.5	0.556	-90	0	0	0.6314
10290	0.5	0.46	270	0	0	0.616
10291	0.5	0.46	270	0	0	0.616
10292	0.5	0.46	270	0	0	0.616
10293	0.5	0.46	270	0	0	0.616
10294	0.5	0.46	270	0	0	0.616
10295	0.5	0.46	270	0	0	0.616
10296	0.5	0.46	270	0	0	0.616
10298	0.5	0.6	-90	-2	359	0.55
10299	0.5	0.6	-90	0	359	0.836
10300	0.5	0.6	-90	-2	358	0.484
10301	0.5	0.6	-90	-26	359	0.528
10302	0.5	0.6	-90	-2	359	0.55
10303	0.5	0.55	-90	0	359	1.32
10304	0.5	0.6	-90	-2	359	0.506
10305	0.5	0.6	-90	-26	359	0.528
10308	0.426	1.04	-90	-20.07	0	0.55935
10309	0.463	0.463	-90	-25.11	0	0.66275
10310	0.463	0.463	-90	-25.11	0	0.66275
10311	0.461	0.481	-90	-20.07	0	0.4675
10312	0.5	0.724	-90	-23.49	0	0.8052
10313	0.5	0.724	-90	-23.49	0	0.8052
10314	0.5	0.724	-90	-23.49	0	0.8052
10315	0.5	0.724	-90	-23.49	0	0.8052
10316	0.5	0.724	-90	-23.49	0	0.8052
10317	0.54	0.5	-34	-28	0	0.748
10318	0.555	1	-90	-22.14	0	0.707264
10319	0.555	0.519	-90	0	0	1.01016
10320	0.555	0.519	-90	0	0	1.01016
10323	0.54	0.5	-34	-28	0	0.748
10324	0.5	0.5	-90	0	0	0.1001
10325	0.5	0.845	-90	-26.1	0	0.55
10326	0.481	0.855	-90	0	0	1.10165
10327	0.51	0.798	-90	-180	0	0.55
10334	0.5	0.5	-90	0	0	0.21175
10335	0.5	0.5	-90	0	0	0.616
10336	0.5	0.5	-90	0	0	0.616
10337	0.5	0.5	-90	0	0	0.616
10338	0.5	0.5	-90	0	0	0.616
10339	0.5	0.5	-90	0	0	0.616
10340	0.5	0.5	-90	0	0	0.616
10341	0.5	0.5	-90	0	0	0.616
10342	0.5	0.5	-90	0	0	0.616
10343	0.54	1.03	-90	340	-1	0.66
10346	0.51	1.05	-90	359	-1	0.528
10347	0.51	1.05	-90	359	-1	0.528
10348	0.5	0.57	0	0	30	1.078
10349	0.5	0.5	0	0	0	0.462846
10350	0.555	1	-90	-22.14	0	0.707264
10352	0.54	0.5	-34	-28	0	0.748
10353	0.5	0.77	-82.98	-21.06	0	0.532573
10354	0.5	0.5	-90	10	30	0.33
10355	0.5	0.5	-90	10	30	0.33
10356	0.5	0.5	-90	10	30	0.33
10357	0.5	0.5	-90	10	30	0.33
10358	0.5	0.5	-90	10	30	0.33
10359	0.5	0.5	-90	0	0	0.758997
10360	0.5	0.965	-90	-25.11	0	0.786738
10361	0.5	0.947	-90	-16.74	0	0.532573
10362	0.5	0.5	90	180	0	1.63321
10363	0.5	0.5	-90	0	0	1.6377
10364	0.5	0.5	-90	0	0	1.6377
10365	0.529	0.845	-90	-14.31	0	1.03491
10366	0.5	0.976	-90	0	0	0.284405
10367	0.537	0.958	-90	26.73	0	1.19085
10368	0.5	0.976	-90	0	0	0.339887
10369	0.5	0.976	-90	0	0	0.574559
10370	0.5	0.976	-90	0	0	0.86921
10371	0.5	0.547	-78.3	1.71	0	0.381123
10372	0.5	0.492	-90	26.82	0	0.312146
10373	0.668	0.585	-90	-58.68	0	0.186188
10374	0.48	1.05	90	180	180	0.55
10375	0.48	0.8605	90	-156.6	180	0.9691
10376	0.519	0.947	-90	0	0	0.6622
10377	0.5	0.5	8.8	0	0	1.21
10378	0.5	0.5	-90	0	0	1.8491
10379	0.5	0.5	-90	11.7	0	0.65615
10382	0.53	0.535	-90	-93.78	1	0.519077
10383	0.574	0.995	-90	0	0	0.685522
10384	0.611	0.852	-90	0	0	0.530324
10385	0.53	0.535	-90	-93.78	1	0.519077
10386	0.574	0.995	-90	0	0	0.685522
10387	0.611	0.852	-90	0	0	0.530324
10388	0.5	1.1	270	0	0	0.616
10389	0.5	1.1	270	0	0	0.616
10390	0.5	1.1	270	0	0	0.616
10391	0.5	1.1	270	0	0	0.616
10392	0.5	1.1	270	0	0	0.616
10393	0.5	1.1	270	0	0	0.616
10394	0.5	1.1	270	0	0	0.616
10395	0.5	1.1	270	0	0	0.616
10396	0.5	1.1	270	0	0	0.616
10397	0.5	1.1	270	0	0	0.616
10398	0.5	0.5	-90	0	-23.58	0.797234
10399	0.5	0.741	-90	-16.74	0	0.434355
10401	0.5	0.5	-90	0	0	0.591053
10402	0.5	0.817	-90	0	0	0.55
10403	0.5	1.04	-90	0	0	0.55
10404	0.538	0.574	0	0	0	0.588804
10471	0.5	0.845	-90	-31.86	0	0.55
10472	0.5	0.649	-90	0	0	0.48009
10473	0.5	0.649	-90	0	0	0.829474
10475	0.5	0.51999	-90	0	0	0.522076
10476	0.5	0.51999	-90	0	0	0.522076
10477	0.5	0.51999	-90	0	0	0.522076
10478	0.538	0.574	0	0	0	0.588804
10479	0.52	0.93	-90	0	0	0.7
10480	0.5	0.6	-90	-2	359	0.55
10481	0.5	0.55	-90	0	359	1.32
10482	0.5	0.6	-90	-2	359	0.506
10483	0.5	0.6	-90	-26	359	0.528
10485	0.575	0.965	-90	-7.56	0	0.953932
10487	0.5	0.631	-90	121.32	0	0.26941
10488	0.537	0.51	-90	0	0	0.435855
10489	0.537	0.51	-90	0	0	0.435855
10490	0.537	0.51	-90	0	0	0.435855
10491	0.35	0.407	-90	180	40.14	0.428358
10492	0.5	0.593	-90	0	0	0.369127
10493	0.5	0.5	-90	6.75	0	0.950933
10494	0.575	0.965	-90	-7.56	0	0.953932
10496	0.537	0.51	-90	0	0	0.435855
10497	0.54	0.5	-34	-28	0	0.748
10499	0.5	0.5	-90	3	0	0.127708
10500	0.5	0.5	-90	3	0	0.127708
10501	0.5	0.5	-90	3	0	0.127708
10502	0.5	0.5	-90	29.16	0	0.647285
10503	0.5	0.5	-90	0	0	0.953932
10504	0.5	0.909	-90	0	0	1.41128
10505	0.5	0.909	-90	0	0	1.41128
10506	0.5	0.909	-90	0	0	1.41128
10507	0.5	1.106	-90	0	0	1.38654
10508	0.5	1.106	-90	0	0	1.38654
10509	0.5	1.106	-90	0	0	1.38654
10510	0.5	1.106	-90	0	0	1.38654
10511	0.5	1.106	-90	0	0	1.38654
10512	0.5	1.106	-90	0	0	1.38654
10513	0.5	0.817	-90	0	0	0.55
10514	0.5	0.817	-90	0	0	0.55
10515	0.5	0.817	-90	0	0	0.55
10516	0.5	0.511	-90	-180	0	1.03416
10517	0.5	1.04	-90	0	0	0.66153
10518	0.5	1.04	-90	0	0	0.66153
10519	0.5	0.5	-90	29.16	0	0.647285
10520	0.5	0.5	-90	29.16	0	0.647285
10521	0.5	0.5	-90	29.16	0	0.647285
10522	0.5	0.5	-90	29.16	0	0.647285
10523	0.5	0.5	-90	29.16	0	0.647285
10524	0.5	0.817	-90	-11.7	0	0.591803
10525	0.54	0.5	-34	-28	0	0.748
10527	0.5	0.37	-91.71	5.04	0	0.710263
10528	0.5	0.837	271	-14	1	1.08289
10529	0.5	0.837	271	-14	1	1.08289
10530	0.5	0.834	-90	0	0	1.03865
10531	0.5	0.834	-90	0	0	1.03865
10532	0.5	0.834	-90	0	0	1.03865
10535	0.5	0.89	-90	0	0	0.783739
10536	0.5	0.946	-90	0	0	0.55
10537	0.5	0.779	-90	0	0	0.577558
10538	0.555	1.114	-90	0	0	0.522076
10539	0.5	0.5	-90	0	0	0.953932
10541	0.5	0.377	-90	0	359	0.836
10542	0.5	0.6	-90	-2	359	0.55
10543	0.5	0.6	-90	-2	359	0.506
10544	0.5	0.6	-90	-26	359	0.528
10546	0.5	0.925	-90	-48.69	0	1.16011
10547	0.5	1.131	-90	0	0	0.937438
10548	0.5	1.094	-90	-20.16	0	0.699767
10549	0.5	1.094	-90	-20.16	0	0.699767
10550	0.52	0.481	-90	0	0	0.971926
10587	0.5	0.946	-90	-180	0	0.814479
10588	0.5	0.946	-90	-180	0	0.814479
10594	0.5	0.946	-90	43.56	0	0.578308
10595	0.5	0.946	-90	43.56	0	0.578308
10596	0.5	0.946	-90	43.56	0	0.578308
10597	0.5	0.946	-90	43.56	0	0.578308
10598	0.5	0.946	-90	43.56	0	0.578308
10599	0.5	1.003	-90	-3.42	0	0.55
10600	0.5	1.003	-90	-3.42	0	0.55
10601	0.5	1.003	-90	-3.42	0	0.55
10602	0.5	1.003	-90	-3.42	0	0.55
10603	0.555	0.519	-90	0	0	1.01016
10604	0.555	0.519	-90	0	0	1.01016
10605	0.555	0.519	-90	0	0	1.01016
10606	0.555	0.519	-90	0	0	1.01016
10607	0.555	0.519	-90	0	0	1.01016
10608	0.555	0.519	-90	0	0	1.01016
10609	0.555	0.519	-90	0	0	1.01016
10610	0.555	0.519	-90	0	0	1.01016
10611	0.555	0.519	-90	0	0	1.01016
10612	0.555	0.519	-90	0	0	1.01016
10613	0.555	0.519	-90	0	0	1.01016
10614	0.555	0.519	-90	0	0	1.01016
10615	0.555	0.519	-90	0	0	1.01016
10616	0.555	0.519	-90	0	0	1.01016
10617	0.555	0.519	-90	0	0	1.01016
10618	0.555	0.519	-90	0	0	1.01016
10621	0.5	0.853	-90	0	0	0.563312
10622	0.5	0.853	-90	0	0	0.563312
10623	0.5	0.5	-90	0	0	0.786738
10624	0.5	0.5	-90	0	0	0.786738
10625	0.5	0.5	-90	0	0	0.786738
10626	0.5	0.5	-90	0	0	0.786738
10627	0.5	0.5	-90	0	0	0.786738
10628	0.5	0.5	-90	0	0	0.8096
10629	0.5	0.5	-90	0	0	0.8096
10630	0.5	0.5	-90	0	0	0.8096
10631	0.5	0.5	-90	0	0	0.8096
10632	0.5	0.95	270	-10	0	0.77
10633	0.5	0.853	-90	0	0	0.563312
10634	0.5	0.853	-90	0	0	0.563312
10635	0.5	0.95	270	-10	0	0.699017
10636	0.5	0.95	270	-10	0	0.699017
10637	0.5	0.95	270	-10	0	0.699017
10638	0.5	0.95	270	-10	0	0.699017
10639	0.5	0.8	90	190	180	0.99
10640	0.5	0.8	90	190	180	0.99
10641	0.5	0.8	90	190	180	0.99
10642	0.5	0.8	90	190	180	0.99
10643	0.5	0.8	90	190	180	0.99
10644	0.5	0.8	90	190	180	0.99
10645	0.481	0.855	-90	0	0	1.10165
10646	0.481	0.855	-90	0	0	1.10165
10647	0.481	0.855	-90	0	0	1.10165
10648	0.481	0.855	-90	0	0	1.10165
10649	0.5	0.5	-90	0	0	0.866961
10650	0.54	0.5	-34	-28	0	0.748
10651	0.555	0.519	-90	0	0	1.01016
10652	0.555	0.519	-90	0	0	1.01016
10653	0.555	0.519	-90	0	0	1.01016
10654	0.555	0.519	-90	0	0	1.01016
10752	0.5	0.386	-90	0	0	0.591053
10753	0.5	0.386	-90	0	0	0.591053
10754	0.5	0.386	-90	0	0	0.591053
10755	0.5	0.386	-90	0	0	0.591053
10756	0.5	0.386	-90	0	0	0.591053
10758	0.537	0.5	-90	-8.37	0	0.824975
10759	0.537	0.5	-90	-8.37	0	0.824975
4092	0.6	1.0	-90	0	0	1.5
//Sets Skins
3710    0.5 0.85    270 -10	0	0.85
3714    0.5 0.85    270 -10	0	0.85
3715    0.5 0.85    270 -10	0	0.85
3716    0.5 0.85    270 -10	0	0.85
3717    0.5 0.85    270 -10	0	0.85
3718    0.5 0.85    270 -10	0	0.85
3719    0.5 0.85    270 -10	0	0.85
3668    0.5 0.85    270 -10	0	0.85
3721    0.5 0.85    270 -10	0	0.85
3772    0.5 0.85    270 -10	0	0.85
3804    0.5 0.85    270 -10	0	0.85
3835    0.5 0.85    270 -10	0	0.85
4093    0.5 0.85    270 -10	0	0.85
4094    0.5 0.85    270 -10	0	0.85

4222	0.5	0.95	90	180	180	0.76
4226	0.5	0.95	90	180	180	0.76
4227	0.5	0.95	90	180	180	0.76
4228	0.5	0.95	90	180	180	0.76
4229	0.5	0.95	90	180	180	0.76
4230	0.5	0.95	90	180	180	0.76
4231	0.5	0.95	90	180	180	0.76
4180	0.5	0.95	90	180	180	0.76
4233	0.5	0.95	90	180	180	0.76
4284	0.5	0.95	90	180	180	0.76
4316	0.5	0.95	90	180	180	0.76
4347	0.5	0.95	90	180	180	0.76
4605	0.5	0.95	90	180	180	0.76
4606	0.5	0.95	90	180	180	0.76

4734	0.5	0.95	90	180	180	0.74
4738	0.5	0.95	90	180	180	0.74
4739	0.5	0.95	90	180	180	0.74
4740	0.5	0.95	90	180	180	0.74
4741	0.5	0.95	90	180	180	0.74
4742	0.5	0.95	90	180	180	0.74
4743	0.5	0.95	90	180	180	0.74
4692	0.5	0.95	90	180	180	0.74
4745	0.5	0.95	90	180	180	0.74
4796	0.5	0.95	90	180	180	0.74
4828	0.5	0.95	90	180	180	0.74
4859	0.5	0.95	90	180	180	0.74
5117	0.5	0.95	90	180	180	0.74
5118	0.5	0.95	90	180	180	0.74

5246	0.5	0.95	90	180	180	0.87
5250	0.5	0.95	90	180	180	0.87
5251	0.5	0.95	90	180	180	0.87
5252	0.5	0.95	90	180	180	0.87
5253	0.5	0.95	90	180	180	0.87
5254	0.5	0.95	90	180	180	0.87
5255	0.5	0.95	90	180	180	0.87
5204	0.5	0.95	90	180	180	0.87
5257	0.5	0.95	90	180	180	0.87
5308	0.5	0.95	90	180	180	0.87
5340	0.5	0.95	90	180	180	0.87
5371	0.5	0.95	90	180	180	0.87
5629	0.5	0.95	90	180	180	0.87
5630	0.5	0.95	90	180	180	0.87

5758	0.5	1.00	90	180	180	0.72
5762	0.5	1.00	90	180	180	0.72
5763	0.5	1.00	90	180	180	0.72
5764	0.5	1.00	90	180	180	0.72
5765	0.5	1.00	90	180	180	0.72
5766	0.5	1.00	90	180	180	0.72
5767	0.5	1.00	90	180	180	0.72
5716	0.5	1.00	90	180	180	0.72
5769	0.5	1.00	90	180	180	0.72
5820	0.5	1.00	90	180	180	0.72
5852	0.5	1.00	90	180	180	0.72
5883	0.5	1.00	90	180	180	0.72
6141	0.5	1.00	90	180	180	0.72
6142	0.5	1.00	90	180	180	0.72

2718	0.668	0.695	-180	-85.32	13.41	0.797984
2719	0.5	0.928	-90	180	0	1.17661