1	"After reaching Lv.5, return to Shadow Phantom"	0	0																										
0	1	2	1	1	5	5	1700	0	-1	-1	-1	-1	0	0	0	0	0	0	0	0	0	0	0	0	0	0	0	0	0
1	5	-1	-1	-1	-1	-1	17	0	167	129	50	50	0	-1	-1	-1	-1	-1	-1	-1	-1	-1	-1	-1	-1				
2	"Welcome to the world of MU"	0	0																										
0	1	2	1	2	257	5	1700	0	-1	-1	-1	-1	0	1	1	1	1	1	1	1	1	1	1	1	1	1	1	1	1
1	6	-1	-1	-1	-1	-1	17	0	167	129	50	50	0	-1	-1	-1	-1	-1	-1	-1	-1	-1	-1	-1	-1				
3	"Tutorial: Press C"	0	0																										
0	1	2	1	2	257	5	1700	0	-1	-1	-1	-1	0	1	1	1	1	1	1	1	1	1	1	1	1	1	1	1	1
1	6	-1	-1	-1	-1	-1	17	0	167	129	50	500	0	-1	-1	-1	-1	-1	-1	-1	-1	-1	-1	-1	-1				
4	"Tutorial: Press I"	0	0																										
0	1	2	1	2	257	5	1700	0	-1	-1	-1	-1	0	1	1	1	1	1	1	1	1	1	1	1	1	1	1	1	1
1	6	-1	-1	-1	-1	-1	17	0	167	129	50	500	0	-1	-1	-1	-1	-1	-1	-1	-1	-1	-1	-1	-1				
5	"Bring an apple"	0	0																										
0	1	2	1	2	257	5	1700	0	-1	-1	-1	-1	0	1	1	1	1	1	1	1	1	1	1	1	1	1	1	1	1
1	1	14	0	5	-1	0	17	0	167	129	100	1000	0	-1	-1	-1	-1	-1	-1	-1	-1	-1	-1	-1	-1				
6	"Hunt Ring Scorpions in Noria"	0	0																										
0	1	2	1	2	257	5	1700	0	-1	-1	-1	-1	0	0	0	1	0	0	0	0	0	1	0	0	0	0	0	0	0
1	2	27	-1	3	-1	-1	27	3	136	79	250	1000	0	-1	-1	-1	-1	-1	-1	-1	-1	-1	-1	-1	-1				
7	"Hunt Budge Dragons in Lorencia"	0	0																										
0	1	2	1	2	257	5	1700	0	-1	-1	-1	-1	0	1	1	0	1	1	0	1	1	0	1	0	1	1	1	0	0
1	2	2	-1	3	-1	-1	17	0	204	134	250	1000	0	-1	-1	-1	-1	-1	-1	-1	-1	-1	-1	-1	-1				
8	"Hunt Strange Rabbits in Elbeland"	0	0																										
0	1	2	1	2	257	5	1700	0	-1	-1	-1	-1	0	0	0	0	0	0	1	0	0	0	0	1	0	0	0	1	1
1	2	418	-1	3	-1	-1	267	51	126	192	250	1000	0	-1	-1	-1	-1	-1	-1	-1	-1	-1	-1	-1	-1				
9	"Hunt Beetles in Noria"	0	0																										
0	1	2	1	2	257	5	1700	0	-1	-1	-1	-1	0	0	0	1	0	0	0	0	0	1	0	0	0	0	0	0	0
1	2	28	-1	30	-1	-1	27	3	102	83	5000	3000	0	-1	-1	-1	-1	-1	-1	-1	-1	-1	-1	-1	-1				
10	"Hunt Hounds in Lorencia"	0	0																										
0	1	2	1	2	257	5	1700	0	-1	-1	-1	-1	0	1	1	0	1	1	0	1	1	0	1	0	1	1	1	0	0
1	2	1	-1	30	-1	-1	17	0	63	195	5000	3000	0	-1	-1	-1	-1	-1	-1	-1	-1	-1	-1	-1	-1				
11	"Hunt Contaminated Butterflies in Elbeland"	0	0																										
0	1	2	1	2	257	5	1700	0	-1	-1	-1	-1	0	0	0	0	0	0	1	0	0	0	0	1	0	0	0	1	1
1	2	421	-1	30	-1	-1	267	51	132	212	5000	3000	0	-1	-1	-1	-1	-1	-1	-1	-1	-1	-1	-1	-1				
12	"Tutorial: Learn Skill [Elf]"	0	0																										
0	1	2	1	2	257	5	1700	0	-1	-1	-1	-1	0	0	0	1	0	0	0	0	0	0	0	0	0	0	0	0	0
1	6	-1	-1	-1	-1	-1	17	0	167	129	300	0	0	4	8	3	12	11	1	-1	-1	-1	-1	-1	-1				
13	"Tutorial: Learn Skill [Dark Knight]"	0	0																										
0	1	2	1	2	257	5	1700	0	-1	-1	-1	-1	0	0	1	0	0	0	0	0	0	0	0	0	0	0	0	0	0
1	6	-1	-1	-1	-1	-1	17	0	167	129	300	0	0	1	2	3	-1	-1	-1	-1	-1	-1	-1	-1	-1				
14	"Tutorial: Learn Skill [Dark Wizard]"	0	0																										
0	1	2	1	2	257	5	1700	0	-1	-1	-1	-1	0	1	0	0	0	0	0	0	0	0	0	0	0	0	0	0	0
1	6	-1	-1	-1	-1	-1	17	0	167	129	300	0	0	15	3	1	-1	-1	-1	-1	-1	-1	-1	-1	-1				
15	"Tutorial: Learn Skill [Summoner]"	0	0																										
0	1	2	1	2	257	5	1700	0	-1	-1	-1	-1	0	0	0	0	0	0	1	0	0	0	0	0	0	0	0	0	0
1	6	-1	-1	-1	-1	-1	17	0	167	129	300	0	0	15	3	1	-1	-1	-1	-1	-1	-1	-1	-1	-1				
16	"After reaching Lv.25, return to Shadow Phantom"	0	0																										
0	1	2	1	2	257	5	1700	0	-1	-1	-1	-1	0	1	1	1	1	1	1	1	1	1	1	1	1	1	1	1	1
1	3	25	-1	-1	-1	-1	17	0	167	129	50	50	0	13	2	1	-1	-1	-1	-1	-1	-1	-1	-1	-1				
17	"Tutorial: Learn Skills (Overview)"	0	0																										
0	1	2	1	2	257	25	1700	0	-1	-1	-1	-1	0	1	1	1	1	1	1	1	1	1	1	1	1	1	1	1	1
1	6	-1	-1	-1	-1	-1	17	0	167	129	3000	40000	0	13	0	1	13	20	1	13	20	2	-1	-1	-1				
18	"Lorencia ? Shadow Phantom¡¯s Request"	0	0																										
0	2	2	1	1	50	50	1700	0	-1	-1	-1	-1	0	1	1	1	1	1	1	1	1	1	1	1	1	1	1	1	1
1	5	-1	-1	-1	-1	-1	17	0	167	129	85	100	0	-1	-1	-1	-1	-1	-1	-1	-1	-1	-1	-1	-1				
19	"Listen to the Chaos Castle quest (Lv.50?399)"	0	0																										
0	2	2	1	2	257	50	399	0	-1	-1	-1	-1	0	1	1	1	1	1	1	1	1	1	1	1	1	1	1	1	1
1	6	-1	-1	-1	-1	-1	17	0	167	129	85	100	0	13	29	1	-1	-1	-1	-1	-1	-1	-1	-1	-1				
20	"Prepare the required items for Chaos Castle"	0	0																										
0	2	2	1	2	257	50	399	0	-1	-1	-1	-1	0	1	1	1	1	1	1	1	1	1	1	1	1	1	1	1	1
1	2	12	-1	40	-1	-1	2	1	84	190	0	0	0	14	2	10	14	5	10	14	35	1	-1	-1	-1				
21	"Get 1 monster kill in Chaos Castle"	0	0																										
0	2	2	1	2	257	50	399	0	-1	-1	-1	-1	0	1	1	1	1	1	1	1	1	1	1	1	1	1	1	1	1
1	16	-1	-1	1	-1	-1	17	0	167	129	0	100000	0	-1	-1	-1	-1	-1	-1	-1	-1	-1	-1	-1	-1				
22	"Clear Chaos Castle once"	0	0																										
0	2	2	1	2	257	50	399	0	-1	-1	-1	-1	0	1	1	1	1	1	1	1	1	1	1	1	1	1	1	1	1
1	10	-1	-1	1	-1	-1	17	0	167	129	100000	200000	0	-1	-1	-1	-1	-1	-1	-1	-1	-1	-1	-1	-1				
23	"Listen to the Chaos Castle quest (Lv.400?599)"	0	0																										
0	2	2	1	2	257	400	799	0	-1	-1	-1	-1	0	1	1	1	1	1	1	1	1	1	1	1	1	1	1	1	1
1	6	-1	-1	-1	-1	-1	17	0	167	129	85	100	0	13	29	1	-1	-1	-1	-1	-1	-1	-1	-1	-1				
24	"Prepare the required items for Chaos Castle"	0	0																										
0	2	2	1	2	257	400	799	0	-1	-1	-1	-1	0	1	1	1	1	1	1	1	1	1	1	1	1	1	1	1	1
1	2	13	-1	60	-1	-1	6	1	116	75	0	0	0	14	3	5	14	6	5	14	35	2	-1	-1	-1				
25	"Get 3 monster kills in Chaos Castle"	0	0																										
0	2	2	1	2	257	400	799	0	-1	-1	-1	-1	0	1	1	1	1	1	1	1	1	1	1	1	1	1	1	1	1
1	16	-1	-1	3	-1	-1	17	0	167	129	0	200000	0	-1	-1	-1	-1	-1	-1	-1	-1	-1	-1	-1	-1				
26	"Clear Chaos Castle once"	0	0																										
0	2	2	1	2	257	400	799	0	-1	-1	-1	-1	0	1	1	1	1	1	1	1	1	1	1	1	1	1	1	1	1
1	10	-1	-1	1	-1	-1	17	0	167	129	400000	300000	0	-1	-1	-1	-1	-1	-1	-1	-1	-1	-1	-1	-1				
27	"Prepare the required items for Chaos Castle"	0	0																										
0	2	2	1	2	257	800	899	0	-1	-1	-1	-1	0	1	1	1	1	1	1	1	1	1	1	1	1	1	1	1	1
1	2	10	-1	80	-1	-1	14	1	30	116	0	0	0	14	3	10	14	6	10	14	35	5	-1	-1	-1				
28	"Get 5 monster kills in Chaos Castle"	0	0																										
0	2	2	1	2	257	800	899	0	-1	-1	-1	-1	0	1	1	1	1	1	1	1	1	1	1	1	1	1	1	1	1
1	16	-1	-1	5	-1	-1	17	0	167	129	800000	500000	0	-1	-1	-1	-1	-1	-1	-1	-1	-1	-1	-1	-1				
29	"Clear Chaos Castle once"	0	0																										
0	2	2	1	2	257	800	899	0	-1	-1	-1	-1	0	1	1	1	1	1	1	1	1	1	1	1	1	1	1	1	1
1	10	-1	-1	1	-1	-1	17	0	167	129	1000000	0	0	12	15	1	-1	-1	-1	-1	-1	-1	-1	-1	-1				
30	"Prepare the required items for Chaos Castle"	0	0																										
0	2	2	1	2	257	900	1099	0	-1	-1	-1	-1	0	1	1	1	1	1	1	1	1	1	1	1	1	1	1	1	1
1	2	37	-1	100	-1	-1	35	4	107	106	0	0	0	14	36	5	14	38	5	-1	-1	-1	-1	-1	-1				
31	"Get 1 player kill in Chaos Castle"	0	0																										
0	2	2	1	2	257	900	1099	0	-1	-1	-1	-1	0	1	1	1	1	1	1	1	1	1	1	1	1	1	1	1	1
1	11	-1	-1	1	-1	-1	17	0	167	129	0	300000	0	12	15	1	-1	-1	-1	-1	-1	-1	-1	-1	-1				
32	"Clear Chaos Castle once"	0	0																										
0	2	2	1	2	257	900	1099	0	-1	-1	-1	-1	0	1	1	1	1	1	1	1	1	1	1	1	1	1	1	1	1
1	10	-1	-1	1	-1	-1	17	0	167	129	0	0	0	14	14	1	-1	-1	-1	-1	-1	-1	-1	-1	-1				
33	"Prepare the required items for Chaos Castle"	0	0																										
0	2	2	1	2	257	1100	1299	0	-1	-1	-1	-1	0	1	1	1	1	1	1	1	1	1	1	1	1	1	1	1	1
1	2	70	-1	100	-1	-1	63	10	91	63	0	0	0	14	37	3	14	39	10	-1	-1	-1	-1	-1	-1				
34	"Get 3 player kills in Chaos Castle"	0	0																										
0	2	2	1	2	257	1100	1299	0	-1	-1	-1	-1	0	1	1	1	1	1	1	1	1	1	1	1	1	1	1	1	1
1	11	-1	-1	3	-1	-1	17	0	167	129	0	0	0	14	14	1	-1	-1	-1	-1	-1	-1	-1	-1	-1				
35	"Clear Chaos Castle once"	0	0																										
0	2	2	1	2	257	1100	1299	0	-1	-1	-1	-1	0	1	1	1	1	1	1	1	1	1	1	1	1	1	1	1	1
1	10	-1	-1	1	-1	-1	17	0	167	129	0	0	0	14	13	1	-1	-1	-1	-1	-1	-1	-1	-1	-1				
36	"Prepare the required items for Chaos Castle"	0	0																										
0	2	2	1	2	257	1300	1499	0	-1	-1	-1	-1	0	1	1	1	1	1	1	1	1	1	1	1	1	1	1	1	1
1	2	61	-1	100	-1	-1	77	8	93	188	0	0	0	14	37	7	14	40	10	-1	-1	-1	-1	-1	-1				
37	"Get 5 player kills in Chaos Castle"	0	0																										
0	2	2	1	2	257	1300	1499	0	-1	-1	-1	-1	0	1	1	1	1	1	1	1	1	1	1	1	1	1	1	1	1
1	11	-1	-1	5	-1	-1	17	0	167	129	0	0	0	14	13	1	-1	-1	-1	-1	-1	-1	-1	-1	-1				
38	"Clear Chaos Castle once"	0	0																										
0	2	2	1	2	257	1300	1499	0	-1	-1	-1	-1	0	1	1	1	1	1	1	1	1	1	1	1	1	1	1	1	1
1	10	-1	-1	1	-1	-1	17	0	167	129	0	0	0	14	16	1	-1	-1	-1	-1	-1	-1	-1	-1	-1				
39	"Prepare the required items for Chaos Castle"	0	0																										
0	2	2	1	2	257	1500	1700	0	-1	-1	-1	-1	0	1	1	1	1	1	1	1	1	1	1	1	1	1	1	1	1
1	2	444	-1	100	-1	-1	278	56	227	10	0	0	0	14	37	10	14	40	15	-1	-1	-1	-1	-1	-1				
40	"Get 7 player kills in Chaos Castle"	0	0																										
0	2	2	1	2	257	1500	1700	0	-1	-1	-1	-1	0	1	1	1	1	1	1	1	1	1	1	1	1	1	1	1	1
1	11	-1	-1	7	-1	-1	17	0	167	129	0	0	0	14	14	2	-1	-1	-1	-1	-1	-1	-1	-1	-1				
41	"Clear Chaos Castle once"	0	0																										
0	2	2	1	2	257	1500	1700	0	-1	-1	-1	-1	0	1	1	1	1	1	1	1	1	1	1	1	1	1	1	1	1
1	10	-1	-1	1	-1	-1	17	0	167	129	0	0	0	14	13	2	-1	-1	-1	-1	-1	-1	-1	-1	-1				
42	"Listen to the Blood Castle quest (Lv.50?399)"	0	0																										
0	3	2	1	2	257	50	399	0	-1	-1	-1	-1	0	1	1	1	1	1	1	1	1	1	1	1	1	1	1	1	1
1	6	-1	-1	-1	-1	-1	17	0	167	129	10000	0	0	-1	-1	-1	-1	-1	-1	-1	-1	-1	-1	-1	-1				
43	"Prepare the required items for Blood Castle"	0	0																										
0	3	2	1	2	257	50	399	0	-1	-1	-1	-1	0	1	1	1	1	1	1	1	1	1	1	1	1	1	1	1	1
1	2	5	-1	40	-1	-1	6	1	175	119	0	0	0	13	18	1	-1	-1	-1	-1	-1	-1	-1	-1	-1				
44	"Destroy the gate once in Blood Castle"	0	0																										
0	3	2	1	2	257	50	399	0	-1	-1	-1	-1	0	1	1	1	1	1	1	1	1	1	1	1	1	1	1	1	1
1	13	-1	-1	1	-1	-1	17	0	167	129	0	100000	0	-1	-1	-1	-1	-1	-1	-1	-1	-1	-1	-1	-1				
45	"Clear Blood Castle once"	0	0																										
0	3	2	1	2	257	50	399	0	-1	-1	-1	-1	0	1	1	1	1	1	1	1	1	1	1	1	1	1	1	1	1
1	12	-1	-1	1	-1	-1	17	0	167	129	100000	200000	0	-1	-1	-1	-1	-1	-1	-1	-1	-1	-1	-1	-1				
46	"Listen to the Blood Castle quest (Lv.400?599)"	0	0																										
0	3	2	1	2	257	400	799	0	-1	-1	-1	-1	0	1	1	1	1	1	1	1	1	1	1	1	1	1	1	1	1
1	6	-1	-1	-1	-1	-1	17	0	167	129	200000	0	0	-1	-1	-1	-1	-1	-1	-1	-1	-1	-1	-1	-1				
47	"Prepare the required items for Blood Castle"	0	0																										
0	3	2	1	2	257	400	799	0	-1	-1	-1	-1	0	1	1	1	1	1	1	1	1	1	1	1	1	1	1	1	1
1	2	8	-1	40	-1	-1	6	1	117	31	0	0	0	13	18	1	-1	-1	-1	-1	-1	-1	-1	-1	-1				
48	"Destroy the gate once in Blood Castle"	0	0																										
0	3	2	1	2	257	400	799	0	-1	-1	-1	-1	0	1	1	1	1	1	1	1	1	1	1	1	1	1	1	1	1
1	13	-1	-1	1	-1	-1	17	0	167	129	0	200000	0	-1	-1	-1	-1	-1	-1	-1	-1	-1	-1	-1	-1				
49	"Clear Blood Castle once"	0	0																										
0	3	2	1	2	257	400	799	0	-1	-1	-1	-1	0	1	1	1	1	1	1	1	1	1	1	1	1	1	1	1	1
1	12	-1	-1	1	-1	-1	17	0	167	129	400000	300000	0	-1	-1	-1	-1	-1	-1	-1	-1	-1	-1	-1	-1				
50	"Prepare the required items for Blood Castle"	0	0																										
0	3	2	1	2	257	800	899	0	-1	-1	-1	-1	0	1	1	1	1	1	1	1	1	1	1	1	1	1	1	1	1
1	2	40	-1	80	-1	-1	37	4	127	24	0	0	0	13	18	1	-1	-1	-1	-1	-1	-1	-1	-1	-1				
51	"Destroy the gate once in Blood Castle"	0	0																										
0	3	2	1	2	257	800	899	0	-1	-1	-1	-1	0	1	1	1	1	1	1	1	1	1	1	1	1	1	1	1	1
1	13	-1	-1	1	-1	-1	17	0	167	129	800000	500000	0	-1	-1	-1	-1	-1	-1	-1	-1	-1	-1	-1	-1				
52	"Clear Blood Castle once"	0	0																										
0	3	2	1	2	257	800	899	0	-1	-1	-1	-1	0	1	1	1	1	1	1	1	1	1	1	1	1	1	1	1	1
1	12	-1	-1	1	-1	-1	17	0	167	129	1000000	0	0	12	15	1	-1	-1	-1	-1	-1	-1	-1	-1	-1				
53	"Prepare the required items for Blood Castle"	0	0																										
0	3	2	1	2	257	900	1099	0	-1	-1	-1	-1	0	1	1	1	1	1	1	1	1	1	1	1	1	1	1	1	1
1	2	71	-1	100	-1	-1	63	10	66	75	0	0	0	13	18	1	-1	-1	-1	-1	-1	-1	-1	-1	-1				
54	"Destroy the gate once in Blood Castle"	0	0																										
0	3	2	1	2	257	900	1099	0	-1	-1	-1	-1	0	1	1	1	1	1	1	1	1	1	1	1	1	1	1	1	1
1	13	-1	-1	1	-1	-1	17	0	167	129	0	500000	0	12	15	1	-1	-1	-1	-1	-1	-1	-1	-1	-1				
55	"Clear Blood Castle once"	0	0																										
0	3	2	1	2	257	900	1099	0	-1	-1	-1	-1	0	1	1	1	1	1	1	1	1	1	1	1	1	1	1	1	1
1	12	-1	-1	1	-1	-1	17	0	167	129	0	0	0	14	14	1	-1	-1	-1	-1	-1	-1	-1	-1	-1				
56	"Prepare the required items for Blood Castle"	0	0																										
0	3	2	1	2	257	1100	1299	0	-1	-1	-1	-1	0	1	1	1	1	1	1	1	1	1	1	1	1	1	1	1	1
1	2	58	-1	100	-1	-1	57	8	30	112	0	0	0	13	18	1	-1	-1	-1	-1	-1	-1	-1	-1	-1				
57	"Destroy the gate once in Blood Castle"	0	0																										
0	3	2	1	2	257	1100	1299	0	-1	-1	-1	-1	0	1	1	1	1	1	1	1	1	1	1	1	1	1	1	1	1
1	13	-1	-1	1	-1	-1	17	0	167	129	0	0	0	14	14	1	-1	-1	-1	-1	-1	-1	-1	-1	-1				
58	"Clear Blood Castle once"	0	0																										
0	3	2	1	2	257	1100	1299	0	-1	-1	-1	-1	0	1	1	1	1	1	1	1	1	1	1	1	1	1	1	1	1
1	12	-1	-1	1	-1	-1	17	0	167	129	0	0	0	14	13	1	-1	-1	-1	-1	-1	-1	-1	-1	-1				
59	"Prepare the required items for Blood Castle"	0	0																										
0	3	2	1	2	257	1300	1499	0	-1	-1	-1	-1	0	1	1	1	1	1	1	1	1	1	1	1	1	1	1	1	1
1	2	72	-1	100	-1	-1	63	10	44	131	0	0	0	13	18	1	-1	-1	-1	-1	-1	-1	-1	-1	-1				
60	"Destroy the gate once in Blood Castle"	0	0																										
0	3	2	1	2	257	1300	1499	0	-1	-1	-1	-1	0	1	1	1	1	1	1	1	1	1	1	1	1	1	1	1	1
1	13	-1	-1	1	-1	-1	17	0	167	129	0	0	0	14	13	1	-1	-1	-1	-1	-1	-1	-1	-1	-1				
61	"Clear Blood Castle once"	0	0																										
0	3	2	1	2	257	1300	1499	0	-1	-1	-1	-1	0	1	1	1	1	1	1	1	1	1	1	1	1	1	1	1	1
1	12	-1	-1	1	-1	-1	17	0	167	129	0	0	0	14	16	1	-1	-1	-1	-1	-1	-1	-1	-1	-1				
62	"Prepare the required items for Blood Castle"	0	0																										
0	3	2	1	2	257	1500	1700	0	-1	-1	-1	-1	0	1	1	1	1	1	1	1	1	1	1	1	1	1	1	1	1
1	2	359	-1	100	-1	-1	130	38	125	97	0	0	0	13	18	1	-1	-1	-1	-1	-1	-1	-1	-1	-1				
63	"Destroy the gate once in Blood Castle"	0	0																										
0	3	2	1	2	257	1500	1700	0	-1	-1	-1	-1	0	1	1	1	1	1	1	1	1	1	1	1	1	1	1	1	1
1	13	-1	-1	1	-1	-1	17	0	167	129	0	0	0	14	14	2	-1	-1	-1	-1	-1	-1	-1	-1	-1				
64	"Clear Blood Castle once"	0	0																										
0	3	2	1	2	257	1500	1700	0	-1	-1	-1	-1	0	1	1	1	1	1	1	1	1	1	1	1	1	1	1	1	1
1	12	-1	-1	1	-1	-1	17	0	167	129	0	0	0	14	13	2	-1	-1	-1	-1	-1	-1	-1	-1	-1				
65	"Listen to the Devil Square quest (Lv.50?399)"	0	0																										
0	4	2	1	2	257	50	399	0	-1	-1	-1	-1	0	1	1	1	1	1	1	1	1	1	1	1	1	1	1	1	1
1	6	-1	-1	-1	-1	-1	17	0	167	129	10000	0	0	-1	-1	-1	-1	-1	-1	-1	-1	-1	-1	-1	-1				
66	"Gather the required items for Devil Square"	0	0																										
0	4	2	1	2	257	50	399	0	-1	-1	-1	-1	0	1	1	1	1	1	1	1	1	1	1	1	1	1	1	1	1
1	2	422	-1	40	-1	-1	268	51	78	58	0	0	0	14	19	1	-1	-1	-1	-1	-1	-1	-1	-1	-1				
67	"Earn 50 points in Devil Square"	0	0																										
0	4	2	1	2	257	50	399	0	-1	-1	-1	-1	0	1	1	1	1	1	1	1	1	1	1	1	1	1	1	1	1
1	15	-1	-1	50	-1	-1	17	0	167	129	0	100000	0	-1	-1	-1	-1	-1	-1	-1	-1	-1	-1	-1	-1				
68	"Clear Devil Square once"	0	0																										
0	4	2	1	2	257	50	399	0	-1	-1	-1	-1	0	1	1	1	1	1	1	1	1	1	1	1	1	1	1	1	1
1	14	-1	-1	1	-1	-1	17	0	167	129	100000	200000	0	-1	-1	-1	-1	-1	-1	-1	-1	-1	-1	-1	-1				
69	"Listen to the Devil Square quest (Lv.400?599)"	0	0																										
0	4	2	1	2	257	400	799	0	-1	-1	-1	-1	0	1	1	1	1	1	1	1	1	1	1	1	1	1	1	1	1
1	6	-1	-1	-1	-1	-1	17	0	167	129	200000	0	0	-1	-1	-1	-1	-1	-1	-1	-1	-1	-1	-1	-1				
70	"Gather the required items for Devil Square"	0	0																										
0	4	2	1	2	257	400	799	0	-1	-1	-1	-1	0	1	1	1	1	1	1	1	1	1	1	1	1	1	1	1	1
1	2	41	-1	60	-1	-1	33	4	118	230	0	0	0	14	19	1	-1	-1	-1	-1	-1	-1	-1	-1	-1				
71	"Earn 100 points in Devil Square"	0	0																										
0	4	2	1	2	257	400	799	0	-1	-1	-1	-1	0	1	1	1	1	1	1	1	1	1	1	1	1	1	1	1	1
1	15	-1	-1	100	-1	-1	17	0	167	129	0	200000	0	-1	-1	-1	-1	-1	-1	-1	-1	-1	-1	-1	-1				
72	"Clear Devil Square once"	0	0																										
0	4	2	1	2	257	400	799	0	-1	-1	-1	-1	0	1	1	1	1	1	1	1	1	1	1	1	1	1	1	1	1
1	14	-1	-1	1	-1	-1	17	0	167	129	400000	300000	0	-1	-1	-1	-1	-1	-1	-1	-1	-1	-1	-1	-1				
73	"Gather the required items for Devil Square"	0	0																										
0	4	2	1	2	257	800	899	0	-1	-1	-1	-1	0	1	1	1	1	1	1	1	1	1	1	1	1	1	1	1	1
1	2	69	-1	80	-1	-1	63	10	17	19	0	0	0	14	19	1	-1	-1	-1	-1	-1	-1	-1	-1	-1				
74	"Earn 130 points in Devil Square"	0	0																										
0	4	2	1	2	257	800	899	0	-1	-1	-1	-1	0	1	1	1	1	1	1	1	1	1	1	1	1	1	1	1	1
1	15	-1	-1	130	-1	-1	17	0	167	129	800000	500000	0	-1	-1	-1	-1	-1	-1	-1	-1	-1	-1	-1	-1				
75	"Clear Devil Square once"	0	0																										
0	4	2	1	2	257	800	899	0	-1	-1	-1	-1	0	1	1	1	1	1	1	1	1	1	1	1	1	1	1	1	1
1	14	-1	-1	1	-1	-1	17	0	167	129	1000000	0	0	12	15	1	-1	-1	-1	-1	-1	-1	-1	-1	-1				
76	"Gather the required items for Devil Square"	0	0																										
0	4	2	1	2	257	900	1099	0	-1	-1	-1	-1	0	1	1	1	1	1	1	1	1	1	1	1	1	1	1	1	1
1	2	57	-1	100	-1	-1	57	8	60	83	0	0	0	14	19	1	-1	-1	-1	-1	-1	-1	-1	-1	-1				
77	"Earn 160 points in Devil Square"	0	0																										
0	4	2	1	2	257	900	1099	0	-1	-1	-1	-1	0	1	1	1	1	1	1	1	1	1	1	1	1	1	1	1	1
1	15	-1	-1	160	-1	-1	17	0	167	129	0	500000	0	12	15	1	-1	-1	-1	-1	-1	-1	-1	-1	-1				
78	"Clear Devil Square once"	0	0																										
0	4	2	1	2	257	900	1099	0	-1	-1	-1	-1	0	1	1	1	1	1	1	1	1	1	1	1	1	1	1	1	1
1	14	-1	-1	1	-1	-1	17	0	167	129	0	0	0	14	14	1	-1	-1	-1	-1	-1	-1	-1	-1	-1				
79	"Gather the required items for Devil Square"	0	0																										
0	4	2	1	2	257	1100	1299	0	-1	-1	-1	-1	0	1	1	1	1	1	1	1	1	1	1	1	1	1	1	1	1
1	2	61	-1	100	-1	-1	77	8	93	188	0	0	0	14	19	1	-1	-1	-1	-1	-1	-1	-1	-1	-1				
80	"Earn 190 points in Devil Square"	0	0																										
0	4	2	1	2	257	1100	1299	0	-1	-1	-1	-1	0	1	1	1	1	1	1	1	1	1	1	1	1	1	1	1	1
1	15	-1	-1	190	-1	-1	17	0	167	129	0	0	0	14	14	1	-1	-1	-1	-1	-1	-1	-1	-1	-1				
81	"Clear Devil Square once"	0	0																										
0	4	2	1	2	257	1100	1299	0	-1	-1	-1	-1	0	1	1	1	1	1	1	1	1	1	1	1	1	1	1	1	1
1	14	-1	-1	1	-1	-1	17	0	167	129	0	0	0	14	13	1	-1	-1	-1	-1	-1	-1	-1	-1	-1				
82	"Gather the required items for Devil Square"	0	0																										
0	4	2	1	2	257	1300	1499	0	-1	-1	-1	-1	0	1	1	1	1	1	1	1	1	1	1	1	1	1	1	1	1
1	2	454	-1	120	-1	-1	287	57	182	204	0	0	0	14	19	1	-1	-1	-1	-1	-1	-1	-1	-1	-1				
83	"Earn 210 points in Devil Square"	0	0																										
0	4	2	1	2	257	1300	1499	0	-1	-1	-1	-1	0	1	1	1	1	1	1	1	1	1	1	1	1	1	1	1	1
1	15	-1	-1	210	-1	-1	17	0	167	129	0	0	0	14	13	1	-1	-1	-1	-1	-1	-1	-1	-1	-1				
84	"Clear Devil Square once"	0	0																										
0	4	2	1	2	257	1300	1499	0	-1	-1	-1	-1	0	1	1	1	1	1	1	1	1	1	1	1	1	1	1	1	1
1	14	-1	-1	1	-1	-1	17	0	167	129	0	0	0	14	16	1	-1	-1	-1	-1	-1	-1	-1	-1	-1				
85	"Gather the required items for Devil Square"	0	0																										
0	4	2	1	2	257	1500	1700	0	-1	-1	-1	-1	0	1	1	1	1	1	1	1	1	1	1	1	1	1	1	1	1
1	2	445	-1	140	-1	-1	278	56	228	10	0	0	0	14	19	1	-1	-1	-1	-1	-1	-1	-1	-1	-1				
86	"Earn 240 points in Devil Square"	0	0																										
0	4	2	1	2	257	1500	1700	0	-1	-1	-1	-1	0	1	1	1	1	1	1	1	1	1	1	1	1	1	1	1	1
1	15	-1	-1	240	-1	-1	17	0	167	129	0	0	0	14	14	2	-1	-1	-1	-1	-1	-1	-1	-1	-1				
87	"Clear Devil Square once"	0	0																										
0	4	2	1	2	257	1500	1700	0	-1	-1	-1	-1	0	1	1	1	1	1	1	1	1	1	1	1	1	1	1	1	1
1	14	-1	-1	1	-1	-1	17	0	167	129	0	0	0	14	13	2	-1	-1	-1	-1	-1	-1	-1	-1	-1				
88	"Call from Acheron"	0	0																										
0	8	2	1	1	300	300	1700	0	-1	-1	-1	-1	0	1	1	1	1	1	1	1	1	1	1	1	1	1	1	1	1
1	5	-1	-1	-1	-1	-1	417	91	30	208	0	0	0	-1	-1	-1	-1	-1	-1	-1	-1	-1	-1	-1	-1				
89	"The expedition¡¯s sole survivor"	0	0																										
0	8	2	1	2	581	300	1700	0	-1	-1	-1	-1	0	1	1	1	1	1	1	1	1	1	1	1	1	1	1	1	1
1	6	-1	-1	-1	-1	-1	417	91	30	208	0	0	0	-1	-1	-1	-1	-1	-1	-1	-1	-1	-1	-1	-1				
90	"Acheron¡¯s mysterious power: Attributes"	0	0																										
0	8	2	1	2	581	300	1700	0	-1	-1	-1	-1	0	1	1	1	1	1	1	1	1	1	1	1	1	1	1	1	1
1	1	12	200	1	-1	0	419	91	111	137	100000	0	0	12	288	1	-1	-1	-1	-1	-1	-1	-1	-1	-1				
91	"Errtel Items"	0	0																										
0	8	2	1	2	581	300	1700	0	-1	-1	-1	-1	0	1	1	1	1	1	1	1	1	1	1	1	1	1	1	1	1
1	2	586	-1	20	-1	-1	419	91	126	155	100000	0	0	12	221	1	-1	-1	-1	-1	-1	-1	-1	-1	-1				
92	"Crafting Errtel"	0	0																										
0	8	2	1	2	581	300	1700	0	-1	-1	-1	-1	0	1	1	1	1	1	1	1	1	1	1	1	1	1	1	1	1
1	1	12	145	1	-1	0	419	91	111	137	100000	0	0	12	288	1	-1	-1	-1	-1	-1	-1	-1	-1	-1				
93	"Adniel, the surviving spirit"	0	0																										
0	8	2	1	2	581	300	1700	0	-1	-1	-1	-1	0	1	1	1	1	1	1	1	1	1	1	1	1	1	1	1	1
1	1	14	290	1	-1	0	417	91	41	215	100000	0	0	12	288	1	-1	-1	-1	-1	-1	-1	-1	-1	-1				
94	"Secrets of Acheron¡¯s monsters"	0	0																										
0	8	2	1	2	581	300	1700	0	-1	-1	-1	-1	0	1	1	1	1	1	1	1	1	1	1	1	1	1	1	1	1
1	2	587	-1	20	-1	-1	419	91	115	130	100000	0	0	12	231	1	-1	-1	-1	-1	-1	-1	-1	-1	-1				
95	"Changes on Acheron Island"	0	0																										
0	8	2	1	2	581	300	399	0	-1	-1	-1	-1	0	1	1	1	1	1	1	1	1	1	1	1	1	1	1	1	1
1	2	586	-1	30	-1	-1	419	91	126	155	100000	0	0	12	145	1	-1	-1	-1	-1	-1	-1	-1	-1	-1				
96	"Gatekeeper of Ubaid"	0	0																										
0	8	2	1	2	581	300	399	0	-1	-1	-1	-1	0	1	1	1	1	1	1	1	1	1	1	1	1	1	1	1	1
1	2	587	-1	30	-1	-1	419	91	115	130	100000	0	0	12	145	1	-1	-1	-1	-1	-1	-1	-1	-1	-1				
97	"Discovery of a new clue"	0	0																										
0	8	2	1	2	581	300	399	0	-1	-1	-1	-1	0	1	1	1	1	1	1	1	1	1	1	1	1	1	1	1	1
1	2	588	-1	30	-1	-1	419	91	78	33	100000	0	0	14	290	1	-1	-1	-1	-1	-1	-1	-1	-1	-1				
98	"Eliminate Devil Fairies (Repeat)"	0	0																										
0	8	2	1	2	581	300	329	-1	-1	-1	-1	-1	0	1	1	1	1	1	1	1	1	1	1	1	1	1	1	1	1
1	2	586	-1	50	-1	-1	419	91	126	155	200000	100000	0	-1	-1	-1	-1	-1	-1	-1	-1	-1	-1	-1	-1				
99	"Eliminate Elemental Beasts (Repeat)"	0	0																										
0	8	2	1	2	581	330	359	-1	-1	-1	-1	-1	0	1	1	1	1	1	1	1	1	1	1	1	1	1	1	1	1
1	2	587	-1	50	-1	-1	419	91	115	130	200000	100000	0	-1	-1	-1	-1	-1	-1	-1	-1	-1	-1	-1	-1				
100	"Eliminate Elemental Knights (Repeat)"	0	0																										
0	8	2	1	2	581	360	399	-1	-1	-1	-1	-1	0	1	1	1	1	1	1	1	1	1	1	1	1	1	1	1	1
1	2	588	-1	50	-1	-1	419	91	78	33	200000	100000	0	-1	-1	-1	-1	-1	-1	-1	-1	-1	-1	-1	-1				
101	"Eliminate Devil Fairies in Ubaid"	0	0																										
0	8	2	1	2	581	400	459	0	-1	-1	-1	-1	0	1	1	1	1	1	1	1	1	1	1	1	1	1	1	1	1
1	2	589	-1	30	-1	-1	423	91	155	188	100000	0	0	12	145	1	-1	-1	-1	-1	-1	-1	-1	-1	-1				
102	"Eliminate Elemental Beasts in Ubaid"	0	0																										
0	8	2	1	2	581	400	459	0	-1	-1	-1	-1	0	1	1	1	1	1	1	1	1	1	1	1	1	1	1	1	1
1	2	590	-1	30	-1	-1	423	91	206	176	100000	0	0	14	290	1	-1	-1	-1	-1	-1	-1	-1	-1	-1				
103	"Raid by Ubaid¡¯s Elemental Knights"	0	0																										
0	8	2	1	2	581	400	459	0	-1	-1	-1	-1	0	1	1	1	1	1	1	1	1	1	1	1	1	1	1	1	1
1	2	591	-1	30	-1	-1	423	91	186	103	100000	0	0	12	288	1	-1	-1	-1	-1	-1	-1	-1	-1	-1				
104	"Extermination order: Devil Fairy in Ubaid (Repeat)"	0	0																										
0	8	2	1	2	581	400	419	-1	-1	-1	-1	-1	0	1	1	1	1	1	1	1	1	1	1	1	1	1	1	1	1
1	2	589	-1	50	-1	-1	423	91	155	188	300000	100000	0	-1	-1	-1	-1	-1	-1	-1	-1	-1	-1	-1	-1				
105	"Extermination order: Elemental Beast in Ubaid (Repeat)"	0	0																										
0	8	2	1	2	581	420	439	-1	-1	-1	-1	-1	0	1	1	1	1	1	1	1	1	1	1	1	1	1	1	1	1
1	2	590	-1	50	-1	-1	423	91	206	176	300000	100000	0	-1	-1	-1	-1	-1	-1	-1	-1	-1	-1	-1	-1				
106	"Extermination order: Elemental Knight in Ubaid (Repeat)"	0	0																										
0	8	2	1	2	581	440	459	-1	-1	-1	-1	-1	0	1	1	1	1	1	1	1	1	1	1	1	1	1	1	1	1
1	2	591	-1	50	-1	-1	423	91	186	103	300000	100000	0	-1	-1	-1	-1	-1	-1	-1	-1	-1	-1	-1	-1				
200	"Wandering Merchant Gyro (1)"	1	0																										
0	7	2	1	1	50	50	1700	0	-1	-1	-1	-1	0	1	1	1	1	1	1	1	1	1	1	1	1	1	1	1	1
1	5	-1	-1	-1	-1	-1	17	0	131	138	50	50	0	-1	-1	-1	-1	-1	-1	-1	-1	-1	-1	-1	-1				
201	"Wandering Merchant Gyro (2)"	1	0																										
0	7	2	1	1	50	50	1700	0	-1	-1	-1	-1	0	1	1	1	1	1	1	1	1	1	1	1	1	1	1	1	1
1	5	-1	-1	-1	-1	-1	27	3	186	109	50	50	0	-1	-1	-1	-1	-1	-1	-1	-1	-1	-1	-1	-1				
202	"Wandering Merchant Gyro (3)"	1	0																										
0	7	2	1	1	50	50	1700	0	-1	-1	-1	-1	0	1	1	1	1	1	1	1	1	1	1	1	1	1	1	1	1
1	5	-1	-1	-1	-1	-1	267	51	55	199	50	50	0	-1	-1	-1	-1	-1	-1	-1	-1	-1	-1	-1	-1				
203	"Wandering Merchant Gyro (4)"	1	0																										
0	7	2	1	1	50	50	1700	0	-1	-1	-1	-1	0	1	1	1	1	1	1	1	1	1	1	1	1	1	1	1	1
1	5	-1	-1	-1	-1	-1	22	2	226	52	50	50	0	-1	-1	-1	-1	-1	-1	-1	-1	-1	-1	-1	-1				
204	"Expand trade with the Merchants¡¯ Guild"	1	0																										
0	7	2	1	2	568	50	1700	0	-1	-1	-1	-1	0	1	1	1	1	1	1	1	1	1	1	1	1	1	1	1	1
1	1	14	164	1	40	200	37	4	115	28	0	0	0	14	163	1	-1	-1	-1	-1	-1	-1	-1	-1	-1				
205	"Magic Cloth"	1	0																										
0	7	2	1	2	568	150	1700	0	-1	-1	-1	-1	0	1	1	1	1	1	1	1	1	1	1	1	1	1	1	1	1
1	1	14	165	1	52	200	75	7	78	145	0	0	0	14	162	1	-1	-1	-1	-1	-1	-1	-1	-1	-1				
206	"Cloth of Space"	1	0																										
0	7	2	1	2	568	300	1700	0	-1	-1	-1	-1	0	1	1	1	1	1	1	1	1	1	1	1	1	1	1	1	1
1	1	14	166	1	69	200	63	10	17	19	0	0	0	14	162	1	-1	-1	-1	-1	-1	-1	-1	-1	-1				
207	"Erase the Memory, First.. (1)"	1	0																										
0	9	2	1	2	257	410	1700	0	-1	-1	-1	-1	0	1	1	1	1	1	1	1	1	1	1	1	1	1	1	1	1
1	1	13	148	10	553	200	334	37	73	166	0	1000000	0	-1	-1	-1	-1	-1	-1	-1	-1	-1	-1	-1	-1				
208	"Erase the Memory, First.. (2)"	1	0																										
0	9	2	1	2	257	410	1700	0	-1	-1	-1	-1	0	1	1	1	1	1	1	1	1	1	1	1	1	1	1	1	1
1	1	13	151	1	562	200	287	57	83	116	0	0	0	13	156	1	-1	-1	-1	-1	-1	-1	-1	-1	-1				
209	"Erase the Memory, Second.. (1)"	1	0																										
0	10	2	1	2	257	410	1700	0	-1	-1	-1	-1	0	1	1	1	1	1	1	1	1	1	1	1	1	1	1	1	1
1	1	13	149	10	557	500	278	56	218	178	0	1000000	0	-1	-1	-1	-1	-1	-1	-1	-1	-1	-1	-1	-1				
210	"Erase the Memory, Second.. (2)"	1	0																										
0	10	2	1	2	257	410	1700	0	-1	-1	-1	-1	0	1	1	1	1	1	1	1	1	1	1	1	1	1	1	1	1
1	1	13	151	1	562	200	287	57	83	116	0	0	0	13	157	1	-1	-1	-1	-1	-1	-1	-1	-1	-1				
211	"Erase the Memory, Third.. (1)"	1	0																										
0	11	2	1	2	257	410	1700	0	-1	-1	-1	-1	0	1	1	1	1	1	1	1	1	1	1	1	1	1	1	1	1
1	1	13	150	10	549	200	140	33	195	194	0	1000000	0	-1	-1	-1	-1	-1	-1	-1	-1	-1	-1	-1	-1				
212	"Erase the Memory, Third.. (2)"	1	0																										
0	11	2	1	2	257	410	1700	0	-1	-1	-1	-1	0	1	1	1	1	1	1	1	1	1	1	1	1	1	1	1	1
1	1	13	151	1	562	200	287	57	83	116	0	0	0	13	158	1	-1	-1	-1	-1	-1	-1	-1	-1	-1				
213	"Last Chance.. (1)"	1	0																										
0	12	2	1	2	257	450	1700	0	-1	-1	-1	-1	0	1	1	1	1	1	1	1	1	1	1	1	1	1	1	1	1
1	1	13	148	20	553	200	334	37	73	166	0	1000000	0	-1	-1	-1	-1	-1	-1	-1	-1	-1	-1	-1	-1				
214	"Last Chance.. (2)"	1	0																										
0	12	2	1	2	257	450	1700	0	-1	-1	-1	-1	0	1	1	1	1	1	1	1	1	1	1	1	1	1	1	1	1
1	1	13	149	20	557	500	278	56	218	178	0	1000000	0	-1	-1	-1	-1	-1	-1	-1	-1	-1	-1	-1	-1				
215	"Last Chance.. (3)"	1	0																										
0	12	2	1	2	257	450	1700	0	-1	-1	-1	-1	0	1	1	1	1	1	1	1	1	1	1	1	1	1	1	1	1
1	1	13	150	20	549	200	140	33	195	194	0	1000000	0	-1	-1	-1	-1	-1	-1	-1	-1	-1	-1	-1	-1				
216	"Last Chance.. (4)"	1	0																										
0	12	2	1	2	257	450	1700	0	-1	-1	-1	-1	0	1	1	1	1	1	1	1	1	1	1	1	1	1	1	1	1
1	1	13	151	5	562	200	287	57	83	116	0	0	0	13	159	1	-1	-1	-1	-1	-1	-1	-1	-1	-1				
217	"Shadow Phantom¡¯s Commission Request"	0	0																										
0	15	2	1	1	91	91	1700	0	-1	-1	-1	-1	0	1	1	1	0	0	1	0	0	1	1	1	1	1	1	1	1
1	5	-1	-1	-1	-1	-1	17	0	167	129	50	50	0	-1	-1	-1	-1	-1	-1	-1	-1	-1	-1	-1	-1				
218	"Start of the Commission"	0	0																										
0	15	2	1	2	257	91	1700	0	-1	-1	-1	-1	0	1	1	1	0	0	1	0	0	1	1	1	1	1	1	1	1
1	6	-1	-1	-1	-1	-1	17	0	167	129	50	50	0	-1	-1	-1	-1	-1	-1	-1	-1	-1	-1	-1	-1				
219	"Conquer the Dungeon! (1)"	0	0																										
0	15	2	1	1	91	91	1700	0	-1	-1	-1	-1	0	0	1	0	0	0	0	0	0	0	0	0	0	0	0	0	0
1	8	-1	-1	80	-1	-1	2	1	109	235	0	0	0	10	1	8	-1	-1	-1	-1	-1	-1	-1	-1	-1				
220	"Conquer the Dungeon! (1)"	0	0																										
0	15	2	1	1	91	91	1700	0	-1	-1	-1	-1	0	1	0	0	0	0	0	0	0	0	0	0	0	0	0	0	0
1	8	-1	-1	80	-1	-1	2	1	109	235	0	0	0	10	3	8	-1	-1	-1	-1	-1	-1	-1	-1	-1				
221	"Conquer the Dungeon! (1)"	0	0																										
0	15	2	1	1	91	91	1700	0	-1	-1	-1	-1	0	0	0	1	0	0	0	0	0	0	0	0	0	0	0	0	0
1	8	-1	-1	80	-1	-1	2	1	109	235	0	0	0	10	14	8	-1	-1	-1	-1	-1	-1	-1	-1	-1				
222	"Conquer the Dungeon! (1)"	0	0																										
0	15	2	1	1	91	91	1700	0	-1	-1	-1	-1	0	0	0	0	0	0	1	0	0	0	0	0	0	0	0	0	0
1	8	-1	-1	80	-1	-1	2	1	109	235	0	0	0	10	40	8	-1	-1	-1	-1	-1	-1	-1	-1	-1				
223	"Conquer the Dungeon! (2)"	0	0																										
0	15	2	1	1	91	91	1700	0	-1	-1	-1	-1	0	0	1	0	0	0	0	0	0	0	0	0	0	0	0	0	0
1	8	-1	-1	80	-1	-1	2	1	109	235	0	0	0	11	1	8	-1	-1	-1	-1	-1	-1	-1	-1	-1				
224	"Conquer the Dungeon! (2)"	0	0																										
0	15	2	1	1	91	91	1700	0	-1	-1	-1	-1	0	1	0	0	0	0	0	0	0	0	0	0	0	0	0	0	0
1	8	-1	-1	80	-1	-1	2	1	109	235	0	0	0	11	3	8	-1	-1	-1	-1	-1	-1	-1	-1	-1				
225	"Conquer the Dungeon! (2)"	0	0																										
0	15	2	1	1	91	91	1700	0	-1	-1	-1	-1	0	0	0	1	0	0	0	0	0	0	0	0	0	0	0	0	0
1	8	-1	-1	80	-1	-1	2	1	109	235	0	0	0	11	14	8	-1	-1	-1	-1	-1	-1	-1	-1	-1				
226	"Conquer the Dungeon! (2)"	0	0																										
0	15	2	1	1	91	91	1700	0	-1	-1	-1	-1	0	0	0	0	0	0	1	0	0	0	0	0	0	0	0	0	0
1	8	-1	-1	80	-1	-1	2	1	109	235	0	0	0	11	40	8	-1	-1	-1	-1	-1	-1	-1	-1	-1				
227	"Conquer the Dungeon! (3)"	0	0																										
0	15	2	1	1	91	91	1700	0	-1	-1	-1	-1	0	0	1	0	0	0	0	0	0	0	0	0	0	0	0	0	0
1	8	-1	-1	80	-1	-1	2	1	109	235	0	0	0	7	1	8	-1	-1	-1	-1	-1	-1	-1	-1	-1				
228	"Conquer the Dungeon! (3)"	0	0																										
0	15	2	1	1	91	91	1700	0	-1	-1	-1	-1	0	1	0	0	0	0	0	0	0	0	0	0	0	0	0	0	0
1	8	-1	-1	80	-1	-1	2	1	109	235	0	0	0	7	3	8	-1	-1	-1	-1	-1	-1	-1	-1	-1				
229	"Conquer the Dungeon! (3)"	0	0																										
0	15	2	1	1	91	91	1700	0	-1	-1	-1	-1	0	0	0	1	0	0	0	0	0	0	0	0	0	0	0	0	0
1	8	-1	-1	80	-1	-1	2	1	109	235	0	0	0	7	14	8	-1	-1	-1	-1	-1	-1	-1	-1	-1				
230	"Conquer the Dungeon! (3)"	0	0																										
0	15	2	1	1	91	91	1700	0	-1	-1	-1	-1	0	0	0	0	0	0	1	0	0	0	0	0	0	0	0	0	0
1	8	-1	-1	80	-1	-1	2	1	109	235	0	0	0	7	40	8	-1	-1	-1	-1	-1	-1	-1	-1	-1				
231	"Conquer the Dungeon! (4)"	0	0																										
0	15	2	1	1	91	91	1700	0	-1	-1	-1	-1	0	0	1	0	0	0	0	0	0	0	0	0	0	0	0	0	0
1	8	-1	-1	80	-1	-1	2	1	109	235	0	0	0	9	1	8	-1	-1	-1	-1	-1	-1	-1	-1	-1				
232	"Conquer the Dungeon! (4)"	0	0																										
0	15	2	1	1	91	91	1700	0	-1	-1	-1	-1	0	1	0	0	0	0	0	0	0	0	0	0	0	0	0	0	0
1	8	-1	-1	80	-1	-1	2	1	109	235	0	0	0	9	3	8	-1	-1	-1	-1	-1	-1	-1	-1	-1				
233	"Conquer the Dungeon! (4)"	0	0																										
0	15	2	1	1	91	91	1700	0	-1	-1	-1	-1	0	0	0	1	0	0	0	0	0	0	0	0	0	0	0	0	0
1	8	-1	-1	80	-1	-1	2	1	109	235	0	0	0	9	14	8	-1	-1	-1	-1	-1	-1	-1	-1	-1				
234	"Conquer the Dungeon! (4)"	0	0																										
0	15	2	1	1	91	91	1700	0	-1	-1	-1	-1	0	0	0	0	0	0	1	0	0	0	0	0	0	0	0	0	0
1	8	-1	-1	80	-1	-1	2	1	109	235	0	0	0	9	40	8	-1	-1	-1	-1	-1	-1	-1	-1	-1				
235	"Conquer the Dungeon! (5)"	0	0																										
0	15	2	1	1	91	91	1700	0	-1	-1	-1	-1	0	0	1	0	0	0	0	0	0	0	0	0	0	0	0	0	0
1	8	-1	-1	80	-1	-1	2	1	109	235	0	0	0	8	1	8	-1	-1	-1	-1	-1	-1	-1	-1	-1				
236	"Conquer the Dungeon! (5)"	0	0																										
0	15	2	1	1	91	91	1700	0	-1	-1	-1	-1	0	1	0	0	0	0	0	0	0	0	0	0	0	0	0	0	0
1	8	-1	-1	80	-1	-1	2	1	109	235	0	0	0	8	3	8	-1	-1	-1	-1	-1	-1	-1	-1	-1				
237	"Conquer the Dungeon! (5)"	0	0																										
0	15	2	1	1	91	91	1700	0	-1	-1	-1	-1	0	0	0	1	0	0	0	0	0	0	0	0	0	0	0	0	0
1	8	-1	-1	80	-1	-1	2	1	109	235	0	0	0	8	14	8	-1	-1	-1	-1	-1	-1	-1	-1	-1				
238	"Conquer the Dungeon! (5)"	0	0																										
0	15	2	1	1	91	91	1700	0	-1	-1	-1	-1	0	0	0	0	0	0	1	0	0	0	0	0	0	0	0	0	0
1	8	-1	-1	80	-1	-1	2	1	109	235	0	0	0	8	40	8	-1	-1	-1	-1	-1	-1	-1	-1	-1				
239	"Conquer the Dungeon! (6)"	0	0																										
0	15	2	1	1	91	91	1700	0	-1	-1	-1	-1	0	0	1	0	0	0	0	0	0	0	0	0	0	0	0	0	0
1	8	-1	-1	80	-1	-1	2	1	109	235	0	0	0	0	13	8	-1	-1	-1	-1	-1	-1	-1	-1	-1				
240	"Conquer the Dungeon! (6)"	0	0																										
0	15	2	1	1	91	91	1700	0	-1	-1	-1	-1	0	1	0	0	0	0	0	0	0	0	0	0	0	0	0	0	0
1	8	-1	-1	80	-1	-1	2	1	109	235	0	0	0	5	5	8	-1	-1	-1	-1	-1	-1	-1	-1	-1				
241	"Conquer the Dungeon! (6)"	0	0																										
0	15	2	1	1	91	91	1700	0	-1	-1	-1	-1	0	0	0	1	0	0	0	0	0	0	0	0	0	0	0	0	0
1	8	-1	-1	80	-1	-1	2	1	109	235	0	0	0	4	13	8	-1	-1	-1	-1	-1	-1	-1	-1	-1				
242	"Conquer the Dungeon! (6)"	0	0																										
0	15	2	1	1	91	91	1700	0	-1	-1	-1	-1	0	0	0	0	0	0	1	0	0	0	0	0	0	0	0	0	0
1	8	-1	-1	80	-1	-1	2	1	109	235	0	0	0	5	16	8	-1	-1	-1	-1	-1	-1	-1	-1	-1				
243	"Scout Unit Mission (1)"	0	0																										
0	15	2	1	1	161	161	1700	0	-1	-1	-1	-1	0	0	1	0	0	0	0	0	0	0	0	0	0	0	0	0	0
1	8	-1	-1	80	-1	-1	29	4	211	96	0	0	0	10	34	7	-1	-1	-1	-1	-1	-1	-1	-1	-1				
244	"Scout Unit Mission (1)"	0	0																										
0	15	2	1	1	161	161	1700	0	-1	-1	-1	-1	0	1	0	0	0	0	0	0	0	0	0	0	0	0	0	0	0
1	8	-1	-1	80	-1	-1	29	4	211	96	0	0	0	10	35	7	-1	-1	-1	-1	-1	-1	-1	-1	-1				
245	"Scout Unit Mission (1)"	0	0																										
0	15	2	1	1	161	161	1700	0	-1	-1	-1	-1	0	0	0	1	0	0	0	0	0	0	0	0	0	0	0	0	0
1	8	-1	-1	80	-1	-1	29	4	211	96	0	0	0	10	36	7	-1	-1	-1	-1	-1	-1	-1	-1	-1				
246	"Scout Unit Mission (1)"	0	0																										
0	15	2	1	1	161	161	1700	0	-1	-1	-1	-1	0	0	0	0	0	0	1	0	0	0	0	0	0	0	0	0	0
1	8	-1	-1	80	-1	-1	29	4	211	96	0	0	0	10	41	7	-1	-1	-1	-1	-1	-1	-1	-1	-1				
247	"Scout Unit Mission (2)"	0	0																										
0	15	2	1	1	161	161	1700	0	-1	-1	-1	-1	0	0	1	0	0	0	0	0	0	0	0	0	0	0	0	0	0
1	8	-1	-1	80	-1	-1	29	4	211	96	0	0	0	11	34	7	-1	-1	-1	-1	-1	-1	-1	-1	-1				
248	"Scout Unit Mission (2)"	0	0																										
0	15	2	1	1	161	161	1700	0	-1	-1	-1	-1	0	1	0	0	0	0	0	0	0	0	0	0	0	0	0	0	0
1	8	-1	-1	80	-1	-1	29	4	211	96	0	0	0	11	35	7	-1	-1	-1	-1	-1	-1	-1	-1	-1				
249	"Scout Unit Mission (2)"	0	0																										
0	15	2	1	1	161	161	1700	0	-1	-1	-1	-1	0	0	0	1	0	0	0	0	0	0	0	0	0	0	0	0	0
1	8	-1	-1	80	-1	-1	29	4	211	96	0	0	0	11	36	7	-1	-1	-1	-1	-1	-1	-1	-1	-1				
250	"Scout Unit Mission (2)"	0	0																										
0	15	2	1	1	161	161	1700	0	-1	-1	-1	-1	0	0	0	0	0	0	1	0	0	0	0	0	0	0	0	0	0
1	8	-1	-1	80	-1	-1	29	4	211	96	0	0	0	11	41	7	-1	-1	-1	-1	-1	-1	-1	-1	-1				
251	"Scout Unit Mission (3)"	0	0																										
0	15	2	1	1	161	161	1700	0	-1	-1	-1	-1	0	0	1	0	0	0	0	0	0	0	0	0	0	0	0	0	0
1	8	-1	-1	80	-1	-1	29	4	211	96	0	0	0	7	34	7	9	34	7	-1	-1	-1	-1	-1	-1				
252	"Scout Unit Mission (3)"	0	0																										
0	15	2	1	1	161	161	1700	0	-1	-1	-1	-1	0	1	0	0	0	0	0	0	0	0	0	0	0	0	0	0	0
1	8	-1	-1	80	-1	-1	29	4	211	96	0	0	0	7	35	7	9	35	7	-1	-1	-1	-1	-1	-1				
253	"Scout Unit Mission (3)"	0	0																										
0	15	2	1	1	161	161	1700	0	-1	-1	-1	-1	0	0	0	1	0	0	0	0	0	0	0	0	0	0	0	0	0
1	8	-1	-1	80	-1	-1	29	4	211	96	0	0	0	7	36	7	9	36	7	-1	-1	-1	-1	-1	-1				
254	"Scout Unit Mission (3)"	0	0																										
0	15	2	1	1	161	161	1700	0	-1	-1	-1	-1	0	0	0	0	0	0	1	0	0	0	0	0	0	0	0	0	0
1	8	-1	-1	80	-1	-1	29	4	211	96	0	0	0	7	41	7	9	41	7	-1	-1	-1	-1	-1	-1				
255	"Scout Unit Mission (4)"	0	0																										
0	15	2	1	1	161	161	1700	0	-1	-1	-1	-1	0	0	1	0	0	0	0	0	0	0	0	0	0	0	0	0	0
1	8	-1	-1	80	-1	-1	29	4	211	96	0	0	0	8	34	7	2	6	4	-1	-1	-1	-1	-1	-1				
256	"Scout Unit Mission (4)"	0	0																										
0	15	2	1	1	161	161	1700	0	-1	-1	-1	-1	0	1	0	0	0	0	0	0	0	0	0	0	0	0	0	0	0
1	8	-1	-1	80	-1	-1	29	4	211	96	0	0	0	8	35	7	2	6	4	-1	-1	-1	-1	-1	-1				
257	"Scout Unit Mission (4)"	0	0																										
0	15	2	1	1	161	161	1700	0	-1	-1	-1	-1	0	0	0	1	0	0	0	0	0	0	0	0	0	0	0	0	0
1	8	-1	-1	80	-1	-1	29	4	211	96	0	0	0	8	36	7	2	6	4	-1	-1	-1	-1	-1	-1				
258	"Scout Unit Mission (4)"	0	0																										
0	15	2	1	1	161	161	1700	0	-1	-1	-1	-1	0	0	0	0	0	0	1	0	0	0	0	0	0	0	0	0	0
1	8	-1	-1	80	-1	-1	29	4	211	96	0	0	0	8	41	7	2	6	4	-1	-1	-1	-1	-1	-1				
259	"Conquer Atlans! (1)"	0	0																										
0	15	2	1	1	186	186	1700	0	-1	-1	-1	-1	0	0	1	0	0	0	0	0	0	0	0	0	0	0	0	0	0
1	8	-1	-1	80	-1	-1	49	7	23	44	0	0	0	10	34	8	-1	-1	-1	-1	-1	-1	-1	-1	-1				
260	"Conquer Atlans! (1)"	0	0																										
0	15	2	1	1	186	186	1700	0	-1	-1	-1	-1	0	1	0	0	0	0	0	0	0	0	0	0	0	0	0	0	0
1	8	-1	-1	80	-1	-1	49	7	23	44	0	0	0	10	35	8	-1	-1	-1	-1	-1	-1	-1	-1	-1				
261	"Conquer Atlans! (1)"	0	0																										
0	15	2	1	1	186	186	1700	0	-1	-1	-1	-1	0	0	0	1	0	0	0	0	0	0	0	0	0	0	0	0	0
1	8	-1	-1	80	-1	-1	49	7	23	44	0	0	0	10	36	8	-1	-1	-1	-1	-1	-1	-1	-1	-1				
262	"Conquer Atlans! (1)"	0	0																										
0	15	2	1	1	186	186	1700	0	-1	-1	-1	-1	0	0	0	0	0	0	1	0	0	0	0	0	0	0	0	0	0
1	8	-1	-1	80	-1	-1	49	7	23	44	0	0	0	10	41	8	-1	-1	-1	-1	-1	-1	-1	-1	-1				
263	"Conquer Atlans! (2)"	0	0																										
0	15	2	1	1	186	186	1700	0	-1	-1	-1	-1	0	0	1	0	0	0	0	0	0	0	0	0	0	0	0	0	0
1	8	-1	-1	80	-1	-1	49	7	23	44	0	0	0	11	34	8	-1	-1	-1	-1	-1	-1	-1	-1	-1				
264	"Conquer Atlans! (2)"	0	0																										
0	15	2	1	1	186	186	1700	0	-1	-1	-1	-1	0	1	0	0	0	0	0	0	0	0	0	0	0	0	0	0	0
1	8	-1	-1	80	-1	-1	49	7	23	44	0	0	0	11	35	8	-1	-1	-1	-1	-1	-1	-1	-1	-1				
265	"Conquer Atlans! (2)"	0	0																										
0	15	2	1	1	186	186	1700	0	-1	-1	-1	-1	0	0	0	1	0	0	0	0	0	0	0	0	0	0	0	0	0
1	8	-1	-1	80	-1	-1	49	7	23	44	0	0	0	11	36	8	-1	-1	-1	-1	-1	-1	-1	-1	-1				
266	"Conquer Atlans! (2)"	0	0																										
0	15	2	1	1	186	186	1700	0	-1	-1	-1	-1	0	0	0	0	0	0	1	0	0	0	0	0	0	0	0	0	0
1	8	-1	-1	80	-1	-1	49	7	23	44	0	0	0	11	41	8	-1	-1	-1	-1	-1	-1	-1	-1	-1				
267	"Conquer Atlans! (3)"	0	0																										
0	15	2	1	1	186	186	1700	0	-1	-1	-1	-1	0	0	1	0	0	0	0	0	0	0	0	0	0	0	0	0	0
1	8	-1	-1	80	-1	-1	49	7	23	44	0	0	0	7	34	8	-1	-1	-1	-1	-1	-1	-1	-1	-1				
268	"Conquer Atlans! (3)"	0	0																										
0	15	2	1	1	186	186	1700	0	-1	-1	-1	-1	0	1	0	0	0	0	0	0	0	0	0	0	0	0	0	0	0
1	8	-1	-1	80	-1	-1	49	7	23	44	0	0	0	7	35	8	-1	-1	-1	-1	-1	-1	-1	-1	-1				
269	"Conquer Atlans! (3)"	0	0																										
0	15	2	1	1	186	186	1700	0	-1	-1	-1	-1	0	0	0	1	0	0	0	0	0	0	0	0	0	0	0	0	0
1	8	-1	-1	80	-1	-1	49	7	23	44	0	0	0	7	36	8	-1	-1	-1	-1	-1	-1	-1	-1	-1				
270	"Conquer Atlans! (3)"	0	0																										
0	15	2	1	1	186	186	1700	0	-1	-1	-1	-1	0	0	0	0	0	0	1	0	0	0	0	0	0	0	0	0	0
1	8	-1	-1	80	-1	-1	49	7	23	44	0	0	0	7	41	8	-1	-1	-1	-1	-1	-1	-1	-1	-1				
271	"Conquer Atlans! (4)"	0	0
0	15	2	1	1	186	186	1700	0	-1	-1	-1	-1	0	0	1	0	0	0	0	0	0	0	0	0	0	0	0	0	0
1	8	-1	-1	80	-1	-1	49	7	23	44	0	0	0	9	34	8	-1	-1	-1	-1	-1	-1	-1	-1	-1				
272	"Conquer Atlans! (4)"	0	0
0	15	2	1	1	186	186	1700	0	-1	-1	-1	-1	0	1	0	0	0	0	0	0	0	0	0	0	0	0	0	0	0
1	8	-1	-1	80	-1	-1	49	7	23	44	0	0	0	9	35	8	-1	-1	-1	-1	-1	-1	-1	-1	-1				
273	"Conquer Atlans! (4)"	0	0
0	15	2	1	1	186	186	1700	0	-1	-1	-1	-1	0	0	0	1	0	0	0	0	0	0	0	0	0	0	0	0	0
1	8	-1	-1	80	-1	-1	49	7	23	44	0	0	0	9	36	8	-1	-1	-1	-1	-1	-1	-1	-1	-1				
274	"Conquer Atlans! (4)"	0	0
0	15	2	1	1	186	186	1700	0	-1	-1	-1	-1	0	0	0	0	0	0	1	0	0	0	0	0	0	0	0	0	0
1	8	-1	-1	80	-1	-1	49	7	23	44	0	0	0	9	41	8	-1	-1	-1	-1	-1	-1	-1	-1	-1				
275	"Conquer Atlans! (5)"	0	0
0	15	2	1	1	186	186	1700	0	-1	-1	-1	-1	0	0	1	0	0	0	0	0	0	0	0	0	0	0	0	0	0
1	8	-1	-1	80	-1	-1	49	7	23	44	0	0	0	8	34	8	-1	-1	-1	-1	-1	-1	-1	-1	-1				
276	"Conquer Atlans! (5)"	0	0
0	15	2	1	1	186	186	1700	0	-1	-1	-1	-1	0	1	0	0	0	0	0	0	0	0	0	0	0	0	0	0	0
1	8	-1	-1	80	-1	-1	49	7	23	44	0	0	0	8	35	8	-1	-1	-1	-1	-1	-1	-1	-1	-1				
277	"Conquer Atlans! (5)"	0	0
0	15	2	1	1	186	186	1700	0	-1	-1	-1	-1	0	0	0	1	0	0	0	0	0	0	0	0	0	0	0	0	0
1	8	-1	-1	80	-1	-1	49	7	23	44	0	0	0	8	36	8	-1	-1	-1	-1	-1	-1	-1	-1	-1				
278	"Conquer Atlans! (5)"	0	0
0	15	2	1	1	186	186	1700	0	-1	-1	-1	-1	0	0	0	0	0	0	1	0	0	0	0	0	0	0	0	0	0
1	8	-1	-1	80	-1	-1	49	7	23	44	0	0	0	8	41	8	-1	-1	-1	-1	-1	-1	-1	-1	-1				
279	"Conquer Atlans! (6)"	0	0
0	15	2	1	1	186	186	1700	0	-1	-1	-1	-1	0	0	1	0	0	0	0	0	0	0	0	0	0	0	0	0	0
1	8	-1	-1	80	-1	-1	49	7	23	44	0	0	0	2	5	7	-1	-1	-1	-1	-1	-1	-1	-1	-1				
280	"Conquer Atlans! (6)"	0	0
0	15	2	1	1	186	186	1700	0	-1	-1	-1	-1	0	1	0	0	0	0	0	0	0	0	0	0	0	0	0	0	0
1	8	-1	-1	80	-1	-1	49	7	23	44	0	0	0	5	5	8	-1	-1	-1	-1	-1	-1	-1	-1	-1				
281	"Conquer Atlans! (6)"	0	0
0	15	2	1	1	186	186	1700	0	-1	-1	-1	-1	0	0	0	1	0	0	0	0	0	0	0	0	0	0	0	0	0
1	8	-1	-1	80	-1	-1	49	7	23	44	0	0	0	4	14	7	-1	-1	-1	-1	-1	-1	-1	-1	-1				
282	"Conquer Atlans! (6)"	0	0
0	15	2	1	1	186	186	1700	0	-1	-1	-1	-1	0	0	0	0	0	0	1	0	0	0	0	0	0	0	0	0	0
1	8	-1	-1	80	-1	-1	49	7	23	44	0	0	0	5	16	8	-1	-1	-1	-1	-1	-1	-1	-1	-1				
283	"Conquer the Dungeon! (1)"	0	0
0	15	2	1	1	91	91	1700	0	-1	-1	-1	-1	0	0	0	0	0	0	0	0	0	0	1	0	0	0	0	0	0
1	8	-1	-1	80	-1	-1	2	1	109	235	0	0	0	10	176	8	-1	-1	-1	-1	-1	-1	-1	-1	-1				
284	"Conquer the Dungeon! (2)"	0	0
0	15	2	1	1	91	91	1700	0	-1	-1	-1	-1	0	0	0	0	0	0	0	0	0	0	1	0	0	0	0	0	0
1	8	-1	-1	80	-1	-1	2	1	109	235	0	0	0	11	176	8	-1	-1	-1	-1	-1	-1	-1	-1	-1				
285	"Conquer the Dungeon! (3)"	0	0
0	15	2	1	1	91	91	1700	0	-1	-1	-1	-1	0	0	0	0	0	0	0	0	0	0	1	0	0	0	0	0	0
1	8	-1	-1	80	-1	-1	2	1	109	235	0	0	0	7	176	8	-1	-1	-1	-1	-1	-1	-1	-1	-1				
286	"Conquer the Dungeon! (4)"	0	0
0	15	2	1	1	91	91	1700	0	-1	-1	-1	-1	0	0	0	0	0	0	0	0	0	0	1	0	0	0	0	0	0
1	8	-1	-1	80	-1	-1	2	1	109	235	0	0	0	9	176	8	-1	-1	-1	-1	-1	-1	-1	-1	-1				
287	"Conquer the Dungeon! (5)"	0	0
0	15	2	1	1	91	91	1700	0	-1	-1	-1	-1	0	0	0	0	0	0	0	0	0	0	1	0	0	0	0	0	0
1	8	-1	-1	80	-1	-1	2	1	109	235	0	0	0	8	176	8	-1	-1	-1	-1	-1	-1	-1	-1	-1				
288	"Conquer the Dungeon! (6)"	0	0
0	15	2	1	1	91	91	1700	0	-1	-1	-1	-1	0	0	0	0	0	0	0	0	0	0	1	0	0	0	0	0	0
1	8	-1	-1	80	-1	-1	2	1	109	235	0	0	0	0	67	8	-1	-1	-1	-1	-1	-1	-1	-1	-1				
289	"Scout Unit Mission (1)"	0	0
0	15	2	1	1	161	161	1700	0	-1	-1	-1	-1	0	0	0	0	0	0	0	0	0	0	1	0	0	0	0	0	0
1	8	-1	-1	80	-1	-1	29	4	211	96	0	0	0	10	177	7	-1	-1	-1	-1	-1	-1	-1	-1	-1				
290	"Scout Unit Mission (2)"	0	0
0	15	2	1	1	161	161	1700	0	-1	-1	-1	-1	0	0	0	0	0	0	0	0	0	0	1	0	0	0	0	0	0
1	8	-1	-1	80	-1	-1	29	4	211	96	0	0	0	11	177	7	-1	-1	-1	-1	-1	-1	-1	-1	-1				
291	"Scout Unit Mission (3)"	0	0
0	15	2	1	1	161	161	1700	0	-1	-1	-1	-1	0	0	0	0	0	0	0	0	0	0	1	0	0	0	0	0	0
1	8	-1	-1	80	-1	-1	29	4	211	96	0	0	0	7	177	7	9	177	7	-1	-1	-1	-1	-1	-1				
292	"Scout Unit Mission (4)"	0	0
0	15	2	1	1	161	161	1700	0	-1	-1	-1	-1	0	0	0	0	0	0	0	0	0	0	1	0	0	0	0	0	0
1	8	-1	-1	80	-1	-1	29	4	211	96	0	0	0	8	177	7	2	6	4	-1	-1	-1	-1	-1	-1				
293	"Conquer Atlans! (1)"	0	0
0	15	2	1	1	186	186	1700	0	-1	-1	-1	-1	0	0	0	0	0	0	0	0	0	0	1	0	0	0	0	0	0
1	8	-1	-1	80	-1	-1	49	7	23	44	0	0	0	10	177	8	-1	-1	-1	-1	-1	-1	-1	-1	-1				
294	"Conquer Atlans! (2)"	0	0
0	15	2	1	1	186	186	1700	0	-1	-1	-1	-1	0	0	0	0	0	0	0	0	0	0	1	0	0	0	0	0	0
1	8	-1	-1	80	-1	-1	49	7	23	44	0	0	0	11	177	8	-1	-1	-1	-1	-1	-1	-1	-1	-1				
295	"Conquer Atlans! (3)"	0	0
0	15	2	1	1	186	186	1700	0	-1	-1	-1	-1	0	0	0	0	0	0	0	0	0	0	1	0	0	0	0	0	0
1	8	-1	-1	80	-1	-1	49	7	23	44	0	0	0	7	177	8	-1	-1	-1	-1	-1	-1	-1	-1	-1				
296	"Conquer Atlans! (4)"	0	0
0	15	2	1	1	186	186	1700	0	-1	-1	-1	-1	0	0	0	0	0	0	0	0	0	0	1	0	0	0	0	0	0
1	8	-1	-1	80	-1	-1	49	7	23	44	0	0	0	9	177	8	-1	-1	-1	-1	-1	-1	-1	-1	-1				
297	"Conquer Atlans! (5)"	0	0
0	15	2	1	1	186	186	1700	0	-1	-1	-1	-1	0	0	0	0	0	0	0	0	0	0	1	0	0	0	0	0	0
1	8	-1	-1	80	-1	-1	49	7	23	44	0	0	0	8	177	8	-1	-1	-1	-1	-1	-1	-1	-1	-1				
298	"Conquer Atlans! (6)"	0	0
0	15	2	1	1	186	186	1700	0	-1	-1	-1	-1	0	0	0	0	0	0	0	0	0	0	1	0	0	0	0	0	0
1	8	-1	-1	80	-1	-1	49	7	23	44	0	0	0	0	68	7	-1	-1	-1	-1	-1	-1	-1	-1	-1				
299	"Conquer the Dungeon! (1)"	0	0
0	15	2	1	1	91	91	1700	0	-1	-1	-1	-1	0	0	0	0	0	0	0	0	0	0	0	1	0	0	0	0	0
1	8	-1	-1	80	-1	-1	2	1	109	235	0	0	0	10	208	8	-1	-1	-1	-1	-1	-1	-1	-1	-1				
300	"Conquer the Dungeon! (2)"	0	0
0	15	2	1	1	91	91	1700	0	-1	-1	-1	-1	0	0	0	0	0	0	0	0	0	0	0	1	0	0	0	0	0
1	8	-1	-1	80	-1	-1	2	1	109	235	0	0	0	11	208	8	-1	-1	-1	-1	-1	-1	-1	-1	-1
301	"Conquer the Dungeon! (3)"	0	0
0	15	2	1	1	91	91	1700	0	-1	-1	-1	-1	0	0	0	0	0	0	0	0	0	0	0	1	0	0	0	0	0
1	8	-1	-1	80	-1	-1	2	1	109	235	0	0	0	7	208	8	-1	-1	-1	-1	-1	-1	-1	-1	-1				
302	"Conquer the Dungeon! (4)"	0	0
0	15	2	1	1	91	91	1700	0	-1	-1	-1	-1	0	0	0	0	0	0	0	0	0	0	0	1	0	0	0	0	0
1	8	-1	-1	80	-1	-1	2	1	109	235	0	0	0	9	208	8	-1	-1	-1	-1	-1	-1	-1	-1	-1				
303	"Conquer the Dungeon! (5)"	0	0
0	15	2	1	1	91	91	1700	0	-1	-1	-1	-1	0	0	0	0	0	0	0	0	0	0	0	1	0	0	0	0	0
1	8	-1	-1	80	-1	-1	2	1	109	235	0	0	0	8	208	8	-1	-1	-1	-1	-1	-1	-1	-1	-1				
304	"Conquer the Dungeon! (6)"	0	0
0	15	2	1	1	91	91	1700	0	-1	-1	-1	-1	0	0	0	0	0	0	0	0	0	0	0	1	0	0	0	0	0
1	8	-1	-1	80	-1	-1	2	1	109	235	0	0	0	4	42	8	-1	-1	-1	-1	-1	-1	-1	-1	-1				
305	"Scout Unit Mission (1)"	0	0
0	15	2	1	1	161	161	1700	0	-1	-1	-1	-1	0	0	0	0	0	0	0	0	0	0	0	1	0	0	0	0	0
1	8	-1	-1	80	-1	-1	29	4	211	96	0	0	0	10	209	7	-1	-1	-1	-1	-1	-1	-1	-1	-1				
306	"Scout Unit Mission (2)"	0	0
0	15	2	1	1	161	161	1700	0	-1	-1	-1	-1	0	0	0	0	0	0	0	0	0	0	0	1	0	0	0	0	0
1	8	-1	-1	80	-1	-1	29	4	211	96	0	0	0	11	209	7	-1	-1	-1	-1	-1	-1	-1	-1	-1				
307	"Scout Unit Mission (3)"	0	0
0	15	2	1	1	161	161	1700	0	-1	-1	-1	-1	0	0	0	0	0	0	0	0	0	0	0	1	0	0	0	0	0
1	8	-1	-1	80	-1	-1	29	4	211	96	0	0	0	7	209	7	9	209	7	-1	-1	-1	-1	-1	-1				
308	"Scout Unit Mission (4)"	0	0
0	15	2	1	1	161	161	1700	0	-1	-1	-1	-1	0	0	0	0	0	0	0	0	0	0	0	1	0	0	0	0	0
1	8	-1	-1	80	-1	-1	29	4	211	96	0	0	0	8	209	7	2	6	4	-1	-1	-1	-1	-1	-1				
309	"Conquer Atlans! (1)"	0	0
0	15	2	1	1	186	186	1700	0	-1	-1	-1	-1	0	0	0	0	0	0	0	0	0	0	0	1	0	0	0	0	0
1	8	-1	-1	80	-1	-1	49	7	23	44	0	0	0	10	209	8	-1	-1	-1	-1	-1	-1	-1	-1	-1				
310	"Conquer Atlans! (2)"	0	0
0	15	2	1	1	186	186	1700	0	-1	-1	-1	-1	0	0	0	0	0	0	0	0	0	0	0	1	0	0	0	0	0
1	8	-1	-1	80	-1	-1	49	7	23	44	0	0	0	11	209	8	-1	-1	-1	-1	-1	-1	-1	-1	-1				
311	"Conquer Atlans! (3)"	0	0
0	15	2	1	1	186	186	1700	0	-1	-1	-1	-1	0	0	0	0	0	0	0	0	0	0	0	1	0	0	0	0	0
1	8	-1	-1	80	-1	-1	49	7	23	44	0	0	0	7	209	8	-1	-1	-1	-1	-1	-1	-1	-1	-1				
312	"Conquer Atlans! (4)"	0	0
0	15	2	1	1	186	186	1700	0	-1	-1	-1	-1	0	0	0	0	0	0	0	0	0	0	0	1	0	0	0	0	0
1	8	-1	-1	80	-1	-1	49	7	23	44	0	0	0	9	209	8	-1	-1	-1	-1	-1	-1	-1	-1	-1				
313	"Conquer Atlans! (5)"	0	0
0	15	2	1	1	186	186	1700	0	-1	-1	-1	-1	0	0	0	0	0	0	0	0	0	0	0	1	0	0	0	0	0
1	8	-1	-1	80	-1	-1	49	7	23	44	0	0	0	8	209	8	-1	-1	-1	-1	-1	-1	-1	-1	-1				
314	"Conquer Atlans! (6)"	0	0
0	15	2	1	1	186	186	1700	0	-1	-1	-1	-1	0	0	0	0	0	0	0	0	0	0	0	1	0	0	0	0	0
1	8	-1	-1	80	-1	-1	49	7	23	44	0	0	0	4	43	7	-1	-1	-1	-1	-1	-1	-1	-1	-1				
315	"Conquer the Dungeon! (1)"	0	0
0	15	2	1	1	91	91	1700	0	-1	-1	-1	-1	0	0	0	0	0	0	0	0	0	0	0	0	1	0	0	0	0
1	8	-1	-1	80	-1	-1	2	1	109	235	0	0	0	10	237	8	-1	-1	-1	-1	-1	-1	-1	-1	-1				
316	"Conquer the Dungeon! (2)"	0	0
0	15	2	1	1	91	91	1700	0	-1	-1	-1	-1	0	0	0	0	0	0	0	0	0	0	0	0	1	0	0	0	0
1	8	-1	-1	80	-1	-1	2	1	109	235	0	0	0	11	237	8	-1	-1	-1	-1	-1	-1	-1	-1	-1				
317	"Conquer the Dungeon! (3)"	0	0
0	15	2	1	1	91	91	1700	0	-1	-1	-1	-1	0	0	0	0	0	0	0	0	0	0	0	0	1	0	0	0	0
1	8	-1	-1	80	-1	-1	2	1	109	235	0	0	0	7	237	8	-1	-1	-1	-1	-1	-1	-1	-1	-1				
318	"Conquer the Dungeon! (4)"	0	0
0	15	2	1	1	91	91	1700	0	-1	-1	-1	-1	0	0	0	0	0	0	0	0	0	0	0	0	1	0	0	0	0
1	8	-1	-1	80	-1	-1	2	1	109	235	0	0	0	9	237	8	-1	-1	-1	-1	-1	-1	-1	-1	-1				
319	"Conquer the Dungeon! (5)"	0	0
0	15	2	1	1	91	91	1700	0	-1	-1	-1	-1	0	0	0	0	0	0	0	0	0	0	0	0	1	0	0	0	0
1	8	-1	-1	80	-1	-1	2	1	109	235	0	0	0	8	237	8	-1	-1	-1	-1	-1	-1	-1	-1	-1				
320	"Conquer the Dungeon! (6)"	0	0
0	15	2	1	1	91	91	1700	0	-1	-1	-1	-1	0	0	0	0	0	0	0	0	0	0	0	0	1	0	0	0	0
1	8	-1	-1	80	-1	-1	2	1	109	235	0	0	0	5	5	8	-1	-1	-1	-1	-1	-1	-1	-1	-1
321	"Scout Unit Mission (1)"	0	0
0	15	2	1	1	161	161	1700	0	-1	-1	-1	-1	0	0	0	0	0	0	0	0	0	0	0	0	1	0	0	0	0
1	8	-1	-1	80	-1	-1	29	4	211	96	0	0	0	10	238	7	-1	-1	-1	-1	-1	-1	-1	-1	-1				
322	"Scout Unit Mission (2)"	0	0
0	15	2	1	1	161	161	1700	0	-1	-1	-1	-1	0	0	0	0	0	0	0	0	0	0	0	0	1	0	0	0	0
1	8	-1	-1	80	-1	-1	29	4	211	96	0	0	0	11	238	7	-1	-1	-1	-1	-1	-1	-1	-1	-1				
323	"Scout Unit Mission (3)"	0	0
0	15	2	1	1	161	161	1700	0	-1	-1	-1	-1	0	0	0	0	0	0	0	0	0	0	0	0	1	0	0	0	0
1	8	-1	-1	80	-1	-1	29	4	211	96	0	0	0	7	238	7	9	238	7	-1	-1	-1	-1	-1	-1				
324	"Scout Unit Mission (4)"	0	0
0	15	2	1	1	161	161	1700	0	-1	-1	-1	-1	0	0	0	0	0	0	0	0	0	0	0	0	1	0	0	0	0
1	8	-1	-1	80	-1	-1	29	4	211	96	0	0	0	8	238	7	2	6	4	-1	-1	-1	-1	-1	-1				
325	"Conquer Atlans! (1)"	0	0
0	15	2	1	1	186	186	1700	0	-1	-1	-1	-1	0	0	0	0	0	0	0	0	0	0	0	0	1	0	0	0	0
1	8	-1	-1	80	-1	-1	49	7	23	44	0	0	0	10	238	8	-1	-1	-1	-1	-1	-1	-1	-1	-1				
326	"Conquer Atlans! (2)"	0	0
0	15	2	1	1	186	186	1700	0	-1	-1	-1	-1	0	0	0	0	0	0	0	0	0	0	0	0	1	0	0	0	0
1	8	-1	-1	80	-1	-1	49	7	23	44	0	0	0	11	238	8	-1	-1	-1	-1	-1	-1	-1	-1	-1				
327	"Conquer Atlans! (3)"	0	0
0	15	2	1	1	186	186	1700	0	-1	-1	-1	-1	0	0	0	0	0	0	0	0	0	0	0	0	1	0	0	0	0
1	8	-1	-1	80	-1	-1	49	7	23	44	0	0	0	7	238	8	-1	-1	-1	-1	-1	-1	-1	-1	-1				
328	"Conquer Atlans! (4)"	0	0
0	15	2	1	1	186	186	1700	0	-1	-1	-1	-1	0	0	0	0	0	0	0	0	0	0	0	0	1	0	0	0	0
1	8	-1	-1	80	-1	-1	49	7	23	44	0	0	0	9	238	8	-1	-1	-1	-1	-1	-1	-1	-1	-1				
329	"Conquer Atlans! (5)"	0	0
0	15	2	1	1	186	186	1700	0	-1	-1	-1	-1	0	0	0	0	0	0	0	0	0	0	0	0	1	0	0	0	0
1	8	-1	-1	80	-1	-1	49	7	23	44	0	0	0	8	238	8	-1	-1	-1	-1	-1	-1	-1	-1	-1				
330	"Conquer Atlans! (6)"	0	0
0	15	2	1	1	186	186	1700	0	-1	-1	-1	-1	0	0	0	0	0	0	0	0	0	0	0	0	1	0	0	0	0
1	8	-1	-1	80	-1	-1	49	7	23	44	0	0	0	5	6	7	-1	-1	-1	-1	-1	-1	-1	-1	-1				
331	"Conquer the Dungeon! (1)"	0	0
0	15	2	1	1	91	91	1700	0	-1	-1	-1	-1	0	0	0	0	0	0	0	0	0	0	0	0	0	1	0	0	0
1	8	-1	-1	80	-1	-1	2	1	109	235	0	0	0	10	254	8	-1	-1	-1	-1	-1	-1	-1	-1	-1				
332	"Conquer the Dungeon! (2)"	0	0
0	15	2	1	1	91	91	1700	0	-1	-1	-1	-1	0	0	0	0	0	0	0	0	0	0	0	0	0	1	0	0	0
1	8	-1	-1	80	-1	-1	2	1	109	235	0	0	0	11	254	8	-1	-1	-1	-1	-1	-1	-1	-1	-1				
333	"Conquer the Dungeon! (3)"	0	0
0	15	2	1	1	91	91	1700	0	-1	-1	-1	-1	0	0	0	0	0	0	0	0	0	0	0	0	0	1	0	0	0
1	8	-1	-1	80	-1	-1	2	1	109	235	0	0	0	7	254	8	-1	-1	-1	-1	-1	-1	-1	-1	-1				
334	"Conquer the Dungeon! (4)"	0	0
0	15	2	1	1	91	91	1700	0	-1	-1	-1	-1	0	0	0	0	0	0	0	0	0	0	0	0	0	1	0	0	0
1	8	-1	-1	80	-1	-1	2	1	109	235	0	0	0	9	254	8	-1	-1	-1	-1	-1	-1	-1	-1	-1				
335	"Conquer the Dungeon! (5)"	0	0
0	15	2	1	1	91	91	1700	0	-1	-1	-1	-1	0	0	0	0	0	0	0	0	0	0	0	0	0	1	0	0	0
1	8	-1	-1	80	-1	-1	2	1	109	235	0	0	0	8	254	8	-1	-1	-1	-1	-1	-1	-1	-1	-1				
336	"Conquer the Dungeon! (6)"	0	0
0	15	2	1	1	91	91	1700	0	-1	-1	-1	-1	0	0	0	0	0	0	0	0	0	0	0	0	0	1	0	0	0
1	8	-1	-1	80	-1	-1	2	1	109	235	0	0	0	5	82	8	-1	-1	-1	-1	-1	-1	-1	-1	-1				
337	"Scout Unit Mission (1)"	0	0
0	15	2	1	1	161	161	1700	0	-1	-1	-1	-1	0	0	0	0	0	0	0	0	0	0	0	0	0	1	0	0	0
1	8	-1	-1	80	-1	-1	29	4	211	96	0	0	0	10	256	7	-1	-1	-1	-1	-1	-1	-1	-1	-1				
338	"Scout Unit Mission (2)"	0	0
0	15	2	1	1	161	161	1700	0	-1	-1	-1	-1	0	0	0	0	0	0	0	0	0	0	0	0	0	1	0	0	0
1	8	-1	-1	80	-1	-1	29	4	211	96	0	0	0	11	256	7	-1	-1	-1	-1	-1	-1	-1	-1	-1				
339	"Scout Unit Mission (3)"	0	0
0	15	2	1	1	161	161	1700	0	-1	-1	-1	-1	0	0	0	0	0	0	0	0	0	0	0	0	0	1	0	0	0
1	8	-1	-1	80	-1	-1	29	4	211	96	0	0	0	7	256	7	9	256	7	-1	-1	-1	-1	-1	-1				
340	"Scout Unit Mission (4)"	0	0
0	15	2	1	1	161	161	1700	0	-1	-1	-1	-1	0	0	0	0	0	0	0	0	0	0	0	0	0	1	0	0	0
1	8	-1	-1	80	-1	-1	29	4	211	96	0	0	0	8	256	7	2	6	4	-1	-1	-1	-1	-1	-1				
341	"Conquer Atlans! (1)"	0	0
0	15	2	1	1	186	186	1700	0	-1	-1	-1	-1	0	0	0	0	0	0	0	0	0	0	0	0	0	1	0	0	0
1	8	-1	-1	80	-1	-1	49	7	23	44	0	0	0	10	256	8	-1	-1	-1	-1	-1	-1	-1	-1	-1				
342	"Conquer Atlans! (2)"	0	0
0	15	2	1	1	186	186	1700	0	-1	-1	-1	-1	0	0	0	0	0	0	0	0	0	0	0	0	0	1	0	0	0
1	8	-1	-1	80	-1	-1	49	7	23	44	0	0	0	11	256	8	-1	-1	-1	-1	-1	-1	-1	-1	-1				
343	"Conquer Atlans! (3)"	0	0
0	15	2	1	1	186	186	1700	0	-1	-1	-1	-1	0	0	0	0	0	0	0	0	0	0	0	0	0	1	0	0	0
1	8	-1	-1	80	-1	-1	49	7	23	44	0	0	0	7	256	8	-1	-1	-1	-1	-1	-1	-1	-1	-1				
344	"Conquer Atlans! (4)"	0	0
0	15	2	1	1	186	186	1700	0	-1	-1	-1	-1	0	0	0	0	0	0	0	0	0	0	0	0	0	1	0	0	0
1	8	-1	-1	80	-1	-1	49	7	23	44	0	0	0	9	256	8	-1	-1	-1	-1	-1	-1	-1	-1	-1				
345	"Conquer Atlans! (5)"	0	0
0	15	2	1	1	186	186	1700	0	-1	-1	-1	-1	0	0	0	0	0	0	0	0	0	0	0	0	0	1	0	0	0
1	8	-1	-1	80	-1	-1	49	7	23	44	0	0	0	8	256	8	-1	-1	-1	-1	-1	-1	-1	-1	-1				
346	"Conquer Atlans! (6)"	0	0
0	15	2	1	1	186	186	1700	0	-1	-1	-1	-1	0	0	0	0	0	0	0	0	0	0	0	0	0	1	0	0	0
1	8	-1	-1	80	-1	-1	49	7	23	44	0	0	0	5	83	7	-1	-1	-1	-1	-1	-1	-1	-1	-1				
347	"Conquer the Dungeon! (1)"	0	0
0	15	2	1	1	91	91	1700	0	-1	-1	-1	-1	0	0	0	0	0	0	0	0	0	1	0	0	0	0	0	0	0
1	8	-1	-1	80	-1	-1	2	1	109	235	0	0	0	10	118	8	-1	-1	-1	-1	-1	-1	-1	-1	-1				
348	"Conquer the Dungeon! (2)"	0	0
0	15	2	1	1	91	91	1700	0	-1	-1	-1	-1	0	0	0	0	0	0	0	0	0	1	0	0	0	0	0	0	0
1	8	-1	-1	80	-1	-1	2	1	109	235	0	0	0	11	118	8	-1	-1	-1	-1	-1	-1	-1	-1	-1				
349	"Conquer the Dungeon! (3)"	0	0
0	15	2	1	1	91	91	1700	0	-1	-1	-1	-1	0	0	0	0	0	0	0	0	0	1	0	0	0	0	0	0	0
1	8	-1	-1	80	-1	-1	2	1	109	235	0	0	0	7	118	8	-1	-1	-1	-1	-1	-1	-1	-1	-1				
350	"Conquer the Dungeon! (4)"	0	0
0	15	2	1	1	91	91	1700	0	-1	-1	-1	-1	0	0	0	0	0	0	0	0	0	1	0	0	0	0	0	0	0
1	8	-1	-1	80	-1	-1	2	1	109	235	0	0	0	9	118	8	-1	-1	-1	-1	-1	-1	-1	-1	-1
351	"Conquer the Dungeon! (5)"	0	0																										
0	15	2	1	1	91	91	1700	0	-1	-1	-1	-1	0	0	0	0	0	0	0	0	0	1	0	0	0	0	0	0	0
1	8	-1	-1	80	-1	-1	2	1	109	235	0	0	0	8	118	8	-1	-1	-1	-1	-1	-1	-1	-1	-1				
352	"Conquer the Dungeon! (6)"	0	0																										
0	15	2	1	1	91	91	1700	0	-1	-1	-1	-1	0	0	0	0	0	0	0	0	0	1	0	0	0	0	0	0	0
1	8	-1	-1	80	-1	-1	2	1	109	235	0	0	0	2	28	8	-1	-1	-1	-1	-1	-1	-1	-1	-1				
353	"Scout Unit Mission (1)"	0	0																										
0	15	2	1	1	161	161	1700	0	-1	-1	-1	-1	0	0	0	0	0	0	0	0	0	1	0	0	0	0	0	0	0
1	8	-1	-1	80	-1	-1	29	4	211	96	0	0	0	10	119	7	-1	-1	-1	-1	-1	-1	-1	-1	-1				
354	"Scout Unit Mission (2)"	0	0																										
0	15	2	1	1	161	161	1700	0	-1	-1	-1	-1	0	0	0	0	0	0	0	0	0	1	0	0	0	0	0	0	0
1	8	-1	-1	80	-1	-1	29	4	211	96	0	0	0	11	119	7	-1	-1	-1	-1	-1	-1	-1	-1	-1				
355	"Scout Unit Mission (3)"	0	0																										
0	15	2	1	1	161	161	1700	0	-1	-1	-1	-1	0	0	0	0	0	0	0	0	0	1	0	0	0	0	0	0	0
1	8	-1	-1	80	-1	-1	29	4	211	96	0	0	0	7	119	7	9	119	7	-1	-1	-1	-1	-1	-1				
356	"Scout Unit Mission (4)"	0	0																										
0	15	2	1	1	161	161	1700	0	-1	-1	-1	-1	0	0	0	0	0	0	0	0	0	1	0	0	0	0	0	0	0
1	8	-1	-1	80	-1	-1	29	4	211	96	0	0	0	8	119	7	2	6	4	-1	-1	-1	-1	-1	-1				
357	"Conquer Atlans! (1)"	0	0																										
0	15	2	1	1	186	186	1700	0	-1	-1	-1	-1	0	0	0	0	0	0	0	0	0	1	0	0	0	0	0	0	0
1	8	-1	-1	80	-1	-1	49	7	23	44	0	0	0	10	119	8	-1	-1	-1	-1	-1	-1	-1	-1	-1				
358	"Conquer Atlans! (2)"	0	0																										
0	15	2	1	1	186	186	1700	0	-1	-1	-1	-1	0	0	0	0	0	0	0	0	0	1	0	0	0	0	0	0	0
1	8	-1	-1	80	-1	-1	49	7	23	44	0	0	0	11	119	8	-1	-1	-1	-1	-1	-1	-1	-1	-1				
359	"Conquer Atlans! (3)"	0	0																										
0	15	2	1	1	186	186	1700	0	-1	-1	-1	-1	0	0	0	0	0	0	0	0	0	1	0	0	0	0	0	0	0
1	8	-1	-1	80	-1	-1	49	7	23	44	0	0	0	7	119	8	-1	-1	-1	-1	-1	-1	-1	-1	-1				
360	"Conquer Atlans! (4)"	0	0																										
0	15	2	1	1	186	186	1700	0	-1	-1	-1	-1	0	0	0	0	0	0	0	0	0	1	0	0	0	0	0	0	0
1	8	-1	-1	80	-1	-1	49	7	23	44	0	0	0	9	119	8	-1	-1	-1	-1	-1	-1	-1	-1	-1				
361	"Conquer Atlans! (5)"	0	0																										
0	15	2	1	1	186	186	1700	0	-1	-1	-1	-1	0	0	0	0	0	0	0	0	0	1	0	0	0	0	0	0	0
1	8	-1	-1	80	-1	-1	49	7	23	44	0	0	0	8	119	8	-1	-1	-1	-1	-1	-1	-1	-1	-1				
362	"Conquer Atlans! (6)"	0	0																										
0	15	2	1	1	186	186	1700	0	-1	-1	-1	-1	0	0	0	0	0	0	0	0	0	1	0	0	0	0	0	0	0
1	8	-1	-1	80	-1	-1	49	7	23	44	0	0	0	2	29	7	-1	-1	-1	-1	-1	-1	-1	-1	-1				
363	"Conquer the Dungeon! (1)"	0	0																										
0	15	2	1	1	91	91	1700	0	-1	-1	-1	-1	0	0	0	0	0	0	0	0	0	0	0	0	0	0	1	0	0
1	8	-1	-1	80	-1	-1	2	1	109	235	0	0	0	10	302	8	-1	-1	-1	-1	-1	-1	-1	-1	-1				
364	"Conquer the Dungeon! (2)"	0	0																										
0	15	2	1	1	91	91	1700	0	-1	-1	-1	-1	0	0	0	0	0	0	0	0	0	0	0	0	0	0	1	0	0
1	8	-1	-1	80	-1	-1	2	1	109	235	0	0	0	11	302	8	-1	-1	-1	-1	-1	-1	-1	-1	-1				
365	"Conquer the Dungeon! (3)"	0	0																										
0	15	2	1	1	91	91	1700	0	-1	-1	-1	-1	0	0	0	0	0	0	0	0	0	0	0	0	0	0	1	0	0
1	8	-1	-1	80	-1	-1	2	1	109	235	0	0	0	7	302	8	-1	-1	-1	-1	-1	-1	-1	-1	-1				
366	"Conquer the Dungeon! (4)"	0	0																										
0	15	2	1	1	91	91	1700	0	-1	-1	-1	-1	0	0	0	0	0	0	0	0	0	0	0	0	0	0	1	0	0
1	8	-1	-1	80	-1	-1	2	1	109	235	0	0	0	9	302	8	-1	-1	-1	-1	-1	-1	-1	-1	-1				
367	"Conquer the Dungeon! (5)"	0	0																										
0	15	2	1	1	91	91	1700	0	-1	-1	-1	-1	0	0	0	0	0	0	0	0	0	0	0	0	0	0	1	0	0
1	8	-1	-1	80	-1	-1	2	1	109	235	0	0	0	8	302	8	-1	-1	-1	-1	-1	-1	-1	-1	-1				
368	"Conquer the Dungeon! (6)"	0	0																										
0	15	2	1	1	91	91	1700	0	-1	-1	-1	-1	0	0	0	0	0	0	0	0	0	0	0	0	0	0	1	0	0
1	8	-1	-1	80	-1	-1	2	1	109	235	0	0	0	0	101	8	-1	-1	-1	-1	-1	-1	-1	-1	-1				
369	"Scout Unit Mission (1)"	0	0																										
0	15	2	1	1	161	161	1700	0	-1	-1	-1	-1	0	0	0	0	0	0	0	0	0	0	0	0	0	0	1	0	0
1	8	-1	-1	80	-1	-1	29	4	211	96	0	0	0	10	303	7	-1	-1	-1	-1	-1	-1	-1	-1	-1				
370	"Scout Unit Mission (2)"	0	0																										
0	15	2	1	1	161	161	1700	0	-1	-1	-1	-1	0	0	0	0	0	0	0	0	0	0	0	0	0	0	1	0	0
1	8	-1	-1	80	-1	-1	29	4	211	96	0	0	0	11	303	7	-1	-1	-1	-1	-1	-1	-1	-1	-1				
371	"Scout Unit Mission (3)"	0	0																										
0	15	2	1	1	161	161	1700	0	-1	-1	-1	-1	0	0	0	0	0	0	0	0	0	0	0	0	0	0	1	0	0
1	8	-1	-1	80	-1	-1	29	4	211	96	0	0	0	7	303	7	9	303	7	-1	-1	-1	-1	-1	-1				
372	"Scout Unit Mission (4)"	0	0																										
0	15	2	1	1	161	161	1700	0	-1	-1	-1	-1	0	0	0	0	0	0	0	0	0	0	0	0	0	0	1	0	0
1	8	-1	-1	80	-1	-1	29	4	211	96	0	0	0	8	303	7	2	6	4	-1	-1	-1	-1	-1	-1				
373	"Conquer Atlans! (1)"	0	0																										
0	15	2	1	1	186	186	1700	0	-1	-1	-1	-1	0	0	0	0	0	0	0	0	0	0	0	0	0	0	1	0	0
1	8	-1	-1	80	-1	-1	49	7	23	44	00	0	0	10	303	8	-1	-1	-1	-1	-1	-1	-1	-1	-1				
374	"Conquer Atlans! (2)"	0	0																										
0	15	2	1	1	186	186	1700	0	-1	-1	-1	-1	0	0	0	0	0	0	0	0	0	0	0	0	0	0	1	0	0
1	8	-1	-1	80	-1	-1	49	7	23	44	0	0	0	11	303	8	-1	-1	-1	-1	-1	-1	-1	-1	-1				
375	"Conquer Atlans! (3)"	0	0																										
0	15	2	1	1	186	186	1700	0	-1	-1	-1	-1	0	0	0	0	0	0	0	0	0	0	0	0	0	0	1	0	0
1	8	-1	-1	80	-1	-1	49	7	23	44	0	0	0	7	303	8	-1	-1	-1	-1	-1	-1	-1	-1	-1				
376	"Conquer Atlans! (4)"	0	0																										
0	15	2	1	1	186	186	1700	0	-1	-1	-1	-1	0	0	0	0	0	0	0	0	0	0	0	0	0	0	1	0	0
1	8	-1	-1	80	-1	-1	49	7	23	44	0	0	0	9	303	8	-1	-1	-1	-1	-1	-1	-1	-1	-1				
377	"Conquer Atlans! (5)"	0	0																										
0	15	2	1	1	186	186	1700	0	-1	-1	-1	-1	0	0	0	0	0	0	0	0	0	0	0	0	0	0	1	0	0
1	8	-1	-1	80	-1	-1	49	7	23	44	0	0	0	8	303	8	-1	-1	-1	-1	-1	-1	-1	-1	-1				
378	"Conquer Atlans! (6)"	0	0																										
0	15	2	1	1	186	186	1700	0	-1	-1	-1	-1	0	0	0	0	0	0	0	0	0	0	0	0	0	0	1	0	0
1	8	-1	-1	80	-1	-1	49	7	23	44	0	0	0	0	102	7	-1	-1	-1	-1	-1	-1	-1	-1	-1				
379	"Conquer the Dungeon! (1)"	0	0																										
0	15	2	1	1	91	91	1700	0	-1	-1	-1	-1	0	0	0	0	0	0	0	0	0	0	0	0	0	0	0	1	0
1	8	-1	-1	80	-1	-1	2	1	109	235	0	0	0	10	337	8	-1	-1	-1	-1	-1	-1	-1	-1	-1				
380	"Conquer the Dungeon! (2)"	0	0																										
0	15	2	1	1	91	91	1700	0	-1	-1	-1	-1	0	0	0	0	0	0	0	0	0	0	0	0	0	0	0	1	0
1	8	-1	-1	80	-1	-1	2	1	109	235	0	0	0	11	337	8	-1	-1	-1	-1	-1	-1	-1	-1	-1				
381	"Conquer the Dungeon! (3)"	0	0																										
0	15	2	1	1	91	91	1700	0	-1	-1	-1	-1	0	0	0	0	0	0	0	0	0	0	0	0	0	0	0	1	0
1	8	-1	-1	80	-1	-1	2	1	109	235	0	0	0	7	337	8	-1	-1	-1	-1	-1	-1	-1	-1	-1				
382	"Conquer the Dungeon! (4)"	0	0																										
0	15	2	1	1	91	91	1700	0	-1	-1	-1	-1	0	0	0	0	0	0	0	0	0	0	0	0	0	0	0	1	0
1	8	-1	-1	80	-1	-1	2	1	109	235	0	0	0	9	337	8	-1	-1	-1	-1	-1	-1	-1	-1	-1				
383	"Conquer the Dungeon! (5)"	0	0																										
0	15	2	1	1	91	91	1700	0	-1	-1	-1	-1	0	0	0	0	0	0	0	0	0	0	0	0	0	0	0	1	0
1	8	-1	-1	80	-1	-1	2	1	109	235	0	0	0	8	337	8	-1	-1	-1	-1	-1	-1	-1	-1	-1				
384	"Conquer the Dungeon! (6)"	0	0																										
0	15	2	1	1	91	91	1700	0	-1	-1	-1	-1	0	0	0	0	0	0	0	0	0	0	0	0	0	0	0	1	0
1	8	-1	-1	80	-1	-1	2	1	109	235	0	0	0	5	110	8	-1	-1	-1	-1	-1	-1	-1	-1	-1				
385	"Scout Unit Mission (1)"	0	0																										
0	15	2	1	1	161	161	1700	0	-1	-1	-1	-1	0	0	0	0	0	0	0	0	0	0	0	0	0	0	0	1	0
1	8	-1	-1	80	-1	-1	29	4	211	96	0	0	0	10	338	7	-1	-1	-1	-1	-1	-1	-1	-1	-1				
386	"Scout Unit Mission (2)"	0	0																										
0	15	2	1	1	161	161	1700	0	-1	-1	-1	-1	0	0	0	0	0	0	0	0	0	0	0	0	0	0	0	1	0
1	8	-1	-1	80	-1	-1	29	4	211	96	0	0	0	11	338	7	-1	-1	-1	-1	-1	-1	-1	-1	-1				
387	"Scout Unit Mission (3)"	0	0																										
0	15	2	1	1	161	161	1700	0	-1	-1	-1	-1	0	0	0	0	0	0	0	0	0	0	0	0	0	0	0	1	0
1	8	-1	-1	80	-1	-1	29	4	211	96	0	0	0	7	338	7	9	338	7	-1	-1	-1	-1	-1	-1				
388	"Scout Unit Mission (4)"	0	0																										
0	15	2	1	1	161	161	1700	0	-1	-1	-1	-1	0	0	0	0	0	0	0	0	0	0	0	0	0	0	0	1	0
1	8	-1	-1	80	-1	-1	29	4	211	96	0	0	0	8	338	7	2	6	4	-1	-1	-1	-1	-1	-1				
389	"Conquer Atlans! (1)"	0	0																										
0	15	2	1	1	186	186	1700	0	-1	-1	-1	-1	0	0	0	0	0	0	0	0	0	0	0	0	0	0	0	1	0
1	8	-1	-1	80	-1	-1	49	7	23	44	0	0	0	10	338	8	-1	-1	-1	-1	-1	-1	-1	-1	-1				
390	"Conquer Atlans! (2)"	0	0																										
0	15	2	1	1	186	186	1700	0	-1	-1	-1	-1	0	0	0	0	0	0	0	0	0	0	0	0	0	0	0	1	0
1	8	-1	-1	80	-1	-1	49	7	23	44	0	0	0	11	338	8	-1	-1	-1	-1	-1	-1	-1	-1	-1
391	"Conquer Atlans! (3)"	0	0																										
0	15	2	1	1	186	186	1700	0	-1	-1	-1	-1	0	0	0	0	0	0	0	0	0	0	0	0	0	0	0	1	0
1	8	-1	-1	80	-1	-1	49	7	23	44	0	0	0	7	338	8	-1	-1	-1	-1	-1	-1	-1	-1	-1				
392	"Conquer Atlans! (4)"	0	0																										
0	15	2	1	1	186	186	1700	0	-1	-1	-1	-1	0	0	0	0	0	0	0	0	0	0	0	0	0	0	0	1	0
1	8	-1	-1	80	-1	-1	49	7	23	44	0	0	0	9	338	8	-1	-1	-1	-1	-1	-1	-1	-1	-1				
393	"Conquer Atlans! (5)"	0	0																										
0	15	2	1	1	186	186	1700	0	-1	-1	-1	-1	0	0	0	0	0	0	0	0	0	0	0	0	0	0	0	1	0
1	8	-1	-1	80	-1	-1	49	7	23	44	0	0	0	8	338	8	-1	-1	-1	-1	-1	-1	-1	-1	-1				
394	"Conquer Atlans! (6)"	0	0																										
0	15	2	1	1	186	186	1700	0	-1	-1	-1	-1	0	0	0	0	0	0	0	0	0	0	0	0	0	0	0	1	0
1	8	-1	-1	80	-1	-1	49	7	23	44	0	0	0	5	111	7	-1	-1	-1	-1	-1	-1	-1	-1	-1				
395	"Conquer the Dungeon! (1)"	0	0																										
0	15	2	1	1	91	91	1700	0	-1	-1	-1	-1	0	0	0	0	0	0	0	0	0	0	0	0	0	0	0	0	1
1	8	-1	-1	80	-1	-1	2	1	109	235	0	0	0	10	391	8	-1	-1	-1	-1	-1	-1	-1	-1	-1				
396	"Conquer the Dungeon! (2)"	0	0																										
0	15	2	1	1	91	91	1700	0	-1	-1	-1	-1	0	0	0	0	0	0	0	0	0	0	0	0	0	0	0	0	1
1	8	-1	-1	80	-1	-1	2	1	109	235	0	0	0	11	391	8	-1	-1	-1	-1	-1	-1	-1	-1	-1				
397	"Conquer the Dungeon! (3)"	0	0																										
0	15	2	1	1	91	91	1700	0	-1	-1	-1	-1	0	0	0	0	0	0	0	0	0	0	0	0	0	0	0	0	1
1	8	-1	-1	80	-1	-1	2	1	109	235	0	0	0	7	391	8	-1	-1	-1	-1	-1	-1	-1	-1	-1				
398	"Conquer the Dungeon! (4)"	0	0																										
0	15	2	1	1	91	91	1700	0	-1	-1	-1	-1	0	0	0	0	0	0	0	0	0	0	0	0	0	0	0	0	1
1	8	-1	-1	80	-1	-1	2	1	109	235	0	0	0	9	391	8	-1	-1	-1	-1	-1	-1	-1	-1	-1				
399	"Conquer the Dungeon! (5)"	0	0																										
0	15	2	1	1	91	91	1700	0	-1	-1	-1	-1	0	0	0	0	0	0	0	0	0	0	0	0	0	0	0	0	1
1	8	-1	-1	80	-1	-1	2	1	109	235	0	0	0	8	391	8	-1	-1	-1	-1	-1	-1	-1	-1	-1				
600	"Conquer the Dungeon! (6)"	0	0																										
0	15	2	1	1	91	91	1700	0	-1	-1	-1	-1	0	0	0	0	0	0	0	0	0	0	0	0	0	0	0	0	1
1	8	-1	-1	80	-1	-1	2	1	109	235	0	0	0	2	54	8	-1	-1	-1	-1	-1	-1	-1	-1	-1				
601	"Scout Unit Mission (1)"	0	0																										
0	15	2	1	1	161	161	1700	0	-1	-1	-1	-1	0	0	0	0	0	0	0	0	0	0	0	0	0	0	0	0	1
1	8	-1	-1	80	-1	-1	29	4	211	96	0	0	0	10	392	7	-1	-1	-1	-1	-1	-1	-1	-1	-1				
602	"Scout Unit Mission (2)"	0	0																										
0	15	2	1	1	161	161	1700	0	-1	-1	-1	-1	0	0	0	0	0	0	0	0	0	0	0	0	0	0	0	0	1
1	8	-1	-1	80	-1	-1	29	4	211	96	0	0	0	11	392	7	-1	-1	-1	-1	-1	-1	-1	-1	-1				
603	"Scout Unit Mission (3)"	0	0																										
0	15	2	1	1	161	161	1700	0	-1	-1	-1	-1	0	0	0	0	0	0	0	0	0	0	0	0	0	0	0	0	1
1	8	-1	-1	80	-1	-1	29	4	211	96	0	0	0	7	392	7	9	392	7	-1	-1	-1	-1	-1	-1				
604	"Scout Unit Mission (4)"	0	0																										
0	15	2	1	1	161	161	1700	0	-1	-1	-1	-1	0	0	0	0	0	0	0	0	0	0	0	0	0	0	0	0	1
1	8	-1	-1	80	-1	-1	29	4	211	96	0	0	0	8	392	7	2	6	4	-1	-1	-1	-1	-1	-1				
605	"Conquer Atlans! (1)"	0	0																										
0	15	2	1	1	186	186	1700	0	-1	-1	-1	-1	0	0	0	0	0	0	0	0	0	0	0	0	0	0	0	0	1
1	8	-1	-1	80	-1	-1	49	7	23	44	0	0	0	10	392	8	-1	-1	-1	-1	-1	-1	-1	-1	-1				
606	"Conquer Atlans! (2)"	0	0																										
0	15	2	1	1	186	186	1700	0	-1	-1	-1	-1	0	0	0	0	0	0	0	0	0	0	0	0	0	0	0	0	1
1	8	-1	-1	80	-1	-1	49	7	23	44	0	0	0	11	392	8	-1	-1	-1	-1	-1	-1	-1	-1	-1				
607	"Conquer Atlans! (3)"	0	0																										
0	15	2	1	1	186	186	1700	0	-1	-1	-1	-1	0	0	0	0	0	0	0	0	0	0	0	0	0	0	0	0	1
1	8	-1	-1	80	-1	-1	49	7	23	44	0	0	0	7	392	8	-1	-1	-1	-1	-1	-1	-1	-1	-1				
608	"Conquer Atlans! (4)"	0	0																										
0	15	2	1	1	186	186	1700	0	-1	-1	-1	-1	0	0	0	0	0	0	0	0	0	0	0	0	0	0	0	0	1
1	8	-1	-1	80	-1	-1	49	7	23	44	0	0	0	9	392	8	-1	-1	-1	-1	-1	-1	-1	-1	-1				
609	"Conquer Atlans! (5)"	0	0																										
0	15	2	1	1	186	186	1700	0	-1	-1	-1	-1	0	0	0	0	0	0	0	0	0	0	0	0	0	0	0	0	1
1	8	-1	-1	80	-1	-1	49	7	23	44	0	0	0	8	392	8	-1	-1	-1	-1	-1	-1	-1	-1	-1				
610	"Conquer Atlans! (6)"	0	0																										
0	15	2	1	1	186	186	1700	0	-1	-1	-1	-1	0	0	0	0	0	0	0	0	0	0	0	0	0	0	0	0	1
1	8	-1	-1	80	-1	-1	49	7	23	44	0	0	0	2	55	7	-1	-1	-1	-1	-1	-1	-1	-1	-1
400	"Gens Duprian¡¯s Request"	0	0																										
0	16	2	1	1	150	150	1700	0	-1	-1	-1	1	0	1	1	1	1	1	1	1	1	1	1	1	1	1	1	1	1
1	5	-1	-1	-1	-1	-1	17	0	145	128	85	100	0	-1	-1	-1	-1	-1	-1	-1	-1	-1	-1	-1	-1				
401	"Bepar¡¯s Rampage"	2	0																										
0	16	2	1	2	543	150	219	-1	-1	-1	-1	1	0	1	1	1	1	1	1	1	1	1	1	1	1	1	1	1	1
1	2	46	-1	50	-1	-1	49	7	33	70	100000	0	5	14	35	3	-1	-1	-1	-1	-1	-1	-1	-1	-1				
402	"Eliminate the Marauder Silver Valkyrie"	2	0																										
0	17	2	1	2	543	150	219	-1	-1	-1	-1	1	0	1	1	1	1	1	1	1	1	1	1	1	1	1	1	1	1
1	2	52	-1	50	-1	-1	75	7	78	145	150000	0	5	14	35	3	-1	-1	-1	-1	-1	-1	-1	-1	-1				
403	"Eliminate the Spreading Destry"	2	0																										
0	16	2	1	2	543	220	249	-1	-1	-1	-1	1	0	1	1	1	1	1	1	1	1	1	1	1	1	1	1	1	1
1	2	308	-1	50	-1	-1	119	33	140	21	200000	0	5	14	35	3	-1	-1	-1	-1	-1	-1	-1	-1	-1				
404	"Rebels of the Forest"	2	0																										
0	17	2	1	2	543	220	249	-1	-1	-1	-1	1	0	1	1	1	1	1	1	1	1	1	1	1	1	1	1	1	1
1	2	306	-1	50	-1	-1	119	33	212	60	250000	0	5	14	35	3	-1	-1	-1	-1	-1	-1	-1	-1	-1				
405	"Drive out the Splinter Wolf"	2	0																										
0	16	2	1	2	543	250	299	-1	-1	-1	-1	1	0	1	1	1	1	1	1	1	1	1	1	1	1	1	1	1	1
1	2	351	-1	50	-1	-1	138	37	51	231	300000	0	5	14	36	3	-1	-1	-1	-1	-1	-1	-1	-1	-1				
406	"Hunt down the elusive Iron Rider"	2	0																										
0	17	2	1	2	543	250	299	-1	-1	-1	-1	1	0	1	1	1	1	1	1	1	1	1	1	1	1	1	1	1	1
1	2	352	-1	50	-1	-1	138	37	197	194	350000	0	5	14	36	3	-1	-1	-1	-1	-1	-1	-1	-1	-1				
407	"Eliminate the Blood Assassin"	0	0																										
0	16	2	1	2	543	300	379	-1	-1	-1	-1	1	0	1	1	1	1	1	1	1	1	1	1	1	1	1	1	1	1
1	2	486	-1	50	-1	-1	294	63	174	193	400000	0	5	14	37	3	-1	-1	-1	-1	-1	-1	-1	-1	-1				
408	"Assault of the Burning Lava Giant"	0	0																										
0	17	2	1	2	543	300	379	-1	-1	-1	-1	1	0	1	1	1	1	1	1	1	1	1	1	1	1	1	1	1	1
1	2	489	-1	50	-1	-1	294	63	156	87	450000	0	5	14	37	3	-1	-1	-1	-1	-1	-1	-1	-1	-1				
409	"Eliminate Safi Duo"	2	0																										
0	16	2	1	2	543	400	1700	-1	-1	-1	-1	1	0	1	1	1	1	1	1	1	1	1	1	1	1	1	1	1	1
1	2	442	-1	50	-1	-1	275	56	220	217	450000	0	5	14	37	3	-1	-1	-1	-1	-1	-1	-1	-1	-1				
410	"The one moving in the dark"	2	0																										
0	17	2	1	2	543	400	1700	-1	-1	-1	-1	1	0	1	1	1	1	1	1	1	1	1	1	1	1	1	1	1	1
1	2	448	-1	50	-1	-1	278	56	231	82	500000	0	5	14	37	3	-1	-1	-1	-1	-1	-1	-1	-1	-1				
411	"Gens Vanert¡¯s Request"	0	0																										
0	16	2	1	1	150	150	1700	0	-1	-1	-1	2	0	1	1	1	1	1	1	1	1	1	1	1	1	1	1	1	1
1	5	-1	-1	-1	-1	-1	27	3	168	100	85	100	0	-1	-1	-1	-1	-1	-1	-1	-1	-1	-1	-1	-1				
412	"Bepar¡¯s Rampage"	2	0																										
0	16	2	1	2	544	150	219	-1	-1	-1	-1	2	0	1	1	1	1	1	1	1	1	1	1	1	1	1	1	1	1
1	2	46	-1	50	-1	-1	49	7	33	70	100000	0	5	14	35	3	-1	-1	-1	-1	-1	-1	-1	-1	-1				
413	"Eliminate the Marauder Silver Valkyrie"	2	0																										
0	17	2	1	2	544	150	219	-1	-1	-1	-1	2	0	1	1	1	1	1	1	1	1	1	1	1	1	1	1	1	1
1	2	52	-1	50	-1	-1	75	7	78	145	150000	0	5	14	35	3	-1	-1	-1	-1	-1	-1	-1	-1	-1				
414	"Eliminate the Spreading Destry"	2	0																										
0	16	2	1	2	544	220	249	-1	-1	-1	-1	2	0	1	1	1	1	1	1	1	1	1	1	1	1	1	1	1	1
1	2	308	-1	50	-1	-1	119	33	140	21	200000	0	5	14	35	3	-1	-1	-1	-1	-1	-1	-1	-1	-1				
415	"Rebels of the Forest"	2	0																										
0	17	2	1	2	544	220	249	-1	-1	-1	-1	2	0	1	1	1	1	1	1	1	1	1	1	1	1	1	1	1	1
1	2	306	-1	50	-1	-1	119	33	212	60	250000	0	5	14	35	3	-1	-1	-1	-1	-1	-1	-1	-1	-1				
416	"Drive out the Splinter Wolf"	2	0																										
0	16	2	1	2	544	250	299	-1	-1	-1	-1	2	0	1	1	1	1	1	1	1	1	1	1	1	1	1	1	1	1
1	2	351	-1	50	-1	-1	138	37	51	231	300000	0	5	14	36	3	-1	-1	-1	-1	-1	-1	-1	-1	-1				
417	"Hunt down the elusive Iron Rider"	2	0																										
0	17	2	1	2	544	250	299	-1	-1	-1	-1	2	0	1	1	1	1	1	1	1	1	1	1	1	1	1	1	1	1
1	2	352	-1	50	-1	-1	138	37	197	194	350000	0	5	14	36	3	-1	-1	-1	-1	-1	-1	-1	-1	-1				
418	"Eliminate the Blood Assassin"	0	0																										
0	16	2	1	2	544	300	379	-1	-1	-1	-1	2	0	1	1	1	1	1	1	1	1	1	1	1	1	1	1	1	1
1	2	486	-1	50	-1	-1	294	63	174	193	400000	0	5	14	37	3	-1	-1	-1	-1	-1	-1	-1	-1	-1				
419	"Assault of the Burning Lava Giant"	0	0																										
0	17	2	1	2	544	300	379	-1	-1	-1	-1	2	0	1	1	1	1	1	1	1	1	1	1	1	1	1	1	1	1
1	2	489	-1	50	-1	-1	294	63	156	87	450000	0	5	14	37	3	-1	-1	-1	-1	-1	-1	-1	-1	-1				
420	"Eliminate Safi Duo"	2	0																										
0	16	2	1	2	544	400	1700	-1	-1	-1	-1	2	0	1	1	1	1	1	1	1	1	1	1	1	1	1	1	1	1
1	2	442	-1	50	-1	-1	278	56	220	217	450000	0	5	14	37	3	-1	-1	-1	-1	-1	-1	-1	-1	-1				
421	"The one moving in the dark"	2	0																										
0	17	2	1	2	544	400	1700	-1	-1	-1	-1	2	0	1	1	1	1	1	1	1	1	1	1	1	1	1	1	1	1
1	2	448	-1	50	-1	-1	278	56	231	82	500000	0	5	14	37	3	-1	-1	-1	-1	-1	-1	-1	-1	-1				
422	"Qualities of a Hero (First)"	0	0																										
0	6	2	1	2	257	400	799	0	-1	-1	-1	-1	0	1	1	1	1	1	1	1	1	1	1	1	1	1	1	1	1
1	16	-1	-1	5	-1	-1	17	0	167	129	0	0	0	-1	-1	-1	-1	-1	-1	-1	-1	-1	-1	-1	-1				
423	"Qualities of a Hero (Second)"	0	0																										
0	6	2	1	2	257	400	799	0	-1	-1	-1	-1	0	1	1	1	1	1	1	1	1	1	1	1	1	1	1	1	1
1	12	-1	-1	1	-1	-1	17	0	167	129	0	0	0	-1	-1	-1	-1	-1	-1	-1	-1	-1	-1	-1	-1				
424	"Qualities of a Hero (Final)"	0	0																										
0	6	2	1	2	257	400	799	-1	422	-1	-1	-1	0	1	1	1	1	1	1	1	1	1	1	1	1	1	1	1	1
1	14	-1	-1	1	-1	-1	17	0	167	129	0	0	0	12	15	1	-1	-1	-1	-1	-1	-1	-1	-1	-1				
425	"Hero¡¯s Courage (First)"	0	0																										
0	6	2	1	2	257	800	899	0	-1	-1	-1	-1	0	1	1	1	1	1	1	1	1	1	1	1	1	1	1	1	1
1	16	-1	-1	10	-1	-1	17	0	167	129	0	0	0	-1	-1	-1	-1	-1	-1	-1	-1	-1	-1	-1	-1				
426	"Hero¡¯s Courage (Second)"	0	0																										
0	6	2	1	2	257	800	899	0	-1	-1	-1	-1	0	1	1	1	1	1	1	1	1	1	1	1	1	1	1	1	1
1	12	-1	-1	1	-1	-1	17	0	167	129	0	0	0	-1	-1	-1	-1	-1	-1	-1	-1	-1	-1	-1	-1				
427	"Hero¡¯s Courage (Final)"	0	0																										
0	6	2	1	2	257	800	899	-1	425	-1	-1	-1	0	1	1	1	1	1	1	1	1	1	1	1	1	1	1	1	1
1	14	-1	-1	1	-1	-1	17	0	167	129	0	0	0	12	15	1	14	42	1	-1	-1	-1	-1	-1	-1				
428	"Hero¡¯s Resolve (First)"	0	0																										
0	6	2	1	2	257	900	1099	0	-1	-1	-1	-1	0	1	1	1	1	1	1	1	1	1	1	1	1	1	1	1	1
1	16	-1	-1	20	-1	-1	17	0	167	129	0	0	0	-1	-1	-1	-1	-1	-1	-1	-1	-1	-1	-1	-1				
429	"Hero¡¯s Resolve (Second)"	0	0																										
0	6	2	1	2	257	900	1099	0	-1	-1	-1	-1	0	1	1	1	1	1	1	1	1	1	1	1	1	1	1	1	1
1	12	-1	-1	1	-1	-1	17	0	167	129	0	0	0	-1	-1	-1	-1	-1	-1	-1	-1	-1	-1	-1	-1				
430	"Hero¡¯s Resolve (Final)"	0	0																										
0	6	2	1	2	257	900	1099	-1	428	-1	-1	-1	0	1	1	1	1	1	1	1	1	1	1	1	1	1	1	1	1
1	14	-1	-1	1	-1	-1	17	0	167	129	0	0	0	12	15	1	14	16	1	-1	-1	-1	-1	-1	-1				
431	"Hero¡¯s Spirit (First)"	0	0																										
0	6	2	1	2	257	1100	1299	0	-1	-1	-1	-1	0	1	1	1	1	1	1	1	1	1	1	1	1	1	1	1	1
1	16	-1	-1	30	-1	-1	17	0	167	129	0	0	0	-1	-1	-1	-1	-1	-1	-1	-1	-1	-1	-1	-1				
432	"Hero¡¯s Spirit (Second)"	0	0																										
0	6	2	1	2	257	1100	1299	0	-1	-1	-1	-1	0	1	1	1	1	1	1	1	1	1	1	1	1	1	1	1	1
1	12	-1	-1	1	-1	-1	17	0	167	129	0	0	0	-1	-1	-1	-1	-1	-1	-1	-1	-1	-1	-1	-1				
433	"Hero¡¯s Spirit (Final)"	0	0																										
0	6	2	1	2	257	1100	1299	6	431	-1	-1	-1	0	1	1	1	1	1	1	1	1	1	1	1	1	1	1	1	1
1	14	-1	-1	1	-1	-1	17	0	167	129	0	0	0	14	14	1	12	15	1	14	42	1	1	-1	-1				
434	"Hero¡¯s Perseverance (First)"	0	0																										
0	6	2	1	2	257	1300	1499	0	-1	-1	-1	-1	0	1	1	1	1	1	1	1	1	1	1	1	1	1	1	1	1
1	10	-1	-1	1	-1	-1	17	0	167	129	0	0	0	-1	-1	-1	-1	-1	-1	-1	-1	-1	-1	-1	-1				
435	"Hero¡¯s Perseverance (Second)"	0	0																										
0	6	2	1	2	257	1300	1499	0	-1	-1	-1	-1	0	1	1	1	1	1	1	1	1	1	1	1	1	1	1	1	1
1	12	-1	-1	1	-1	-1	17	0	167	129	0	0	0	-1	-1	-1	-1	-1	-1	-1	-1	-1	-1	-1	-1				
436	"Hero¡¯s Perseverance (Final)"	0	0																										
0	6	2	1	2	257	1300	1499	6	434	-1	-1	-1	0	1	1	1	1	1	1	1	1	1	1	1	1	1	1	1	1
1	14	-1	-1	1	-1	-1	17	0	167	129	0	0	0	14	14	2	14	16	1	14	42	1	1	-1	-1				
437	"Hero¡¯s Final Trial (First)"	0	0																										
0	6	2	1	2	257	1500	1700	0	-1	-1	-1	-1	0	1	1	1	1	1	1	1	1	1	1	1	1	1	1	1	1
1	10	-1	-1	1	-1	-1	17	0	167	129	0	0	0	-1	-1	-1	-1	-1	-1	-1	-1	-1	-1	-1	-1				
438	"Hero¡¯s Final Trial (Second)"	0	0																										
0	6	2	1	2	257	1500	1700	0	-1	-1	-1	-1	0	1	1	1	1	1	1	1	1	1	1	1	1	1	1	1	1
1	12	-1	-1	1	-1	-1	17	0	167	129	0	0	0	-1	-1	-1	-1	-1	-1	-1	-1	-1	-1	-1	-1				
439	"Hero¡¯s Final Trial (Final)"	0	0																										
0	6	2	1	2	257	1500	1700	6	437	-1	-1	-1	0	1	1	1	1	1	1	1	1	1	1	1	1	1	1	1	1
1	14	-1	-1	1	-1	-1	17	0	167	129	0	0	0	14	13	1	-1	-1	-1	-1	-1	-1	-1	-1	-1				
440	"Spider Hunt!"	0	0																										
0	18	2	1	2	257	1	14	-1	-1	-1	-1	-1	0	1	1	0	1	1	0	1	1	0	1	0	1	1	1	0	0
1	2	3	-1	10	-1	-1	17	0	193	126	2000	2000	0	-1	-1	-1	-1	-1	-1	-1	-1	-1	-1	-1	-1				
441	"Spider Hunt!"	0	0																										
0	18	2	1	2	257	1	14	-1	-1	-1	-1	-1	0	0	0	1	0	0	0	0	0	1	0	0	0	0	0	0	0
1	2	3	-1	10	-1	-1	27	3	164	80	2000	2000	0	-1	-1	-1	-1	-1	-1	-1	-1	-1	-1	-1	-1				
442	"Spider Hunt!"	0	0																										
0	18	2	1	2	257	1	14	-1	-1	-1	-1	-1	0	0	0	0	0	0	1	0	0	0	0	1	0	0	0	1	1
1	2	3	-1	10	-1	-1	267	51	118	222	2000	2000	0	-1	-1	-1	-1	-1	-1	-1	-1	-1	-1	-1	-1				
443	"Deal with the village raiders!"	0	0																										
0	18	2	1	2	257	15	25	-1	-1	-1	-1	-1	0	0	1	0	1	1	0	1	1	0	1	0	1	1	1	0	0
1	2	7	-1	15	-1	-1	17	0	42	52	6000	6000	0	-1	-1	-1	-1	-1	-1	-1	-1	-1	-1	-1	-1				
444	"Deal with the village raiders!"	0	0																										
0	18	2	1	2	257	15	25	-1	-1	-1	-1	-1	0	1	0	0	0	0	0	0	0	0	0	0	0	0	0	0	0
1	2	6	-1	15	-1	-1	17	0	166	225	6000	6000	0	-1	-1	-1	-1	-1	-1	-1	-1	-1	-1	-1	-1				
445	"Deal with the village raiders!"	0	0																										
0	18	2	1	2	257	15	25	-1	-1	-1	-1	-1	0	0	0	1	0	0	0	0	0	1	0	0	0	0	0	0	0
1	2	31	-1	15	-1	-1	27	3	229	224	6000	6000	0	-1	-1	-1	-1	-1	-1	-1	-1	-1	-1	-1	-1				
446	"Deal with the village raiders!"	0	0																										
0	18	2	1	2	257	15	25	-1	-1	-1	-1	-1	0	0	0	0	0	0	1	0	0	0	0	1	0	0	0	1	1
1	2	421	-1	15	-1	-1	267	51	132	212	6000	6000	0	-1	-1	-1	-1	-1	-1	-1	-1	-1	-1	-1	-1				
447	"Take down the raider chief!"	0	0																										
0	18	2	1	2	257	26	35	-1	-1	-1	-1	-1	0	0	1	0	1	1	0	1	1	0	1	0	1	1	1	0	0
1	2	14	-1	20	-1	-1	17	0	118	207	10000	10000	0	-1	-1	-1	-1	-1	-1	-1	-1	-1	-1	-1	-1				
448	"Take down the raider chief!"	0	0																										
0	18	2	1	2	257	26	35	-1	-1	-1	-1	-1	0	1	0	0	0	0	0	0	0	0	0	0	0	0	0	0	0
1	2	7	-1	20	-1	-1	17	0	42	52	10000	10000	0	-1	-1	-1	-1	-1	-1	-1	-1	-1	-1	-1	-1				
449	"Take down the raider chief!"	0	0																										
0	18	2	1	2	257	26	35	-1	-1	-1	-1	-1	0	0	0	1	0	0	0	0	0	1	0	0	0	0	0	0	0
1	2	32	-1	20	-1	-1	27	3	89	196	10000	10000	0	-1	-1	-1	-1	-1	-1	-1	-1	-1	-1	-1	-1				
450	"Take down the raider chief!"	0	0																										
0	18	2	1	2	257	26	35	-1	-1	-1	-1	-1	0	0	0	0	0	0	1	0	0	0	0	1	0	0	0	1	1
1	2	419	-1	20	-1	-1	267	51	142	144	10000	10000	0	-1	-1	-1	-1	-1	-1	-1	-1	-1	-1	-1	-1
451	"Submit the Devias Monster Report!!"	0	0																										
0	18	2	1	2	257	36	45	-1	-1	-1	-1	-1	0	0	1	1	1	1	0	1	1	0	1	0	0	0	0	0	0
1	2	22	-1	25	-1	-1	22	2	166	116	14000	14000	0	-1	-1	-1	-1	-1	-1	-1	-1	-1	-1	-1	-1				
452	"Submit the Devias Monster Report!!"	0	0																										
0	18	2	1	2	257	36	45	-1	-1	-1	-1	-1	0	1	0	0	0	0	1	0	0	1	0	1	1	1	1	1	1
1	2	24	-1	25	-1	-1	22	2	217	87	14000	14000	0	-1	-1	-1	-1	-1	-1	-1	-1	-1	-1	-1	-1				
453	"Major Report Assignment!"	0	0																										
0	18	2	1	2	257	46	55	-1	-1	-1	-1	-1	0	0	1	1	1	1	0	1	1	0	1	0	0	0	0	0	0
1	2	21	-1	30	-1	-1	22	2	122	27	21000	21000	0	-1	-1	-1	-1	-1	-1	-1	-1	-1	-1	-1	-1				
454	"Major Report Assignment!"	0	0																										
0	18	2	1	2	257	46	55	-1	-1	-1	-1	-1	0	1	0	0	0	0	1	0	0	1	0	1	1	1	1	1	1
1	2	22	-1	30	-1	-1	22	2	166	116	21000	21000	0	-1	-1	-1	-1	-1	-1	-1	-1	-1	-1	-1	-1				
455	"Submit Noria¡¯s Report!"	0	0																										
0	18	2	1	2	257	56	65	-1	-1	-1	-1	-1	0	0	1	1	1	1	0	1	1	0	1	0	0	0	0	0	0
1	2	19	-1	30	-1	-1	72	2	114	71	28000	28000	0	-1	-1	-1	-1	-1	-1	-1	-1	-1	-1	-1	-1				
456	"Submit Noria¡¯s Report!"	0	0																										
0	18	2	1	2	257	56	65	-1	-1	-1	-1	-1	0	1	0	0	0	0	1	0	0	1	0	1	1	1	1	1	1
1	2	23	-1	30	-1	-1	22	2	208	118	28000	28000	0	-1	-1	-1	-1	-1	-1	-1	-1	-1	-1	-1	-1				
457	"Adventurer Support!"	0	0																										
0	18	2	1	2	257	66	79	-1	-1	-1	-1	-1	0	0	1	1	1	1	0	1	1	0	1	0	0	0	0	0	0
1	2	17	-1	40	-1	-1	2	1	51	233	36000	36000	0	-1	-1	-1	-1	-1	-1	-1	-1	-1	-1	-1	-1				
458	"Adventurer Support!"	0	0																										
0	18	2	1	2	257	66	79	-1	-1	-1	-1	-1	0	1	0	0	0	0	1	0	0	1	0	1	1	1	1	1	1
1	2	12	-1	40	-1	-1	2	1	84	190	36000	36000	0	-1	-1	-1	-1	-1	-1	-1	-1	-1	-1	-1	-1				
459	"Defense of the Jungle Road!"	0	0																										
0	18	2	1	2	257	80	90	-1	-1	-1	-1	-1	0	0	1	1	1	1	0	1	1	0	1	0	0	0	0	0	0
1	2	423	-1	50	-1	-1	269	51	192	149	38000	38000	0	-1	-1	-1	-1	-1	-1	-1	-1	-1	-1	-1	-1				
460	"Defense of the Jungle Road!"	0	0																										
0	18	2	1	2	257	80	90	-1	-1	-1	-1	-1	0	1	0	0	0	0	1	0	0	1	0	1	1	1	1	1	1
1	2	422	-1	50	-1	-1	268	51	104	54	38000	38000	0	-1	-1	-1	-1	-1	-1	-1	-1	-1	-1	-1	-1				
461	"Adventurer¡¯s Reward Package (1)"	0	0																										
0	18	2	1	2	257	91	100	-1	-1	-1	-1	-1	0	0	1	1	1	1	0	1	1	0	1	0	0	0	0	0	0
1	2	5	-1	50	-1	-1	6	1	175	119	43000	43000	0	-1	-1	-1	-1	-1	-1	-1	-1	-1	-1	-1	-1				
462	"Adventurer¡¯s Reward Package (1)"	0	0																										
0	18	2	1	2	257	91	100	-1	-1	-1	-1	-1	0	1	0	0	0	0	1	0	0	1	0	1	1	1	1	1	1
1	2	17	-1	50	-1	-1	2	1	51	233	43000	43000	0	-1	-1	-1	-1	-1	-1	-1	-1	-1	-1	-1	-1				
463	"Adventurer¡¯s Reward Package (2)"	0	0																										
0	18	2	1	2	257	101	110	-1	-1	-1	-1	-1	0	0	1	1	1	1	0	1	1	0	1	0	0	0	0	0	0
1	2	13	-1	50	-1	-1	6	1	116	75	50000	50000	0	-1	-1	-1	-1	-1	-1	-1	-1	-1	-1	-1	-1				
464	"Adventurer¡¯s Reward Package (2)"	0	0																										
0	18	2	1	2	257	101	110	-1	-1	-1	-1	-1	0	1	0	0	0	0	1	0	0	1	0	1	1	1	1	1	1
1	2	15	-1	50	-1	-1	6	1	131	118	50000	50000	0	-1	-1	-1	-1	-1	-1	-1	-1	-1	-1	-1	-1				
465	"Adventurer¡¯s Reward Package (3)"	0	0																										
0	18	2	1	2	257	111	120	-1	-1	-1	-1	-1	0	0	1	1	1	1	0	1	1	0	1	0	0	0	0	0	0
1	2	9	-1	50	-1	-1	6	1	235	15	54000	54000	0	-1	-1	-1	-1	-1	-1	-1	-1	-1	-1	-1	-1				
466	"Adventurer¡¯s Reward Package (3)"	0	0																										
0	18	2	1	2	257	111	120	-1	-1	-1	-1	-1	0	1	0	0	0	0	1	0	0	1	0	1	1	1	1	1	1
1	2	5	-1	50	-1	-1	6	1	175	119	54000	54000	0	-1	-1	-1	-1	-1	-1	-1	-1	-1	-1	-1	-1				
467	"Adventurer¡¯s Reward Package (4)"	0	0																										
0	18	2	1	2	257	121	130	-1	-1	-1	-1	-1	0	0	1	1	1	1	0	1	1	0	1	0	0	0	0	0	0
1	2	8	-1	50	-1	-1	6	1	117	31	60000	60000	0	-1	-1	-1	-1	-1	-1	-1	-1	-1	-1	-1	-1				
468	"Adventurer¡¯s Reward Package (4)"	0	0																										
0	18	2	1	2	257	121	130	-1	-1	-1	-1	-1	0	1	0	0	0	0	1	0	0	1	0	1	1	1	1	1	1
1	2	13	-1	50	-1	-1	6	1	116	75	60000	60000	0	-1	-1	-1	-1	-1	-1	-1	-1	-1	-1	-1	-1				
469	"Adventurer¡¯s Reward Package (5)"	0	0																										
0	18	2	1	2	257	131	140	-1	-1	-1	-1	-1	0	0	1	1	1	1	0	1	1	0	1	0	0	0	0	0	0
1	2	10	-1	50	-1	-1	14	1	30	116	66000	66000	0	-1	-1	-1	-1	-1	-1	-1	-1	-1	-1	-1	-1				
470	"Adventurer¡¯s Reward Package (5)"	0	0																										
0	18	2	1	2	257	131	140	-1	-1	-1	-1	-1	0	1	0	0	0	0	1	0	0	1	0	1	1	1	1	1	1
1	2	9	-1	50	-1	-1	6	1	235	15	66000	66000	0	-1	-1	-1	-1	-1	-1	-1	-1	-1	-1	-1	-1				
471	"Adventurer¡¯s Reward Package (6)"	0	0																										
0	18	2	1	2	257	141	160	-1	-1	-1	-1	-1	0	0	1	1	1	1	0	1	1	0	1	0	0	0	0	0	0
1	2	8	-1	50	-1	-1	6	1	117	31	72000	72000	0	-1	-1	-1	-1	-1	-1	-1	-1	-1	-1	-1	-1				
472	"Adventurer¡¯s Reward Package (6)"	0	0																										
0	18	2	1	2	257	141	160	-1	-1	-1	-1	-1	0	1	0	0	0	0	1	0	0	1	0	1	1	1	1	1	1
1	2	8	-1	50	-1	-1	6	1	117	31	72000	72000	0	-1	-1	-1	-1	-1	-1	-1	-1	-1	-1	-1	-1				
473	"Urgent Town Request (1)"	0	0																										
0	18	2	1	2	257	161	165	-1	-1	-1	-1	-1	0	0	1	1	1	1	0	1	1	0	1	0	0	0	0	0	0
1	2	36	-1	50	-1	-1	29	4	211	96	80000	80000	0	-1	-1	-1	-1	-1	-1	-1	-1	-1	-1	-1	-1				
474	"Urgent Town Request (1)"	0	0																										
0	18	2	1	2	257	161	165	-1	-1	-1	-1	-1	0	1	0	0	0	0	1	0	0	1	0	1	1	1	1	1	1
1	2	20	-1	50	-1	-1	73	2	53	64	80000	80000	0	-1	-1	-1	-1	-1	-1	-1	-1	-1	-1	-1	-1				
475	"Urgent Town Request (2)"	0	0																										
0	18	2	1	2	257	166	170	-1	-1	-1	-1	-1	0	0	1	1	1	1	0	1	1	0	1	0	0	0	0	0	0
1	2	39	-1	50	-1	-1	29	4	201	35	82000	82000	0	-1	-1	-1	-1	-1	-1	-1	-1	-1	-1	-1	-1				
476	"Urgent Town Request (2)"	0	0																										
0	18	2	1	2	257	166	170	-1	-1	-1	-1	-1	0	1	0	0	0	0	1	0	0	1	0	1	1	1	1	1	1
1	2	424	-1	50	-1	-1	269	51	174	90	82000	82000	0	-1	-1	-1	-1	-1	-1	-1	-1	-1	-1	-1	-1				
477	"Urgent Town Request (3)"	0	0																										
0	18	2	1	2	257	171	179	-1	-1	-1	-1	-1	0	0	1	1	1	1	0	1	1	0	1	0	0	0	0	0	0
1	2	34	-1	50	-1	-1	31	4	212	245	84000	84000	0	-1	-1	-1	-1	-1	-1	-1	-1	-1	-1	-1	-1				
478	"Urgent Town Request (3)"	0	0																										
0	18	2	1	2	257	171	179	-1	-1	-1	-1	-1	0	1	0	0	0	0	1	0	0	1	0	1	1	1	1	1	1
1	2	425	-1	50	-1	-1	269	51	215	43	84000	84000	0	-1	-1	-1	-1	-1	-1	-1	-1	-1	-1	-1	-1				
479	"Urgent Town Request (4)"	0	0																										
0	18	2	1	2	257	180	189	-1	-1	-1	-1	-1	0	0	1	1	1	1	0	1	1	0	1	0	0	0	0	0	0
1	2	41	-1	50	-1	-1	33	4	118	230	95000	95000	0	-1	-1	-1	-1	-1	-1	-1	-1	-1	-1	-1	-1				
480	"Urgent Town Request (4)"	0	0																										
0	18	2	1	2	257	180	189	-1	-1	-1	-1	-1	0	1	0	0	0	0	1	0	0	1	0	1	1	1	1	1	1
1	2	36	-1	50	-1	-1	29	4	211	96	95000	95000	0	-1	-1	-1	-1	-1	-1	-1	-1	-1	-1	-1	-1				
481	"Accelerated Achievement Reward (1)"	0	0																										
0	18	2	1	2	257	190	199	-1	-1	-1	-1	-1	0	0	1	1	1	1	0	1	1	0	1	0	0	0	0	0	0
1	2	37	-1	50	-1	-1	35	4	107	106	110000	110000	0	-1	-1	-1	-1	-1	-1	-1	-1	-1	-1	-1	-1				
482	"Accelerated Achievement Reward (1)"	0	0																										
0	18	2	1	2	257	190	199	-1	-1	-1	-1	-1	0	1	0	0	0	0	1	0	0	1	0	1	1	1	1	1	1
1	2	34	-1	50	-1	-1	31	4	212	245	110000	110000	0	-1	-1	-1	-1	-1	-1	-1	-1	-1	-1	-1	-1				
483	"Accelerated Achievement Reward (2)"	0	0																										
0	18	2	1	2	257	200	209	-1	-1	-1	-1	-1	0	0	1	1	1	1	0	1	1	0	1	0	0	0	0	0	0
1	2	40	-1	50	-1	-1	37	4	115	28	120000	120000	0	-1	-1	-1	-1	-1	-1	-1	-1	-1	-1	-1	-1				
484	"Accelerated Achievement Reward (2)"	0	0																										
0	18	2	1	2	257	200	209	-1	-1	-1	-1	-1	0	1	0	0	0	0	1	0	0	1	0	1	1	1	1	1	1
1	2	41	-1	50	-1	-1	33	4	118	230	120000	120000	0	-1	-1	-1	-1	-1	-1	-1	-1	-1	-1	-1	-1				
485	"Accelerated Achievement Reward (3)"	0	0																										
0	18	2	1	2	257	210	219	-1	-1	-1	-1	-1	0	0	1	1	1	1	0	1	1	0	1	0	0	0	0	0	0
1	2	35	-1	60	-1	-1	39	4	30	33	130000	130000	0	-1	-1	-1	-1	-1	-1	-1	-1	-1	-1	-1	-1				
486	"Accelerated Achievement Reward (3)"	0	0																										
0	18	2	1	2	257	210	219	-1	-1	-1	-1	-1	0	1	0	0	0	0	1	0	0	1	0	1	1	1	1	1	1
1	2	37	-1	60	-1	-1	35	4	107	106	130000	130000	0	-1	-1	-1	-1	-1	-1	-1	-1	-1	-1	-1	-1				
487	"Icarus Entry Voucher - Daily"	0	0																										
0	18	2	1	2	257	220	229	0	-1	-1	-1	-1	0	0	1	1	1	1	0	1	1	0	1	0	0	0	0	0	0
1	2	40	-1	60	-1	-1	37	4	115	28	0	0	0	12	15	1	-1	-1	-1	-1	-1	-1	-1	-1	-1				
488	"Icarus Entry Voucher - Daily"	0	0																										
0	18	2	1	2	257	220	229	0	-1	-1	-1	-1	0	1	0	0	0	0	1	0	0	1	0	1	1	1	1	1	1
1	2	40	-1	60	-1	-1	37	4	115	28	0	0	0	12	15	1	-1	-1	-1	-1	-1	-1	-1	-1	-1				
489	"Icarus Entry Voucher"	0	0																										
0	18	2	1	2	257	220	229	-1	-1	-1	-1	-1	0	0	1	1	1	1	0	1	1	0	1	0	0	0	0	0	0
1	2	40	-1	60	-1	-1	37	4	115	28	140000	140000	0	-1	-1	-1	-1	-1	-1	-1	-1	-1	-1	-1	-1				
490	"Icarus Entry Voucher"	0	0																										
0	18	2	1	2	257	220	229	-1	-1	-1	-1	-1	0	1	0	0	0	0	1	0	0	1	0	1	1	1	1	1	1
1	2	40	-1	60	-1	-1	37	4	115	28	140000	140000	0	-1	-1	-1	-1	-1	-1	-1	-1	-1	-1	-1	-1				
491	"Introduction to Gens Duprian (1) - Daily"	0	0																										
0	18	2	1	2	257	230	234	0	-1	-1	-1	-1	0	1	1	1	1	1	1	1	1	1	1	1	1	1	1	1	1
1	2	62	-1	60	-1	-1	57	8	179	111	0	0	0	12	15	1	-1	-1	-1	-1	-1	-1	-1	-1	-1				
492	"Introduction to Gens Duprian (1)"	0	0																										
0	18	2	1	2	257	230	234	-1	-1	-1	-1	-1	0	1	1	1	1	1	1	1	1	1	1	1	1	1	1	1	1
1	2	62	-1	60	-1	-1	57	8	179	111	150000	150000	0	-1	-1	-1	-1	-1	-1	-1	-1	-1	-1	-1	-1				
493	"Introduction to Gens Duprian (2) - Daily"	0	0																										
0	18	2	1	2	257	235	239	0	-1	-1	-1	-1	0	1	1	1	1	1	1	1	1	1	1	1	1	1	1	1	1
1	2	60	-1	60	-1	-1	57	8	133	93	0	0	0	14	14	1	-1	-1	-1	-1	-1	-1	-1	-1	-1				
494	"Introduction to Gens Duprian (2)"	0	0																										
0	18	2	1	2	257	235	239	-1	-1	-1	-1	-1	0	1	1	1	1	1	1	1	1	1	1	1	1	1	1	1	1
1	2	60	-1	60	-1	-1	57	8	133	93	160000	160000	0	-1	-1	-1	-1	-1	-1	-1	-1	-1	-1	-1	-1				
495	"Introduction to Gens Duprian (3) - Daily"	0	0																										
0	18	2	1	2	257	240	244	0	-1	-1	-1	-1	0	1	1	1	1	1	1	1	1	1	1	1	1	1	1	1	1
1	2	57	-1	60	-1	-1	57	8	60	83	0	0	0	14	14	1	-1	-1	-1	-1	-1	-1	-1	-1	-1				
496	"Introduction to Gens Duprian (3)"	0	0																										
0	18	2	1	2	257	240	244	-1	-1	-1	-1	-1	0	1	1	1	1	1	1	1	1	1	1	1	1	1	1	1	1
1	2	57	-1	60	-1	-1	57	8	60	83	170000	170000	0	-1	-1	-1	-1	-1	-1	-1	-1	-1	-1	-1	-1				
497	"Advance to the Sky Fortress (1) - Daily"	0	0																										
0	18	2	1	2	257	245	249	0	-1	-1	-1	-1	0	1	1	1	1	1	1	1	1	1	1	1	1	1	1	1	1
1	2	69	-1	80	-1	-1	63	10	17	19	0	0	0	14	13	1	-1	-1	-1	-1	-1	-1	-1	-1	-1				
498	"Advance to the Sky Fortress (1)"	0	0																										
0	18	2	1	2	257	245	249	-1	-1	-1	-1	-1	0	1	1	1	1	1	1	1	1	1	1	1	1	1	1	1	1
1	2	69	-1	80	-1	-1	63	10	17	19	180000	180000	0	-1	-1	-1	-1	-1	-1	-1	-1	-1	-1	-1	-1				
499	"Advance to the Sky Fortress (2) - Daily"	0	0																										
0	18	2	1	2	257	250	254	0	-1	-1	-1	-1	0	1	1	1	1	1	1	1	1	1	1	1	1	1	1	1	1
1	2	71	-1	80	-1	-1	63	10	66	75	0	0	0	14	13	1	-1	-1	-1	-1	-1	-1	-1	-1	-1				
500	"Advance to the Sky Fortress (2)"	0	0																										
0	18	2	1	2	257	250	254	-1	-1	-1	-1	-1	0	1	1	1	1	1	1	1	1	1	1	1	1	1	1	1	1
1	2	71	-1	80	-1	-1	63	10	66	75	190000	190000	0	-1	-1	-1	-1	-1	-1	-1	-1	-1	-1	-1	-1
501	"Advance to Sky Fortress (3) ? one-time"	0	0																										
0	18	2	1	2	257	255	259	0	-1	-1	-1	-1	0	1	1	1	1	1	1	1	1	1	1	1	1	1	1	1	1
1	2	70	-1	80	-1	-1	63	10	66	75	0	0	0	14	13	1	-1	-1	-1	-1	-1	-1	-1	-1	-1				
502	"Advance to Sky Fortress (3)"	0	0																										
0	18	2	1	2	257	255	259	-1	-1	-1	-1	-1	0	1	1	1	1	1	1	1	1	1	1	1	1	1	1	1	1
1	2	70	-1	80	-1	-1	63	10	66	75	200000	200000	0	-1	-1	-1	-1	-1	-1	-1	-1	-1	-1	-1	-1				
503	"Kundun¡¯s Watcher (1)"	0	0																										
0	18	2	1	2	257	260	289	0	-1	-1	-1	-1	0	1	1	1	1	1	1	1	1	1	1	1	1	1	1	1	1
1	8	-1	-1	100	-1	-1	57	8	179	111	80000	0	0	-1	-1	-1	-1	-1	-1	-1	-1	-1	-1	-1	-1				
504	"Shadow Phantom Unit¡¯s Request (2)"	0	0																										
0	18	2	1	2	257	260	289	0	-1	-1	-1	-1	0	1	1	1	1	1	1	1	1	1	1	1	1	1	1	1	1
1	1	5	6	1	-1	-1	57	8	179	111	50000	0	0	-1	-1	-1	-1	-1	-1	-1	-1	-1	-1	-1	-1				
505	"Shadow Phantom Unit¡¯s Request (Reward)"	0	0																										
0	18	2	1	2	257	260	289	-1	503	-1	-1	-1	0	1	1	1	1	1	1	1	1	1	1	1	1	1	1	1	1
1	1	13	2	1	-1	-1	57	8	179	111	100000	0	0	-1	-1	215	-1	-1	-1	-1	-1	-1	-1	-1	-1				
506	"Kundun¡¯s Watcher (1)"	0	0																										
0	18	2	1	2	257	290	319	0	-1	-1	-1	-1	0	1	1	1	1	1	1	1	1	1	1	1	1	1	1	1	1
1	8	-1	-1	100	-1	-1	63	10	13	20	100000	0	0	-1	-1	-1	-1	-1	-1	-1	-1	-1	-1	-1	-1				
507	"Shadow Phantom Unit¡¯s Request (2)"	0	0																										
0	18	2	1	2	257	290	319	0	-1	-1	-1	-1	0	1	1	1	1	1	1	1	1	1	1	1	1	1	1	1	1
1	1	0	16	1	-1	-1	63	10	13	20	80000	0	0	-1	-1	-1	-1	-1	-1	-1	-1	-1	-1	-1	-1				
508	"Shadow Phantom Unit¡¯s Request (Reward)"	0	0																										
0	18	2	1	2	257	290	319	-1	506	-1	-1	-1	0	1	1	1	1	1	1	1	1	1	1	1	1	1	1	1	1
1	1	2	5	1	-1	-1	63	10	13	20	120000	0	0	-1	-1	215	-1	-1	-1	-1	-1	-1	-1	-1	-1				
509	"Kundun¡¯s Watcher (1)"	0	0																										
0	18	2	1	2	257	320	349	0	-1	-1	-1	-1	0	1	1	1	1	1	1	1	1	1	1	1	1	1	1	1	1
1	8	-1	-1	100	-1	-1	141	37	206	38	100000	0	0	-1	-1	-1	-1	-1	-1	-1	-1	-1	-1	-1	-1				
510	"Shadow Phantom Unit¡¯s Request (Reward)"	0	0																										
0	18	2	1	2	257	320	349	-1	509	-1	-1	-1	0	1	1	1	1	1	1	1	1	1	1	1	1	1	1	1	1
1	1	5	17	1	-1	-1	141	37	206	38	130000	0	0	-1	-1	215	-1	-1	-1	-1	-1	-1	-1	-1	-1
511	"Existence of the Mercenary Guild (Lv.350?Max)"	0	0																										
0	18	2	1	1	350	350	1700	0	-1	-1	-1	-1	0	1	1	1	1	1	1	1	1	1	1	1	1	1	1	1	1
1	5	-1	-1	-1	-1	-1	22	2	204	59	0	0	0	-1	-1	-1	-1	-1	-1	-1	-1	-1	-1	-1	-1				
512	"Mercenary Guild Office?"	0	0																										
0	18	2	1	2	566	350	1700	0	-1	-1	-1	-1	1000000	1	1	1	1	1	1	1	1	1	1	1	1	1	1	1	1
1	6	-1	-1	-1	-1	-1	22	2	204	59	0	0	0	-1	-1	-1	-1	-1	-1	-1	-1	-1	-1	-1	-1				
513	"Priestess¡¯s Request (Monday)"	0	2																										
0	18	2	1	1	567	350	400	0	-1	-1	-1	-1	0	1	1	1	1	1	1	1	1	1	1	1	1	1	1	1	1
1	5	-1	-1	-1	-1	-1	93	29	9	19	0	0	0	-1	-1	-1	-1	-1	-1	-1	-1	-1	-1	-1	-1				
514	"Priestess¡¯s Commission (Monday)"	0	2																										
0	18	2	1	2	567	350	400	0	-1	-1	-1	-1	0	1	1	1	1	1	1	1	1	1	1	1	1	1	1	1	1
1	6	-1	-1	-1	-1	-1	93	29	9	19	5000	0	0	-1	-1	-1	-1	-1	-1	-1	-1	-1	-1	-1	-1				
515	"Rest of the Hero (Monday)"	0	2																										
0	18	2	1	2	567	350	400	12	513	-1	-1	-1	500000	1	1	1	1	1	1	1	1	1	1	1	1	1	1	1	1
1	8	-1	-1	100	-1	-1	93	29	36	23	1000000	0	0	14	158	1	-1	-1	-1	-1	-1	-1	-1	-1	-1				
516	"Call of Wandering Merchant Gyro -1 (Tuesday)"	0	3																										
0	18	2	1	1	350	350	400	0	-1	-1	-1	-1	0	1	1	1	1	1	1	1	1	1	1	1	1	1	1	1	1
1	5	-1	-1	-1	-1	-1	17	0	131	138	0	0	0	-1	-1	-1	-1	-1	-1	-1	-1	-1	-1	-1	-1				
517	"Call of Wandering Merchant Gyro -2 (Tuesday)"	0	3																										
0	18	2	1	1	350	350	400	0	-1	-1	-1	-1	0	1	1	1	1	1	1	1	1	1	1	1	1	1	1	1	1
1	5	-1	-1	-1	-1	-1	27	3	186	109	0	0	0	-1	-1	-1	-1	-1	-1	-1	-1	-1	-1	-1	-1				
518	"Call of Wandering Merchant Gyro -3 (Tuesday)"	0	3																										
0	18	2	1	1	350	350	400	0	-1	-1	-1	-1	0	1	1	1	1	1	1	1	1	1	1	1	1	1	1	1	1
1	5	-1	-1	-1	-1	-1	267	51	55	199	0	0	0	-1	-1	-1	-1	-1	-1	-1	-1	-1	-1	-1	-1				
519	"Call of Wandering Merchant Gyro -4 (Tuesday)"	0	3																										
0	18	2	1	1	350	350	400	0	-1	-1	-1	-1	0	1	1	1	1	1	1	1	1	1	1	1	1	1	1	1	1
1	5	-1	-1	-1	-1	-1	22	2	226	52	0	0	0	-1	-1	-1	-1	-1	-1	-1	-1	-1	-1	-1	-1				
520	"Find the General Dealer Gyro (Tuesday)"	0	3																										
0	18	2	1	2	568	350	400	0	-1	-1	-1	-1	0	1	1	1	1	1	1	1	1	1	1	1	1	1	1	1	1
1	6	-1	-1	-1	-1	-1	267	51	55	199	5000	0	0	-1	-1	-1	-1	-1	-1	-1	-1	-1	-1	-1	-1
521	"Secure rare gems (Tuesday)"	0	3																										
0	18	2	1	2	568	350	400	12	513	-1	-1	-1	500000	1	1	1	1	1	1	1	1	1	1	1	1	1	1	1	1
1	1	14	154	10	304	200	140	33	119	51	0	1000000	0	14	157	1	-1	-1	-1	-1	-1	-1	-1	-1	-1				
522	"Gens Duprian¡¯s Commission (Wednesday)"	0	4																										
0	18	2	1	1	350	350	400	0	-1	-1	-1	1	0	1	1	1	1	1	1	1	1	1	1	1	1	1	1	1	1
1	5	-1	-1	-1	-1	-1	17	0	145	128	0	0	0	-1	-1	-1	-1	-1	-1	-1	-1	-1	-1	-1	-1				
523	"Call of the Clan (Wednesday)"	0	4																										
0	18	2	1	2	543	350	400	0	-1	-1	-1	1	0	1	1	1	1	1	1	1	1	1	1	1	1	1	1	1	1
1	6	-1	-1	-1	-1	-1	17	0	145	128	5000	0	0	-1	-1	-1	-1	-1	-1	-1	-1	-1	-1	-1	-1				
524	"Business Expansion (Wednesday)"	0	4																										
0	18	2	1	2	543	350	400	12	513	-1	-1	1	500000	1	1	1	1	1	1	1	1	1	1	1	1	1	1	1	1
1	8	-1	-1	100	-1	-1	294	63	174	193	0	0	500	14	159	1	-1	-1	-1	-1	-1	-1	-1	-1	-1				
525	"Gens Vanert¡¯s Commission (Wednesday)"	0	4																										
0	18	2	1	1	350	350	400	0	-1	-1	-1	2	0	1	1	1	1	1	1	1	1	1	1	1	1	1	1	1	1
1	5	-1	-1	-1	-1	-1	27	3	168	100	0	0	0	-1	-1	-1	-1	-1	-1	-1	-1	-1	-1	-1	-1				
526	"Call of the Clan (Wednesday)"	0	4																										
0	18	2	1	2	544	350	400	0	-1	-1	-1	2	0	1	1	1	1	1	1	1	1	1	1	1	1	1	1	1	1
1	6	-1	-1	-1	-1	-1	27	3	168	100	5000	0	0	-1	-1	-1	-1	-1	-1	-1	-1	-1	-1	-1	-1				
527	"Business Expansion (Wednesday)"	0	4																										
0	18	2	1	2	544	350	400	12	513	-1	-1	2	500000	1	1	1	1	1	1	1	1	1	1	1	1	1	1	1	1
1	8	-1	-1	100	-1	-1	294	63	174	193	0	0	500	14	159	1	-1	-1	-1	-1	-1	-1	-1	-1	-1				
528	"Priestess¡¯s Request (Thursday)"	0	5																										
0	18	2	1	1	567	350	400	0	-1	-1	-1	-1	0	1	1	1	1	1	1	1	1	1	1	1	1	1	1	1	1
1	5	-1	-1	-1	-1	-1	93	29	9	19	0	0	0	-1	-1	-1	-1	-1	-1	-1	-1	-1	-1	-1	-1				
529	"Priestess¡¯s Commission (Thursday)"	0	5																										
0	18	2	1	2	567	350	400	0	-1	-1	-1	-1	0	1	1	1	1	1	1	1	1	1	1	1	1	1	1	1	1
1	6	-1	-1	-1	-1	-1	93	29	9	19	5000	0	0	-1	-1	-1	-1	-1	-1	-1	-1	-1	-1	-1	-1				
530	"Fury of the Hero (Thursday)"	0	5																										
0	18	2	1	2	567	350	400	12	513	-1	-1	-1	500000	1	1	1	1	1	1	1	1	1	1	1	1	1	1	1	1
1	8	-1	-1	100	-1	-1	93	29	36	23	1000000	0	0	14	158	1	-1	-1	-1	-1	-1	-1	-1	-1	-1
531	"Call of Wandering Merchant Gyro -1 (Friday)"	0	6																										
0	18	2	1	1	350	350	400	0	-1	-1	-1	-1	0	1	1	1	1	1	1	1	1	1	1	1	1	1	1	1	1
1	5	-1	-1	-1	-1	-1	17	0	131	138	0	0	0	-1	-1	-1	-1	-1	-1	-1	-1	-1	-1	-1	-1				
532	"Call of Wandering Merchant Gyro -2 (Friday)"	0	6																										
0	18	2	1	1	350	350	400	0	-1	-1	-1	-1	0	1	1	1	1	1	1	1	1	1	1	1	1	1	1	1	1
1	5	-1	-1	-1	-1	-1	27	3	186	109	0	0	0	-1	-1	-1	-1	-1	-1	-1	-1	-1	-1	-1	-1				
533	"Call of Wandering Merchant Gyro -3 (Friday)"	0	6																										
0	18	2	1	1	350	350	400	0	-1	-1	-1	-1	0	1	1	1	1	1	1	1	1	1	1	1	1	1	1	1	1
1	5	-1	-1	-1	-1	-1	267	51	55	199	0	0	0	-1	-1	-1	-1	-1	-1	-1	-1	-1	-1	-1	-1				
534	"Call of Wandering Merchant Gyro -4 (Friday)"	0	6																										
0	18	2	1	1	350	350	400	0	-1	-1	-1	-1	0	1	1	1	1	1	1	1	1	1	1	1	1	1	1	1	1
1	5	-1	-1	-1	-1	-1	22	2	226	52	0	0	0	-1	-1	-1	-1	-1	-1	-1	-1	-1	-1	-1	-1				
535	"Merchant Gyro¡¯s Commission (Friday)"	0	6																										
0	18	2	1	2	568	350	400	0	-1	-1	-1	-1	0	1	1	1	1	1	1	1	1	1	1	1	1	1	1	1	1
1	6	-1	-1	-1	-1	-1	267	51	55	199	5000	0	0	-1	-1	-1	-1	-1	-1	-1	-1	-1	-1	-1	-1				
536	"Secure military supplies (Friday)"	0	6																										
0	18	2	1	2	568	350	400	12	513	-1	-1	-1	500000	1	1	1	1	1	1	1	1	1	1	1	1	1	1	1	1
1	1	14	156	10	484	200	294	63	146	201	0	1000000	0	14	157	1	-1	-1	-1	-1	-1	-1	-1	-1	-1				
537	"Gens Duprian¡¯s Commission (Saturday)"	0	7																										
0	18	2	1	1	350	350	400	0	-1	-1	-1	1	0	1	1	1	1	1	1	1	1	1	1	1	1	1	1	1	1
1	5	-1	-1	-1	-1	-1	17	0	145	128	0	0	0	-1	-1	-1	-1	-1	-1	-1	-1	-1	-1	-1	-1				
538	"Call of the Clan (Saturday)"	0	7																										
0	18	2	1	2	543	350	400	0	-1	-1	-1	1	0	1	1	1	1	1	1	1	1	1	1	1	1	1	1	1	1
1	6	-1	-1	-1	-1	-1	17	0	145	128	5000	0	0	-1	-1	-1	-1	-1	-1	-1	-1	-1	-1	-1	-1				
539	"Business Rollout (Saturday)"	0	7																										
0	18	2	1	2	543	350	400	12	513	-1	-1	1	500000	1	1	1	1	1	1	1	1	1	1	1	1	1	1	1	1
1	8	-1	-1	100	-1	-1	294	63	174	193	0	0	500	14	159	1	-1	-1	-1	-1	-1	-1	-1	-1	-1				
540	"Gens Vanert¡¯s Commission (Saturday)"	0	7																										
0	18	2	1	1	350	350	400	0	-1	-1	-1	2	0	1	1	1	1	1	1	1	1	1	1	1	1	1	1	1	1
1	5	-1	-1	-1	-1	-1	27	3	168	100	0	0	0	-1	-1	-1	-1	-1	-1	-1	-1	-1	-1	-1	-1				
541	"Call of the Clan (Saturday)"	0	7																										
0	18	2	1	2	544	350	400	0	-1	-1	-1	2	0	1	1	1	1	1	1	1	1	1	1	1	1	1	1	1	1
1	6	-1	-1	-1	-1	-1	27	3	168	100	5000	0	0	-1	-1	-1	-1	-1	-1	-1	-1	-1	-1	-1	-1				
542	"Business Rollout (Saturday)"	0	7																										
0	18	2	1	2	544	350	400	12	513	-1	-1	2	500000	1	1	1	1	1	1	1	1	1	1	1	1	1	1	1	1
1	8	-1	-1	100	-1	-1	294	63	174	193	0	0	500	14	159	1	-1	-1	-1	-1	-1	-1	-1	-1	-1				
543	"Request from the Mercenary Guild (Sunday)"	0	1																										
0	18	2	1	1	350	350	400	0	-1	-1	-1	-1	0	1	1	1	1	1	1	1	1	1	1	1	1	1	1	1	1
1	5	-1	-1	-1	-1	-1	22	2	204	59	0	0	0	-1	-1	-1	-1	-1	-1	-1	-1	-1	-1	-1	-1				
544	"Commission from the Mercenary Guild (Sunday)"	0	1																										
0	18	2	1	2	566	350	400	0	-1	-1	-1	-1	0	1	1	1	1	1	1	1	1	1	1	1	1	1	1	1	1
1	6	-1	-1	-1	-1	-1	22	2	204	59	5000	0	0	-1	-1	-1	-1	-1	-1	-1	-1	-1	-1	-1	-1				
545	"Secret History of the Rebellion (Sunday)"	0	1																										
0	18	2	1	2	567	350	400	12	513	-1	-1	-1	500000	1	1	1	1	1	1	1	1	1	1	1	1	1	1	1	1
1	8	-1	-1	100	-1	-1	119	33	140	21	1000000	0	0	14	157	1	-1	-1	-1	-1	-1	-1	-1	-1	-1
546	"Search for Delubis (Monday)"	0	2																										
0	18	2	1	1	401	401	1700	0	-1	-1	-1	-1	0	1	1	1	1	1	1	1	1	1	1	1	1	1	1	1	1
1	5	-1	-1	-1	-1	-1	417	91	30	208	0	0	0	-1	-1	-1	-1	-1	-1	-1	-1	-1	-1	-1	-1				
547	"Mercenary Guild¡¯s Commission (Monday)"	0	2																										
0	18	2	1	2	581	401	1700	0	-1	-1	-1	-1	0	1	1	1	1	1	1	1	1	1	1	1	1	1	1	1	1
1	6	-1	-1	-1	-1	-1	417	91	30	208	5000	0	0	-1	-1	-1	-1	-1	-1	-1	-1	-1	-1	-1	-1				
548	"Defeat Valander (Monday)"	0	2																										
0	18	2	1	2	581	401	1700	12	546	-1	-1	-1	500000	1	1	1	1	1	1	1	1	1	1	1	1	1	1	1	1
1	2	593	-1	30	-1	-1	419	91	53	190	500000	0	0	14	159	1	-1	-1	-1	-1	-1	-1	-1	-1	-1				
549	"Search for Delubis (Tuesday)"	0	3																										
0	18	2	1	1	401	401	1700	0	-1	-1	-1	-1	0	1	1	1	1	1	1	1	1	1	1	1	1	1	1	1	1
1	5	-1	-1	-1	-1	-1	417	91	30	208	0	0	0	-1	-1	-1	-1	-1	-1	-1	-1	-1	-1	-1	-1				
550	"Mercenary Guild¡¯s Commission (Tuesday)"	0	3																										
0	18	2	1	2	581	401	1700	0	-1	-1	-1	-1	0	1	1	1	1	1	1	1	1	1	1	1	1	1	1	1	1
1	6	-1	-1	-1	-1	-1	417	91	30	208	5000	0	0	-1	-1	-1	-1	-1	-1	-1	-1	-1	-1	-1	-1				
551	"Defeat Undine (Tuesday)"	0	3																										
0	18	2	1	2	581	401	1700	12	546	-1	-1	-1	500000	1	1	1	1	1	1	1	1	1	1	1	1	1	1	1	1
1	2	592	-1	30	-1	-1	419	91	53	190	500000	0	0	14	159	1	-1	-1	-1	-1	-1	-1	-1	-1	-1				
552	"Search for Delubis (Wednesday)"	0	4																										
0	18	2	1	1	401	401	1700	0	-1	-1	-1	-1	0	1	1	1	1	1	1	1	1	1	1	1	1	1	1	1	1
1	5	-1	-1	-1	-1	-1	417	91	30	208	0	0	0	-1	-1	-1	-1	-1	-1	-1	-1	-1	-1	-1	-1				
553	"Mercenary Guild¡¯s Commission (Wednesday)"	0	4																										
0	18	2	1	2	581	401	1700	0	-1	-1	-1	-1	0	1	1	1	1	1	1	1	1	1	1	1	1	1	1	1	1
1	6	-1	-1	-1	-1	-1	417	91	30	208	5000	0	0	-1	-1	-1	-1	-1	-1	-1	-1	-1	-1	-1	-1				
554	"Defeat Shand (Wednesday)"	0	4																										
0	18	2	1	2	581	401	1700	12	546	-1	-1	-1	500000	1	1	1	1	1	1	1	1	1	1	1	1	1	1	1	1
1	2	594	-1	30	-1	-1	419	91	53	190	500000	0	0	14	159	1	-1	-1	-1	-1	-1	-1	-1	-1	-1				
555	"Search for Delubis (Thursday)"	0	5																										
0	18	2	1	1	401	401	1700	0	-1	-1	-1	-1	0	1	1	1	1	1	1	1	1	1	1	1	1	1	1	1	1
1	5	-1	-1	-1	-1	-1	417	91	30	208	0	0	0	-1	-1	-1	-1	-1	-1	-1	-1	-1	-1	-1	-1				
556	"Mercenary Guild¡¯s Commission (Thursday)"	0	5																										
0	18	2	1	2	581	401	1700	0	-1	-1	-1	-1	0	1	1	1	1	1	1	1	1	1	1	1	1	1	1	1	1
1	6	-1	-1	-1	-1	-1	417	91	30	208	5000	0	0	-1	-1	-1	-1	-1	-1	-1	-1	-1	-1	-1	-1				
557	"Defeat Noel (Thursday)"	0	5																										
0	18	2	1	2	581	401	1700	12	546	-1	-1	-1	500000	1	1	1	1	1	1	1	1	1	1	1	1	1	1	1	1
1	2	595	-1	30	-1	-1	419	91	53	190	500000	0	0	14	159	1	-1	-1	-1	-1	-1	-1	-1	-1	-1				
558	"Search for Delubis (Friday)"	0	6																										
0	18	2	1	1	401	401	1700	0	-1	-1	-1	-1	0	1	1	1	1	1	1	1	1	1	1	1	1	1	1	1	1
1	5	-1	-1	-1	-1	-1	417	91	30	208	0	0	0	-1	-1	-1	-1	-1	-1	-1	-1	-1	-1	-1	-1				
559	"Mercenary Guild¡¯s Commission (Friday)"	0	6																										
0	18	2	1	2	581	401	1700	0	-1	-1	-1	-1	0	1	1	1	1	1	1	1	1	1	1	1	1	1	1	1	1
1	6	-1	-1	-1	-1	-1	417	91	30	208	5000	0	0	-1	-1	-1	-1	-1	-1	-1	-1	-1	-1	-1	-1				
560	"Defeat Hulaon (Friday)"	0	6																										
0	18	2	1	2	581	401	1700	12	546	-1	-1	-1	500000	1	1	1	1	1	1	1	1	1	1	1	1	1	1	1	1
1	2	596	-1	30	-1	-1	419	91	53	190	500000	0	0	14	159	1	-1	-1	-1	-1	-1	-1	-1	-1	-1				
561	"Search for Delubis (Saturday)"	0	7																										
0	18	2	1	1	401	401	1700	0	-1	-1	-1	-1	0	1	1	1	1	1	1	1	1	1	1	1	1	1	1	1	1
1	5	-1	-1	-1	-1	-1	417	91	30	208	0	0	0	-1	-1	-1	-1	-1	-1	-1	-1	-1	-1	-1	-1				
562	"Mercenary Guild¡¯s Commission (Saturday)"	0	7																										
0	18	2	1	2	581	401	1700	0	-1	-1	-1	-1	0	1	1	1	1	1	1	1	1	1	1	1	1	1	1	1	1
1	6	-1	-1	-1	-1	-1	417	91	30	208	5000	0	0	-1	-1	-1	-1	-1	-1	-1	-1	-1	-1	-1	-1				
563	"Defeat Acheron Hawk (Saturday)"	0	7																										
0	18	2	1	2	581	401	1700	12	546	-1	-1	-1	500000	1	1	1	1	1	1	1	1	1	1	1	1	1	1	1	1
1	8	-1	-1	300	-1	-1	419	91	53	190	500000	0	0	14	159	1	-1	-1	-1	-1	-1	-1	-1	-1	-1				
564	"Search for Delubis (Sunday)"	0	1																										
0	18	2	1	1	401	401	1700	0	-1	-1	-1	-1	0	1	1	1	1	1	1	1	1	1	1	1	1	1	1	1	1
1	5	-1	-1	-1	-1	-1	417	91	30	208	0	0	0	-1	-1	-1	-1	-1	-1	-1	-1	-1	-1	-1	-1				
565	"Mercenary Guild¡¯s Commission (Sunday)"	0	1																										
0	18	2	1	2	581	401	1700	0	-1	-1	-1	-1	0	1	1	1	1	1	1	1	1	1	1	1	1	1	1	1	1
1	6	-1	-1	-1	-1	-1	417	91	30	208	5000	0	0	-1	-1	-1	-1	-1	-1	-1	-1	-1	-1	-1	-1				
566	"Defeat Acheron Hawk (Sunday)"	0	1																										
0	18	2	1	2	581	401	1700	12	546	-1	-1	-1	500000	1	1	1	1	1	1	1	1	1	1	1	1	1	1	1	1
1	8	-1	-1	300	-1	-1	419	91	53	190	500000	0	0	14	159	1	-1	-1	-1	-1	-1	-1	-1	-1	-1
end																													
