17	"Energy Ball"	2	3	1	0	6	0	0	0	0	0	0	6	1	0	0	0	0	0	0	1	0	0	0	0	0	0	0	0	0	0	0	0	0	0	0	0	0	0	0	0	0	17	0	0	2	0	0	0	0	0	0	0	3	30	-1	-1	200	0	0
4	"Fire Ball"	5	8	3	0	6	0	40	0	0	0	0	6	1	0	0	0	0	0	0	1	0	0	1	0	1	0	0	1	0	0	0	1	0	1	0	0	0	0	0	0	0	4	0	0	2	0	0	0	0	0	0	0	3	30	-1	-1	197	0	0
11	"Power Wave"	9	14	5	0	6	0	56	0	0	0	0	6	1	0	0	0	0	0	0	1	0	0	1	0	1	0	0	0	0	0	1	1	0	1	0	0	0	0	0	0	0	11	0	0	2	0	0	0	0	0	0	0	3	30	-1	-1	195	0	0
3	"Lightning"	13	17	15	0	6	0	72	0	0	0	0	6	1	0	0	0	0	0	0	1	0	0	1	0	0	0	0	0	0	0	1	1	0	1	0	0	0	0	0	0	0	3	0	0	2	0	0	0	0	0	0	0	3	40	-1	-1	180	0	0
6	"Teleport"	17	0	30	0	6	0	88	0	0	0	0	0	1	0	0	0	0	0	0	1	0	0	0	0	0	0	0	0	0	0	1	0	0	0	0	0	0	0	0	0	0	6	0	0	0	0	1	0	2	1	0	0	-1	-1	-1	-1	100	0	0
2	"Meteor"	21	21	12	0	6	0	104	0	0	0	0	6	1	0	0	0	0	0	0	1	0	0	1	0	1	0	0	1	0	0	0	1	0	1	0	0	0	0	0	0	0	2	0	0	2	0	0	0	0	0	0	0	3	45	-1	-1	190	0	0
7	"Ice"	25	10	38	0	6	0	120	0	0	0	0	6	1	0	0	0	0	0	0	1	0	0	1	0	1	0	0	0	0	0	1	1	0	1	0	0	0	0	0	0	0	7	0	0	2	0	0	0	0	0	0	0	3	45	-1	-1	150	0	0
1	"Poison"	30	12	42	0	6	0	140	0	0	0	0	6	1	0	0	0	0	0	0	1	0	0	1	0	0	0	0	1	0	0	0	1	0	1	0	0	0	0	0	0	0	1	0	0	2	0	0	0	0	0	0	0	3	50	-1	-1	150	0	0
5	"Flame Pillar"	35	25	50	0	6	0	160	0	0	0	0	6	1	0	0	0	0	0	0	1	0	0	1	0	0	0	0	1	0	0	0	1	0	1	0	0	0	0	0	0	0	5	0	0	2	0	1	0	0	0	0	0	3	100	-1	-1	120	0	0
8	"Tornado"	40	35	60	0	6	0	180	0	0	0	0	6	1	0	0	0	0	0	0	1	0	0	1	0	0	0	0	1	0	0	1	1	0	1	0	0	0	0	0	0	0	8	0	0	2	0	1	0	0	0	0	0	3	90	-1	-1	140	0	0
9	"Evil Spirit"	50	45	90	0	6	0	220	0	0	0	0	6	1	0	0	0	0	0	0	1	0	0	1	0	0	0	0	1	0	0	0	0	0	0	0	0	0	0	0	0	0	9	0	0	2	0	1	0	0	0	0	0	3	150	-1	-1	110	0	0
10	"Hell Fire"	60	120	160	0	3	0	260	0	0	0	0	6	1	0	0	0	0	0	0	1	0	0	1	0	0	0	0	1	0	0	0	1	0	1	0	0	0	0	0	0	0	10	0	0	2	0	1	1	0	1	0	0	3	200	-1	-1	130	0	0
12	"Aqua Flash"	74	80	140	0	6	0	345	0	0	0	0	6	1	0	0	0	0	0	0	1	0	0	1	0	0	0	0	0	0	0	1	0	0	1	0	0	0	0	0	0	0	12	0	0	2	0	1	0	0	0	0	0	3	200	-1	-1	140	0	0
16	"Soul Barrier"	77	0	70	22	6	0	408	0	0	0	0	0	1	0	0	0	0	0	0	1	0	0	0	0	0	0	0	0	0	0	0	0	0	0	0	0	0	0	0	0	0	16	1	0	0	4	3	0	0	0	0	0	-1	-1	-1	-1	100	0	0
13	"Blast"	80	70	150	0	6	0	500	0	0	0	0	6	1	0	0	0	0	0	0	1	0	0	1	0	0	0	0	1	0	0	1	0	0	1	0	0	0	0	0	0	0	13	0	0	2	0	0	0	0	0	0	0	3	150	-1	-1	130	0	0
15	"Telekinesis"	83	0	90	25	6	0	644	0	0	0	0	0	1	0	0	0	0	0	0	2	0	0	0	0	0	0	0	0	0	0	2	2	0	2	0	0	0	0	0	0	0	15	0	0	0	0	3	0	2	0	0	0	-1	-1	-1	-1	100	0	0
14	"Inferno"	88	100	200	0	4	0	724	0	0	0	0	6	1	0	0	0	0	0	0	1	0	0	1	0	0	0	0	1	0	0	0	1	0	1	0	0	0	0	0	0	0	14	0	0	2	0	1	1	0	1	0	0	3	90	-1	-1	110	0	0
39	"Sudden Ice"	93	80	100	5	6	0	849	0	0	0	0	6	1	0	0	0	0	0	0	2	0	0	0	0	0	0	0	2	0	0	0	2	0	2	0	0	0	0	0	0	0	39	0	0	2	0	1	0	0	0	0	0	3	90	-1	-1	115	0	0
38	"Death Poison"	96	95	110	7	6	0	953	0	0	0	0	6	1	0	0	0	0	0	0	2	0	0	0	0	0	0	0	0	0	0	0	2	0	2	0	0	0	0	0	0	0	38	0	0	2	0	1	0	0	0	0	0	3	100	-1	-1	110	0	0
40	"Hell Burst"	100	0	180	45	6	0	1052	0	0	0	0	6	1	0	0	0	0	0	0	2	0	0	0	0	0	0	0	0	0	0	2	0	0	2	0	0	0	0	0	0	0	40	0	0	2	0	1	1	0	1	0	0	-1	-1	-1	-1	160	0	0
45	"Throwing Knife"	0	90	150	10	6	0	0	0	0	0	0	0	-1	0	75	0	0	0	0	1	0	0	0	0	1	0	0	1	0	0	1	1	0	1	0	0	0	0	0	0	0	45	0	0	0	0	0	0	0	0	0	0	-1	-1	-1	-1	100	0	0
18	"Defense"	0	0	30	0	0	0	0	0	0	0	0	0	-1	0	0	0	0	0	0	0	1	0	1	1	0	0	1	0	0	0	0	0	0	0	1	0	0	0	0	0	0	18	0	1	0	0	1	1	0	1	0	1	-1	-1	-1	-1	100	0	0
19	"Smash Down"	0	0	9	0	3	0	0	0	0	0	0	6	0	0	0	0	0	0	0	0	1	0	1	1	0	1	0	0	0	0	0	0	0	0	1	0	0	0	0	0	0	19	0	1	1	0	0	0	0	0	0	1	1	30	-1	-1	180	0	0
20	"Stab"	0	0	9	0	2	0	0	0	0	0	0	6	0	0	0	0	0	0	0	0	1	0	1	1	0	0	1	0	1	0	0	0	0	0	0	0	0	0	0	0	0	20	0	1	1	0	0	0	0	0	0	1	1	30	-1	-1	170	0	0
21	"Uppercut"	0	0	8	0	2	0	0	0	0	0	0	6	0	0	0	0	0	0	0	0	1	0	1	1	0	0	0	0	1	0	0	0	0	0	0	0	0	0	0	0	0	21	0	1	1	0	0	0	0	0	0	1	1	30	-1	-1	190	0	0
22	"Spin Attack"	0	0	9	0	2	0	0	0	0	0	0	6	0	0	0	0	0	0	0	0	1	0	1	1	0	0	0	0	1	0	0	0	1	0	0	0	0	0	0	0	0	22	0	1	1	0	0	0	0	0	0	1	1	30	-1	-1	165	0	0
23	"Slash"	0	0	10	0	2	0	0	0	0	0	0	6	0	0	0	0	0	0	0	0	1	0	1	0	0	0	0	0	0	0	0	0	0	0	0	0	0	0	0	0	0	23	0	1	1	0	0	0	0	0	0	1	1	30	-1	-1	185	0	0
41	"Whirlwind Slash"	0	0	10	10	2	0	0	0	0	0	0	6	0	0	0	0	0	0	0	0	1	0	1	0	0	0	0	0	1	0	0	0	0	0	1	0	0	0	0	0	0	41	0	0	1	0	1	1	0	1	0	2	1	40	-1	-1	150	0	0
49	"Raid Shot"	110	30	9	0	3	0	0	0	0	0	0	6	0	0	0	0	0	0	0	0	1	0	0	0	0	0	0	0	0	0	0	0	0	0	0	0	0	0	0	0	0	49	0	0	1	0	0	0	0	0	0	0	-1	-1	-1	-1	150	0	0
48	"Swell Life"	120	0	22	24	0	0	0	0	0	0	0	0	-1	0	0	0	0	0	0	0	1	0	0	0	0	0	0	0	0	0	0	0	0	0	0	0	0	0	0	0	0	48	1	0	0	8	2	1	0	1	0	0	-1	-1	-1	-1	100	0	0
43	"Blow"	160	70	15	3	3	0	0	0	0	0	0	6	0	0	0	0	0	0	0	0	2	0	0	0	0	0	0	0	0	0	0	0	0	0	0	0	0	0	0	0	0	43	0	0	1	0	0	0	0	0	0	2	1	150	-1	-1	105	0	0
42	"Rage Strike"	170	60	25	20	3	0	0	0	0	0	0	6	0	0	0	0	0	0	0	0	2	0	0	0	0	0	0	0	2	0	0	0	0	0	2	0	0	0	0	0	0	42	0	0	1	0	1	0	2	1	0	2	1	150	-1	-1	125	0	0
44	"Half Moon Slash"	0	90	22	15	4	0	0	0	0	0	0	0	-1	0	75	0	0	0	0	0	1	0	0	0	0	0	0	0	1	0	0	0	1	0	0	0	0	0	0	0	0	44	0	0	0	0	0	0	0	0	0	2	-1	-1	-1	-1	100	0	0
24	"Multi Shot"	0	50	1	0	6	0	0	0	0	0	0	6	0	0	0	0	0	0	0	0	0	1	0	0	0	0	0	0	0	0	0	0	0	0	0	0	0	0	0	0	0	24	0	1	1	0	1	0	0	0	0	1	2	100	-1	-1	130	0	0
26	"Heal"	8	0	20	0	6	0	52	0	0	0	0	0	0	0	0	0	0	0	0	0	0	1	0	0	0	0	0	0	0	0	0	0	0	0	0	0	0	0	0	0	0	26	6	0	4	0	4	0	0	0	0	0	-1	-1	-1	-1	100	0	0
27	"Defense Increase"	13	0	30	0	6	0	72	0	0	0	0	0	-1	0	0	0	0	0	0	0	0	1	0	0	0	0	0	0	0	0	0	0	0	0	0	0	0	0	0	0	0	27	1	0	4	2	4	0	0	0	0	0	-1	-1	-1	-1	100	0	0
28	"Attack Increase"	18	0	40	0	6	0	92	0	0	0	0	0	-1	0	0	0	0	0	0	0	0	1	0	0	0	0	0	0	0	0	0	0	0	0	0	0	0	0	0	0	0	28	1	0	4	1	4	0	0	0	0	0	-1	-1	-1	-1	100	0	0
52	"Penetration"	130	70	7	5	6	0	0	0	0	0	0	6	0	0	0	0	0	0	0	0	0	1	0	0	0	0	0	0	0	0	0	0	0	0	0	0	0	0	0	0	0	52	0	0	1	0	1	0	2	0	0	5	2	100	-1	-1	130	0	0
51	"Ice Arrow"	0	105	10	12	8	0	0	0	646	0	0	6	0	0	0	0	0	0	0	0	0	2	0	0	0	0	0	0	0	0	0	0	0	0	0	0	0	0	0	0	0	51	0	0	1	0	0	0	0	0	0	5	2	100	-1	-1	130	0	0
46	"Descent Arrow"	0	120	20	15	8	0	0	0	0	0	0	0	-1	0	75	0	0	0	0	0	0	1	0	0	0	0	0	0	0	0	0	0	0	0	0	0	0	0	0	0	0	46	0	0	0	0	0	0	0	0	0	5	-1	-1	-1	-1	130	0	0
30	"Goblin Summon"	0	0	40	0	6	0	30	0	0	0	0	0	-1	0	0	0	0	0	0	0	0	1	0	0	0	0	0	0	0	0	0	0	0	0	0	0	0	0	0	0	0	30	4	0	0	0	1	1	0	1	0	0	-1	-1	-1	-1	100	0	0
31	"Stone Golem Summon"	0	0	70	0	6	0	60	0	0	0	0	0	-1	0	0	0	0	0	0	0	0	1	0	0	0	0	0	0	0	0	0	0	0	0	0	0	0	0	0	0	0	31	4	0	0	0	1	1	0	1	0	0	-1	-1	-1	-1	100	0	0
32	"Assassin Summon"	0	0	110	0	6	0	90	0	0	0	0	0	-1	0	0	0	0	0	0	0	0	1	0	0	0	0	0	0	0	0	0	0	0	0	0	0	0	0	0	0	0	32	4	0	0	0	1	1	0	1	0	0	-1	-1	-1	-1	100	0	0
33	"Yeti Leader Summon"	0	0	160	0	6	0	130	0	0	0	0	0	-1	0	0	0	0	0	0	0	0	1	0	0	0	0	0	0	0	0	0	0	0	0	0	0	0	0	0	0	0	33	4	0	0	0	1	1	0	1	0	0	-1	-1	-1	-1	100	0	0
34	"Dark Knight Summon"	0	0	200	0	6	0	170	0	0	0	0	0	-1	0	0	0	0	0	0	0	0	1	0	0	0	0	0	0	0	0	0	0	0	0	0	0	0	0	0	0	0	34	4	0	0	0	1	1	0	1	0	0	-1	-1	-1	-1	100	0	0
35	"Bali Summon"	0	0	250	0	6	0	210	0	0	0	0	0	-1	0	0	0	0	0	0	0	0	1	0	0	0	0	0	0	0	0	0	0	0	0	0	0	0	0	0	0	0	35	4	0	0	0	1	1	0	1	0	0	-1	-1	-1	-1	100	0	0
36	"Soldier Summon"	0	0	350	0	6	0	300	0	0	0	0	0	-1	0	0	0	0	0	0	0	0	1	0	0	0	0	0	0	0	0	0	0	0	0	0	0	0	0	0	0	0	36	4	0	0	0	1	1	0	1	0	0	-1	-1	-1	-1	100	0	0
55	"Blood Attack"	0	80	17	12	3	0	0	596	0	0	0	6	-1	0	0	0	0	0	0	0	0	0	1	0	0	0	0	0	0	0	0	0	0	0	0	0	0	0	0	0	0	55	0	0	1	0	1	0	2	0	0	2	1	100	-1	-1	130	0	0
56	"Power Slash"	0	0	15	0	5	0	0	0	0	0	0	6	-1	0	0	0	0	0	0	0	0	0	1	0	0	0	0	0	0	0	0	0	0	0	0	0	0	0	0	0	0	56	0	1	1	0	1	0	2	0	0	1	1	100	-1	-1	130	0	0
57	"Spiral Slash"	0	75	20	15	5	0	0	0	0	0	0	0	-1	0	75	0	0	0	0	0	0	0	1	0	0	0	0	0	0	0	0	0	0	0	0	0	0	0	0	0	0	57	0	0	0	0	0	0	0	0	0	3	-1	-1	-1	-1	100	0	0
73	"Wide Spray"	0	85	130	7	6	0	0	0	0	0	0	0	-1	0	75	0	0	0	0	0	0	0	1	0	0	0	0	0	0	0	0	0	0	0	0	0	0	0	0	0	0	73	0	0	0	0	0	0	0	0	0	6	-1	-1	-1	-1	100	0	0
50	"Evil Flame (Monster)"	60	120	160	0	0	0	260	0	0	0	0	0	-1	6	0	0	0	0	0	0	0	0	0	0	0	0	0	0	0	0	0	0	0	0	0	0	0	0	0	0	0	50	0	0	0	0	0	0	0	0	0	0	-1	-1	-1	-1	100	0	0
60	"Force"	0	10	10	0	4	0	15	0	0	0	0	6	1	0	0	0	0	0	0	0	0	0	0	1	0	0	0	0	0	0	0	0	0	0	0	0	0	0	0	0	0	60	0	0	1	0	0	0	0	0	0	0	1	40	-1	-1	160	0	0
61	"Fire Burst"	74	150	8	0	6	0	79	0	0	0	0	6	1	0	0	0	0	0	0	0	0	0	0	1	0	0	0	0	0	0	0	0	0	0	0	0	0	0	0	0	0	61	0	0	1	0	0	0	0	0	0	0	1	80	-1	-1	135	0	0
62	"Earth Shake"	0	150	0	50	10	10000	0	0	0	0	0	6	0	0	0	0	0	0	0	0	0	0	0	1	0	0	0	0	0	0	0	0	0	0	0	0	0	0	0	0	0	62	0	0	1	0	1	1	0	1	0	0	-1	-1	-1	-1	100	0	0
63	"Summon"	98	0	70	30	0	20000	153	0	0	400	0	0	-1	0	0	0	0	0	0	0	0	0	0	1	0	0	0	0	0	0	0	0	0	0	0	0	0	0	0	0	0	63	0	0	0	0	1	1	0	1	0	0	-1	-1	-1	-1	100	0	0
64	"Lord Dignity"	82	0	50	50	0	10000	102	0	0	300	0	0	-1	0	0	0	0	0	0	0	0	0	0	1	0	0	0	0	0	0	0	0	0	0	0	0	0	0	0	0	0	64	1	0	0	5	2	1	0	1	0	0	-1	-1	-1	-1	100	0	0
65	"Electric Spike"	92	250	10	12	10	500	126	0	0	340	0	6	1	0	0	0	0	0	0	0	0	0	0	1	0	0	0	0	0	0	0	0	0	0	0	0	0	0	0	0	0	65	0	0	1	0	0	0	0	0	0	0	1	100	-1	-1	125	1	0
66	"Force Wave"	0	70	10	0	4	0	0	0	0	0	0	6	1	0	0	0	0	0	0	0	0	0	0	1	0	0	0	0	0	0	0	0	0	0	0	0	0	0	0	0	0	66	0	1	1	0	0	0	0	0	0	0	1	40	-1	-1	160	0	0
74	"Fire Blast"	0	150	30	10	6	0	0	0	0	0	0	0	-1	0	75	0	0	0	0	0	0	0	0	1	0	0	0	0	0	0	0	0	0	0	1	0	0	0	0	0	0	74	0	0	0	0	0	0	0	0	0	0	-1	-1	-1	-1	100	0	0
78	"Fire Scream"	102	180	10	3	6	0	150	0	0	70	0	6	1	0	0	0	0	0	0	0	0	0	0	1	0	0	0	0	0	0	0	0	0	0	0	0	0	0	0	0	0	78	0	0	1	0	1	0	2	0	0	0	1	100	-1	-1	130	0	0
79	"Explosion"	0	0	0	0	2	0	0	0	0	0	0	0	1	6	0	0	0	0	0	0	0	0	0	1	0	0	0	0	0	0	0	0	0	0	0	0	0	0	0	0	0	79	0	0	0	0	0	0	0	0	0	0	-1	-1	-1	-1	100	0	0
67	"Stun"	0	0	70	50	2	0	0	0	0	0	0	0	-1	1	0	4	0	0	1	1	1	1	1	1	1	0	0	1	1	0	1	1	1	1	1	0	0	0	0	0	0	67	2	0	0	0	1	0	0	0	0	0	-1	-1	-1	-1	100	0	0
68	"Stun Release"	0	0	25	30	0	0	0	0	0	0	0	0	-1	1	0	2	0	0	1	1	1	1	1	1	1	0	0	1	1	0	1	1	1	1	1	0	0	0	0	0	0	68	3	0	0	0	4	0	0	0	0	0	-1	-1	-1	-1	100	0	0
69	"Swell Mana"	0	0	35	30	0	0	0	0	0	0	0	0	-1	1	0	4	0	0	1	1	1	1	1	1	1	0	0	1	1	0	1	1	1	1	1	0	0	0	0	0	0	69	1	0	0	9	2	1	0	1	0	0	-1	-1	-1	-1	100	0	0
70	"Invisibility"	0	0	80	60	0	0	0	0	0	0	0	0	-1	1	0	5	1	1	0	1	1	1	1	1	1	0	0	1	1	0	1	1	1	1	1	0	0	0	0	0	0	70	1	0	0	0	2	1	0	1	0	0	-1	-1	-1	-1	100	0	0
71	"Invisibility Cancel"	0	0	40	30	0	0	0	0	0	0	0	0	-1	1	0	2	1	1	0	1	1	1	1	1	1	0	0	1	1	0	1	1	1	1	1	0	0	0	0	0	0	71	3	0	0	0	4	0	0	0	0	0	-1	-1	-1	-1	100	0	0
72	"Magic Cancel"	0	0	90	70	0	0	0	0	0	0	0	0	-1	1	0	8	1	0	0	0	0	0	0	1	0	0	0	0	0	0	0	0	0	0	0	0	0	0	0	0	0	72	3	0	0	0	4	0	0	0	0	0	-1	-1	-1	-1	100	0	0
76	"Plasma Storm"	110	60	50	20	6	1500	0	0	0	0	0	0	0	0	0	0	0	0	0	2	2	2	1	1	2	1	1	2	2	2	2	2	2	2	2	0	0	0	0	0	0	76	0	0	0	0	0	0	0	0	0	0	-1	-1	-1	-1	100	0	0
200	"Monster Summon"	0	0	40	0	0	0	20	0	0	0	0	0	-1	6	0	0	0	0	0	0	0	0	0	0	0	0	0	0	0	0	0	0	0	0	0	0	0	0	0	0	0	200	0	0	0	0	0	0	0	0	0	0	-1	-1	-1	-1	100	0	0
201	"Magic Invincibility"	0	0	40	0	0	0	20	0	0	0	0	0	-1	6	0	0	0	0	0	0	0	0	0	0	0	0	0	0	0	0	0	0	0	0	0	0	0	0	0	0	0	201	0	0	0	0	0	0	0	0	0	0	-1	-1	-1	-1	100	0	0
202	"Physical Invincibility"	0	0	40	0	0	0	20	0	0	0	0	0	-1	6	0	0	0	0	0	0	0	0	0	0	0	0	0	0	0	0	0	0	0	0	0	0	0	0	0	0	0	202	0	0	0	0	0	0	0	0	0	0	-1	-1	-1	-1	100	0	0
203	"Potion of Bless"	0	0	40	0	0	0	20	0	0	0	0	0	-1	6	0	0	0	0	0	0	0	0	0	0	0	0	0	0	0	0	0	0	0	0	0	0	0	0	0	0	0	203	0	0	0	0	0	0	0	0	0	0	-1	-1	-1	-1	100	0	0
204	"Potion of Soul"	0	0	40	0	0	0	20	0	0	0	0	0	-1	6	0	0	0	0	0	0	0	0	0	0	0	0	0	0	0	0	0	0	0	0	0	0	0	0	0	0	0	204	0	0	0	0	0	0	0	0	0	0	-1	-1	-1	-1	100	0	0
77	"Infinity Arrow"	220	0	50	10	0	0	0	0	0	0	0	0	-1	0	0	0	0	0	0	0	0	2	0	0	0	0	0	0	0	0	0	0	0	0	0	0	0	0	0	0	0	77	1	0	0	6	2	1	0	1	0	0	-1	-1	-1	-1	100	0	0
210	"Protection Spell"	0	0	30	0	0	60000	0	0	0	0	0	0	0	5	0	0	0	0	0	1	1	1	1	1	1	1	1	1	1	0	1	1	1	1	1	0	0	0	0	0	0	210	1	0	0	0	2	1	0	0	0	0	-1	-1	-1	-1	100	0	0
211	"Binding Spell"	0	0	30	0	3	60000	0	0	0	0	0	0	0	5	0	0	0	0	0	1	1	1	1	1	1	1	1	1	1	0	1	1	1	1	1	0	0	0	0	0	0	211	2	0	0	0	0	0	0	1	0	0	-1	-1	-1	-1	100	0	0
212	"Tracking Spell"	0	0	30	0	0	120000	0	0	0	0	0	0	0	5	0	0	0	0	0	1	1	1	1	1	1	1	1	1	1	0	1	1	1	1	1	0	0	0	0	0	0	212	0	0	0	0	2	0	0	0	0	0	-1	-1	-1	-1	100	0	0
213	"Shield Burn"	0	0	30	0	3	60000	0	0	0	0	0	0	0	5	0	0	0	0	0	1	1	1	1	1	1	1	1	1	1	0	1	1	1	1	1	0	0	0	0	0	0	213	0	0	0	0	0	0	0	1	0	0	-1	-1	-1	-1	100	0	0
214	"Drain Life"	35	35	50	0	6	0	150	0	0	0	0	6	1	0	0	0	0	0	0	0	0	0	0	0	1	0	0	0	0	0	0	0	0	0	0	0	0	0	0	0	0	214	0	0	2	0	0	0	0	0	0	0	-1	-1	-1	-1	100	0	0
219	"Sleep"	40	0	20	3	6	0	180	0	0	0	0	0	1	0	0	0	0	0	0	0	0	0	0	0	1	0	0	0	0	0	0	0	0	0	0	0	0	0	0	0	0	219	2	0	0	0	0	0	0	0	0	0	-1	-1	-1	-1	100	0	0
223	"Explosion"	50	40	35	0	4	500	300	0	0	0	0	6	1	0	0	0	0	0	0	0	0	0	0	0	1	0	0	0	0	0	0	0	0	0	0	0	0	0	0	0	0	223	0	0	3	0	1	0	2	0	0	11	3	150	-1	-1	120	0	0
215	"Chain Lightning"	75	70	85	0	6	0	245	0	0	0	0	6	1	0	0	0	0	0	0	0	0	0	0	0	1	0	0	0	0	0	0	0	0	0	0	0	0	0	0	0	0	215	0	0	2	0	0	0	0	0	0	0	3	200	-1	-1	105	0	0
224	"Requiem"	75	65	60	4	4	800	416	0	0	0	0	6	1	0	0	0	0	0	0	0	0	0	0	0	1	0	0	0	0	0	0	0	0	0	0	0	0	0	0	0	0	224	0	0	3	0	1	0	2	0	0	11	3	150	-1	-1	125	0	0
217	"Damage Reflection"	80	0	40	10	5	5000	375	0	0	0	0	0	1	0	0	0	0	0	0	0	0	0	0	0	1	0	0	0	0	0	0	0	0	0	0	0	0	0	0	0	0	217	1	0	0	71	4	0	0	0	0	0	-1	-1	-1	-1	100	0	0
225	"Pollution"	85	80	70	8	4	500	542	0	0	0	0	6	1	0	0	0	0	0	0	0	0	0	0	0	1	0	0	0	0	0	0	0	0	0	0	0	0	0	0	0	0	225	0	0	3	0	1	0	2	0	0	11	3	150	-1	-1	125	0	0
230	"Lightning Shock"	93	95	115	7	6	0	823	0	0	0	0	6	1	0	0	0	0	0	0	0	0	0	0	0	1	0	0	0	0	0	0	0	0	0	0	0	0	0	0	0	0	230	0	0	2	0	1	0	2	0	0	0	3	200	-1	-1	105	0	0
218	"Berserker"	83	0	100	50	5	5000	300	0	0	0	0	0	1	0	0	0	0	0	0	0	0	0	0	0	1	0	0	0	0	0	0	0	0	0	0	0	0	0	0	0	0	218	1	0	0	81	2	1	0	1	0	10	-1	-1	-1	-1	100	0	0
221	"Weakness"	93	0	50	15	8	30000	663	0	0	0	0	0	1	0	0	0	0	0	0	0	0	0	0	0	1	0	0	0	0	0	0	0	0	0	0	0	0	0	0	0	30	221	2	0	0	0	1	0	2	0	0	11	-1	-1	-1	-1	100	0	0
222	"Enervation"	111	0	50	15	8	30000	663	0	0	0	0	0	1	0	0	0	0	0	0	0	0	0	0	0	1	0	0	0	0	0	0	0	0	0	0	0	0	0	0	0	30	222	2	0	0	0	1	0	2	0	0	11	-1	-1	-1	-1	100	0	0
232	"Destruction Blow"	100	110	30	24	5	0	0	0	0	0	0	6	0	0	0	0	0	0	0	0	2	0	0	0	0	0	0	0	0	0	0	0	0	0	2	0	0	0	0	0	0	232	0	0	1	0	1	0	2	1	0	2	1	150	-1	-1	135	0	0
233	"Magic Amplify"	220	0	200	50	6	0	1058	0	0	0	0	0	1	0	0	0	0	0	0	2	0	0	0	0	0	0	0	2	0	0	2	2	0	2	0	0	0	0	0	0	0	233	1	0	0	82	2	1	0	1	0	0	-1	-1	-1	-1	100	0	0
234	"Recovery"	100	0	40	10	6	0	168	0	0	0	0	0	0	0	0	0	0	0	0	0	0	2	0	0	0	0	0	0	0	0	0	0	0	0	0	0	0	0	0	0	0	234	6	0	0	0	4	0	0	0	0	0	-1	-1	-1	-1	100	0	0
235	"Multi Shot"	100	70	10	0	6	0	0	0	0	0	0	6	0	0	0	0	0	0	0	0	0	2	0	0	0	0	0	0	0	0	0	0	0	0	0	0	0	0	0	0	0	235	0	0	1	0	1	0	0	0	0	5	2	100	-1	-1	130	0	0
236	"Flame Strike"	100	140	20	25	3	0	0	0	0	0	0	6	1	0	0	0	0	0	0	0	0	0	1	0	0	0	0	0	0	0	0	0	0	0	0	0	0	0	0	0	0	236	0	0	1	0	1	0	2	0	0	2	1	200	-1	-1	135	0	0
237	"Gigantic Storm"	220	110	120	10	6	0	1058	0	0	0	0	6	1	0	0	0	0	0	0	0	0	0	1	0	0	0	0	0	0	0	0	0	0	0	0	0	0	0	0	0	0	237	0	0	2	0	1	0	2	0	0	0	3	250	-1	-1	115	0	0
238	"Chaotic Desire"	100	220	12	4	6	0	84	0	0	0	0	6	1	0	0	0	0	0	0	0	0	0	0	1	0	0	0	0	0	0	0	0	0	0	0	0	0	0	0	0	0	238	0	0	1	0	1	0	2	0	0	0	1	80	-1	-1	130	1	0
239	"Doppelganger Self-Destruct"	100	140	20	25	3	0	0	0	0	0	0	6	1	6	0	0	0	0	0	0	0	0	1	0	0	0	0	0	0	0	0	0	0	0	0	0	0	0	0	0	0	239	0	0	0	0	0	0	0	0	0	0	-1	-1	-1	-1	100	0	0
240	"Magical Shot"	2	30	1	0	6	0	0	0	0	0	0	6	1	0	0	0	0	0	0	0	0	0	0	0	0	0	0	1	0	0	1	1	0	1	0	0	0	0	0	0	0	108	0	0	2	0	0	0	0	0	0	0	3	30	-1	-1	200	0	0
241	"Shining Bird"	30	130	5	0	6	0	70	0	0	0	0	6	1	0	0	0	0	0	0	0	0	0	0	0	0	0	0	0	0	0	1	0	0	0	0	0	0	0	0	0	0	109	0	0	2	0	1	0	0	0	0	0	3	45	-1	-1	190	0	0
242	"Dragon Violent"	50	140	30	0	6	0	680	0	0	0	0	6	1	0	0	0	0	0	0	0	0	0	0	0	0	0	0	0	0	0	1	0	0	0	0	0	0	0	0	0	0	110	0	0	2	0	0	0	0	0	0	0	3	60	-1	-1	190	0	0
243	"Spear Storm"	160	160	105	5	6	500	1160	0	0	0	0	6	1	0	0	0	0	0	0	0	0	0	0	0	0	0	0	0	0	0	3	0	0	0	0	0	0	0	0	0	0	111	0	0	2	1	1	0	0	0	0	0	3	60	-1	-1	150	1	0
244	"Reflection Barrier"	77	0	70	22	6	0	408	0	0	0	0	0	1	0	0	0	0	0	0	0	0	0	0	0	0	0	0	0	0	0	1	0	0	0	0	0	0	0	0	0	0	112	1	0	0	343	3	0	0	0	0	0	-1	-1	-1	-1	100	0	0
245	"Marble Burst"	25	125	5	0	6	0	104	0	0	0	0	6	1	0	0	0	0	0	0	0	0	0	0	0	0	0	0	0	0	0	0	1	0	0	0	0	0	0	0	0	0	113	0	0	2	0	0	0	0	0	0	14	3	45	-1	-1	190	0	0
246	"Unleash Marble"	45	135	50	0	6	10000	700	0	0	0	0	6	1	0	0	0	0	0	0	0	0	0	0	0	0	0	0	0	0	0	0	1	0	0	0	0	0	0	0	0	0	114	0	0	2	0	1	0	0	0	0	14	3	60	-1	-1	100	0	0
247	"Ultimate Force"	160	10	92	4	7	0	1073	0	0	0	0	6	1	0	0	0	0	0	0	0	0	0	0	0	0	0	0	0	0	0	0	3	0	0	0	0	0	0	0	0	0	115	0	0	2	0	0	0	0	0	0	14	3	60	-1	-1	150	1	0
248	"Reflection Barrier (Reflective Wall)"	0	0	0	0	0	0	0	0	0	0	0	0	1	0	0	0	0	0	0	0	0	0	0	0	0	0	0	0	0	0	0	0	0	0	0	0	0	0	0	0	0	0	0	0	0	0	1	0	0	0	0	0	-1	-1	-1	-1	100	0	0
249	"Illusion Avatar Attack Skill"	50	300	0	0	7	0	0	0	0	0	0	0	1	0	0	0	0	0	0	0	0	0	0	0	0	0	0	0	0	0	0	0	0	0	0	0	0	0	0	0	0	0	0	0	0	0	0	0	0	0	0	0	2	80	-1	-1	100	1	0
260	"Cling Blow"	0	0	9	0	2	0	0	0	0	0	0	6	1	0	0	0	0	0	0	0	0	0	0	0	0	1	0	0	0	0	0	0	0	0	0	0	0	0	0	0	0	260	0	1	1	0	0	0	1	0	0	0	4	200	-1	-1	155	0	0
261	"Beast Upper"	0	0	9	0	2	0	0	0	0	0	0	6	1	0	0	0	0	0	0	0	0	0	0	0	0	1	0	0	0	0	0	0	0	0	0	0	0	0	0	0	0	261	0	1	1	0	0	0	1	0	0	0	4	200	-1	-1	155	0	0
262	"Chain Drive"	150	0	15	20	4	700	0	0	0	0	0	6	1	0	0	0	0	0	0	0	0	0	0	0	0	1	0	0	0	0	0	0	0	0	0	0	0	0	0	0	0	262	0	0	1	0	0	0	1	0	0	7	-1	-1	-1	-1	105	0	0
263	"Dark Side"	180	0	70	0	5	0	0	0	0	0	0	6	1	0	0	0	0	0	0	0	0	0	0	0	0	1	0	0	0	0	0	0	0	0	0	0	0	0	0	0	0	263	0	0	1	0	1	0	0	0	0	0	2	100	-1	-1	115	0	0
264	"Dragon Roar"	150	0	50	30	3	700	0	0	0	0	0	6	1	0	0	0	0	0	0	0	0	0	0	0	0	1	0	0	0	0	0	0	0	0	0	0	0	0	0	0	0	264	0	0	1	0	0	0	0	0	0	7	-1	-1	-1	-1	100	0	0
265	"Dragon Slasher"	200	0	100	100	4	3000	0	0	0	0	0	6	1	0	0	0	0	0	0	0	0	0	0	0	0	1	0	0	0	0	0	0	0	0	0	0	0	0	0	0	0	265	0	0	1	0	0	0	0	0	0	7	-1	-1	-1	-1	100	0	0
266	"Ignore Enemy Defense"	120	0	50	10	3	0	404	0	0	0	0	0	1	0	0	0	0	0	0	0	0	0	0	0	0	1	0	0	0	0	0	0	0	0	0	0	0	0	0	0	0	266	1	0	0	129	2	1	0	1	0	0	-1	-1	-1	-1	100	0	0
267	"Increase Health"	80	0	50	10	7	0	132	0	0	0	0	0	1	0	0	0	0	0	0	0	0	0	0	0	0	1	0	0	0	0	0	0	0	0	0	0	0	0	0	0	0	267	1	0	0	130	2	1	0	1	0	0	-1	-1	-1	-1	100	0	0
268	"Increase Defense Success Rate"	50	0	50	10	7	0	80	0	0	0	0	0	1	0	0	0	0	0	0	0	0	0	0	0	0	1	0	0	0	0	0	0	0	0	0	0	0	0	0	0	0	268	1	0	0	131	2	1	0	1	0	0	-1	-1	-1	-1	100	0	0
269	"Charge"	0	90	20	15	4	0	0	0	0	0	0	0	1	0	75	0	0	0	0	0	0	0	0	0	0	1	0	0	0	0	0	0	0	0	0	0	0	0	0	0	0	269	0	0	0	0	0	0	1	0	0	0	-1	-1	-1	-1	100	0	0
270	"Phoenix Shot"	0	0	30	0	4	1200	0	0	0	0	0	6	1	0	0	0	0	0	0	0	0	0	0	0	0	1	0	0	0	0	0	0	0	0	0	0	0	0	0	0	0	270	0	1	1	0	0	0	0	0	0	0	4	200	-1	-1	125	0	0
271	"Spin Step"	83	100	12	0	2	500	0	0	150	0	0	6	0	0	0	0	0	0	0	0	0	0	0	0	0	0	1	0	0	0	0	0	0	0	0	0	0	0	0	0	0	271	0	0	1	0	0	0	0	0	0	4	2	-1	-1	-1	100	0	0
272	"Circle Shield"	220	0	100	50	0	0	0	0	0	0	0	0	0	0	0	0	0	0	0	0	0	0	0	0	0	0	1	0	0	0	0	0	0	0	0	0	0	0	0	0	0	272	1	0	0	216	2	0	0	0	0	8	2	-1	-1	-1	100	0	0
273	"Obsidian"	74	0	50	50	0	0	200	0	0	0	0	0	0	0	0	0	0	0	0	0	0	0	0	0	0	0	1	0	0	0	0	0	0	0	0	0	0	0	0	0	0	273	1	0	0	217	3	0	0	0	0	0	1	-1	-1	-1	100	0	0
274	"Magic Pin"	30	80	5	3	2	500	0	200	200	0	0	6	0	0	0	0	0	0	0	0	0	0	0	0	0	0	1	0	0	0	0	0	0	0	0	0	0	0	0	0	0	274	0	0	1	0	0	0	0	0	0	4	2	100	-1	-1	100	0	0
275	"Collision"	0	50	50	50	6	10000	0	0	0	0	0	0	0	0	75	0	0	0	0	0	0	0	0	0	0	0	1	0	0	0	0	0	0	0	0	0	0	0	0	0	0	275	0	0	0	0	0	0	0	0	0	0	1	-1	-1	-1	100	0	0
276	"Harsh Strike"	74	100	12	0	3	500	0	150	0	0	0	6	0	0	0	0	0	0	0	0	0	0	0	0	0	0	1	0	0	0	0	0	0	0	0	0	0	0	0	0	0	276	0	0	1	0	0	0	0	0	0	4	1	30	-1	-1	110	0	0
277	"Shining Pick"	92	50	8	5	4	0	0	600	0	0	0	6	0	0	0	0	0	0	0	0	0	0	0	0	0	0	1	0	0	0	0	0	0	0	0	0	0	0	0	0	0	277	0	0	1	0	0	0	0	0	0	4	1	1	1	5	110	0	0
278	"Rage"	66	0	40	30	0	0	0	200	200	0	0	0	0	0	0	0	0	0	0	0	0	0	0	0	0	0	1	0	0	0	0	0	0	0	0	0	0	0	0	0	0	278	1	0	0	424	2	0	0	0	0	0	2	-1	-1	-1	100	0	0
279	"Breath"	300	230	15	6	5	0	0	300	300	0	0	6	0	0	0	0	0	0	0	0	0	0	0	0	0	0	1	0	0	0	0	0	0	0	0	0	0	0	0	0	0	279	0	0	1	0	1	0	0	0	0	4	1	100	-1	-1	110	0	0
280	"Explosion"	0	50	0	0	2	0	0	0	0	0	0	0	1	6	0	0	0	0	0	0	0	0	0	0	0	0	1	0	0	0	0	0	0	0	0	0	0	0	0	0	0	280	0	0	0	0	0	0	0	0	0	0	-1	-1	-1	-1	110	0	0
281	"Magic Pin Explosion"	0	0	0	0	0	0	0	0	0	0	0	0	1	6	0	0	0	0	0	0	0	0	0	0	0	0	1	0	0	0	0	0	0	0	0	0	0	0	0	0	0	281	0	0	0	0	0	0	0	0	0	0	-1	-1	-1	-1	100	0	0
282	"Spirit Hook"	180	255	27	21	3	0	0	0	0	0	1480	6	1	0	0	0	0	0	0	0	0	0	0	0	0	3	0	0	0	0	0	0	0	0	0	0	0	0	0	0	0	441	0	0	1	0	0	0	1	0	0	7	4	10	-1	-1	105	1	0
283	"Magic Arrow"	50	10	5	0	8	0	60	0	0	0	0	6	1	0	0	0	0	0	0	0	0	0	0	0	0	0	0	1	0	0	0	0	0	0	0	0	0	0	0	0	0	79	0	0	2	0	1	0	0	0	0	9	3	500	-1	-1	100	0	0
284	"Plasma Ball"	130	40	120	35	8	4000	300	0	0	0	0	6	1	0	0	0	0	0	0	0	0	0	0	0	0	0	0	1	0	0	0	0	0	0	0	0	0	0	0	0	0	80	0	0	2	0	1	0	0	0	0	9	3	200	-1	-1	110	0	0
285	"Lightning Storm"	160	300	80	7	8	0	1080	0	0	0	0	6	1	0	0	0	0	0	0	0	0	0	0	0	0	0	0	3	0	0	0	0	0	0	0	0	0	0	0	0	0	81	0	0	2	0	1	0	0	0	0	9	3	100	-1	-1	115	1	0
286	"Burst"	200	0	50	0	0	120000	0	0	0	0	0	0	1	0	0	0	0	0	0	0	0	0	0	0	0	0	0	2	0	0	0	0	0	0	0	0	0	0	0	0	0	82	1	0	0	293	2	1	0	1	0	0	-1	-1	-1	-1	100	0	0
287	"Haste"	400	0	0	50	0	120000	0	0	0	0	0	0	1	0	0	0	0	0	0	0	0	0	0	0	0	0	0	2	0	0	0	0	0	0	0	0	0	0	0	0	0	83	1	0	0	294	2	1	0	1	0	0	-1	-1	-1	-1	100	0	0
288	"Death Side"	85	75	120	20	6	0	930	0	0	0	0	6	1	0	0	0	0	0	0	0	0	0	0	0	3	0	0	0	0	0	0	0	0	0	0	0	0	0	0	0	0	84	0	0	3	306	1	0	2	0	0	11	3	150	-1	-1	125	1	0
289	"Darkness"	83	0	100	50	5	5000	300	0	0	0	0	0	1	0	0	0	0	0	0	0	0	0	0	0	1	0	0	0	0	0	0	0	0	0	0	0	0	0	0	0	0	85	1	0	0	301	2	1	0	1	0	11	-1	-1	-1	-1	100	0	0
291	"Elite Monster Skill"	0	0	0	0	0	0	0	0	0	0	0	0	1	0	0	0	0	0	0	0	0	0	0	0	0	0	0	0	0	0	0	0	0	0	0	0	0	0	0	0	0	0	0	0	0	0	1	0	0	0	0	0	-1	-1	-1	-1	100	0	0
292	"Sword Inertia"	30	10	5	0	6	0	0	50	100	0	0	6	0	0	0	0	0	0	0	0	0	0	0	0	0	0	0	0	1	0	0	0	0	0	0	0	0	0	0	0	0	86	0	0	1	0	1	0	0	0	0	2	2	150	-1	-1	100	0	0
293	"Bat Flock"	150	90	20	5	6	0	0	100	380	0	0	6	0	0	0	0	0	0	0	0	0	0	0	0	0	0	0	0	2	0	0	0	0	0	0	0	0	0	0	0	0	87	0	0	1	0	1	0	0	0	0	0	2	150	-1	-1	100	0	0
294	"Pierce Attack"	160	170	30	10	6	0	0	300	1100	0	0	6	0	0	0	0	0	0	0	0	0	0	0	0	0	0	0	0	3	0	0	0	0	0	0	0	0	0	0	0	0	88	0	0	1	0	0	0	0	0	0	2	2	150	-1	-1	120	1	0
295	"Detection"	350	0	100	100	0	5000	0	0	800	0	0	0	1	0	0	0	0	0	0	0	0	0	0	0	0	0	0	0	3	0	0	0	0	0	0	0	0	0	0	0	0	89	1	0	0	316	2	1	0	1	0	0	-1	-1	-1	-1	100	0	0
297	"Demolish"	400	0	50	0	0	60000	0	0	1450	0	0	0	1	0	0	0	0	0	0	0	0	0	0	0	0	0	0	0	3	0	0	0	0	0	0	0	0	0	0	0	0	90	1	0	0	317	2	1	0	1	0	0	-1	-1	-1	-1	100	0	0
298	"Blessing of Experience"	50	0	5	0	8	0	0	0	0	0	0	0	0	0	0	0	0	0	0	1	1	1	1	1	1	1	1	1	1	1	1	1	1	1	1	0	0	0	0	0	0	106	1	0	0	377	4	0	0	0	0	0	-1	-1	-1	-1	100	0	0
300	"Durability Reduction (1)"	0	37	0	0	0	0	0	0	0	0	0	0	-1	3	0	0	0	0	0	3	3	3	3	3	3	0	3	3	3	3	3	3	3	3	3	1	1	1	0	0	0	0	0	0	0	0	0	0	0	0	0	0	-1	-1	-1	-1	100	0	0
301	"PvP Defense Increase"	0	12	0	0	0	0	0	0	0	0	0	0	-1	3	0	0	0	0	0	3	3	3	3	3	3	0	3	3	3	3	3	3	3	3	3	1	2	1	0	0	0	1	0	0	0	0	0	0	0	0	0	0	-1	-1	-1	-1	100	0	0
302	"Max SD Increase"	0	13	0	0	0	0	0	0	0	0	0	0	-1	3	0	0	0	0	0	3	3	3	3	3	3	0	3	3	3	3	3	3	3	3	3	2	3	1	0	0	0	2	0	0	0	0	0	0	0	0	0	0	-1	-1	-1	-1	100	0	0
303	"Auto Mana Recovery Increase"	0	7	0	0	0	0	0	0	0	0	0	0	-1	3	0	0	0	0	0	3	3	3	3	3	3	0	3	3	3	3	3	3	3	3	3	2	4	1	0	0	0	3	0	0	0	0	0	0	0	0	0	0	-1	-1	-1	-1	100	0	0
304	"Poison Resistance Increase"	0	1	0	0	0	0	0	0	0	0	0	6	-1	3	0	0	0	0	0	3	3	3	3	3	3	0	3	3	3	0	0	0	3	0	3	2	5	1	0	0	0	4	0	0	0	0	0	0	0	0	0	0	-1	-1	-1	-1	100	0	0
305	"Durability Reduction (2)"	0	17	0	0	0	0	0	0	0	0	0	0	-1	3	0	0	0	0	0	3	3	3	3	3	3	0	3	3	3	3	3	3	3	3	3	3	6	1	0	0	0	5	0	0	0	0	0	0	0	0	0	0	-1	-1	-1	-1	100	0	0
306	"SD Recovery Speed Increase"	0	1	0	0	0	0	0	0	0	0	0	0	-1	3	0	0	0	0	0	3	3	3	3	3	3	0	3	3	3	3	3	3	3	3	3	3	7	1	0	0	0	6	0	0	0	0	0	0	0	0	0	0	-1	-1	-1	-1	100	0	0
307	"Auto HP Recovery Increase"	0	1	0	0	0	0	0	0	0	0	0	0	-1	3	0	0	0	0	0	3	3	3	3	3	3	0	3	3	3	3	3	3	3	3	3	3	8	1	0	0	0	7	0	0	0	0	0	0	0	0	0	0	-1	-1	-1	-1	100	0	0
308	"Lightning Resistance Increase"	0	1	0	0	0	0	0	0	0	0	0	6	-1	3	0	0	0	0	0	3	3	3	3	3	3	0	3	3	3	0	0	0	3	0	3	3	9	1	0	0	0	8	0	0	0	0	0	0	0	0	0	0	-1	-1	-1	-1	100	0	0
309	"Defense Increase"	0	16	0	0	0	0	0	0	0	0	0	0	-1	3	0	0	0	0	0	3	3	3	3	3	3	0	3	3	3	3	3	3	3	3	3	4	10	1	0	0	0	9	0	0	0	0	0	0	0	0	0	0	-1	-1	-1	-1	100	0	0
310	"Auto AG Recovery Increase"	0	1	0	0	0	0	0	0	0	0	0	0	-1	3	0	0	0	0	0	3	3	3	3	3	3	0	3	3	3	3	3	3	3	3	3	4	11	1	0	0	0	10	0	0	0	0	0	0	0	0	0	0	-1	-1	-1	-1	100	0	0
311	"Ice Resistance Increase"	0	1	0	0	0	0	0	0	0	0	0	0	-1	3	0	0	0	0	0	3	3	3	3	3	3	0	3	3	3	0	0	0	3	0	3	4	12	1	0	0	0	11	0	0	0	0	0	0	0	0	0	0	-1	-1	-1	-1	100	0	0
312	"Durability Reduction (3)"	0	17	0	0	0	0	0	0	0	0	0	0	-1	3	0	0	0	0	0	3	3	3	3	3	3	0	3	3	3	3	3	3	3	3	3	5	13	1	0	0	0	12	0	0	0	0	0	0	0	0	0	0	-1	-1	-1	-1	100	0	0
313	"Defense Success Rate Increase"	0	1	0	0	0	0	0	0	0	0	0	0	-1	3	0	0	0	0	0	3	3	3	3	3	3	0	3	3	3	3	3	3	3	3	3	5	14	1	0	0	0	13	0	0	0	0	0	0	0	0	0	0	-1	-1	-1	-1	100	0	0
314	"Invincibility Cast"	0	38	0	0	0	0	0	0	0	0	0	0	-1	3	0	0	0	0	0	3	3	3	3	3	3	0	3	3	3	0	0	0	3	0	3	6	15	1	0	0	0	14	0	0	0	0	0	0	0	0	0	0	-1	-1	-1	-1	100	0	0
315	"Set Defense Increase"	0	3	0	0	0	0	0	0	0	0	0	0	-1	3	0	0	0	0	0	3	3	3	3	3	3	0	3	3	3	3	3	3	3	3	3	6	16	1	0	0	0	15	0	0	0	0	0	0	0	0	0	0	-1	-1	-1	-1	100	0	0
316	"Revenge"	0	38	0	0	0	0	0	0	0	0	0	0	-1	3	0	0	0	0	0	3	3	3	3	3	3	0	3	3	3	3	3	3	3	3	3	6	17	1	0	0	0	16	0	0	0	0	0	0	0	0	0	0	-1	-1	-1	-1	100	0	0
317	"Energy Stat Increase"	0	40	0	0	0	0	0	0	0	0	0	0	-1	3	0	0	0	0	0	3	3	3	3	3	3	0	3	3	3	0	3	3	3	3	3	7	18	1	0	0	0	17	0	0	0	0	0	0	0	0	0	0	-1	-1	-1	-1	100	0	0
318	"Vitality Stat Increase"	0	40	0	0	0	0	0	0	0	0	0	0	-1	3	0	0	0	0	0	3	3	3	3	3	3	0	3	3	3	0	3	3	3	3	3	7	19	1	0	0	0	18	0	0	0	0	0	0	0	0	0	0	-1	-1	-1	-1	100	0	0
319	"Agility Stat Increase"	0	40	0	0	0	0	0	0	0	0	0	0	-1	3	0	0	0	0	0	3	3	3	3	3	3	0	3	3	3	0	3	3	3	3	3	7	20	1	0	0	0	19	0	0	0	0	0	0	0	0	0	0	-1	-1	-1	-1	100	0	0
320	"Strength Stat Increase"	0	40	0	0	0	0	0	0	0	0	0	0	-1	3	0	0	0	0	0	3	3	3	3	3	3	0	3	3	3	0	3	3	3	3	3	7	21	1	0	0	0	20	0	0	0	0	0	0	0	0	0	0	-1	-1	-1	-1	100	0	0
321	"Storm Wing Absorption Boost"	0	38	0	0	0	0	0	0	0	0	0	0	-1	3	0	0	0	0	0	0	3	0	0	0	0	0	0	0	0	0	0	0	0	0	0	8	22	1	0	0	0	21	0	0	0	0	0	0	0	0	0	0	-1	-1	-1	-1	100	0	0
322	"Storm Wing Defense Boost"	0	17	0	0	0	0	0	0	0	0	0	0	-1	3	0	0	0	0	0	0	3	0	0	0	0	0	0	0	0	0	0	0	0	0	0	8	23	1	0	0	0	22	0	0	0	0	0	0	0	0	0	0	-1	-1	-1	-1	100	0	0
323	"Invincibility Cast"	0	1	0	0	0	0	0	0	0	0	0	0	-1	3	0	0	0	0	0	3	3	3	3	3	3	3	3	0	0	0	0	0	0	0	3	6	15	1	0	0	0	14	0	0	0	0	0	0	0	0	0	0	-1	-1	-1	-1	100	0	0
324	"Storm Wing Attack Boost"	0	17	0	0	0	0	0	0	0	0	0	0	-1	3	0	0	0	0	0	0	3	0	0	0	0	0	0	0	0	0	0	0	0	0	0	9	35	1	0	0	0	24	0	0	0	0	0	0	0	0	0	0	-1	-1	-1	-1	100	0	0
325	"Attack Success Rate Increase"	0	13	0	0	0	0	0	0	0	0	0	0	-1	3	0	0	0	0	0	3	3	3	3	3	3	0	3	3	3	3	3	3	3	3	3	1	36	1	0	0	0	25	0	0	0	0	0	0	0	0	0	0	-1	-1	-1	-1	100	0	0
326	"Spin Attack Enhancement"	0	4	9	0	2	0	0	0	0	0	0	6	0	4	22	0	0	0	0	0	3	0	0	0	0	0	0	0	3	0	0	0	0	0	0	2	37	1	0	0	0	26	0	1	1	0	0	0	0	0	0	0	1	30	-1	-1	165	0	0
327	"Slash Enhancement"	0	40	10	0	2	0	0	0	0	0	0	6	0	4	23	0	0	0	0	0	3	0	0	0	0	0	0	0	3	0	0	0	0	0	0	2	38	1	0	0	0	27	0	1	1	0	0	0	0	0	0	0	1	30	-1	-1	185	0	0
328	"Smash Down Enhancement"	0	17	9	0	3	0	0	0	0	0	0	6	0	4	19	0	0	0	0	0	3	0	0	0	0	0	0	0	0	0	0	0	0	0	3	2	39	1	0	0	0	28	0	1	1	0	0	0	0	0	0	0	1	30	-1	-1	180	0	0
329	"Stab Enhancement"	0	17	9	0	2	0	0	0	0	0	0	6	0	4	20	0	0	0	0	0	3	0	0	0	0	0	3	0	0	0	0	0	0	0	0	2	40	1	0	0	0	29	0	1	1	0	0	0	0	0	0	0	1	30	-1	-1	170	0	0
330	"Whirlwind Slash Enhancement"	0	40	10	10	2	0	0	0	0	0	0	6	0	4	41	0	0	0	0	0	3	0	0	0	0	0	0	0	3	0	0	0	0	0	3	3	41	1	0	0	0	30	0	0	1	0	1	1	0	1	0	2	1	40	-1	-1	150	0	0
331	"Rage Strike Enhancement"	170	22	25	22	3	0	0	0	0	0	0	6	0	4	42	0	0	0	0	0	3	0	0	0	0	0	0	0	3	0	0	0	0	0	3	3	42	1	0	0	0	31	0	0	1	0	1	0	2	1	0	2	1	150	-1	-1	125	0	0
332	"Whirlwind Slash Mastery"	0	1	22	20	2	0	0	0	0	0	0	6	0	4	330	0	0	0	0	0	3	0	0	0	0	0	0	0	0	0	0	0	0	0	3	4	41	1	0	0	0	32	0	0	0	0	1	1	0	1	0	0	1	40	-1	-1	150	0	0
333	"Rage Strike Mastery"	170	1	50	30	3	0	0	0	0	0	0	6	0	4	331	0	0	0	0	0	3	0	0	0	0	0	0	0	0	0	0	0	0	0	3	4	42	1	0	0	0	33	0	0	0	0	1	0	2	1	0	2	1	150	-1	-1	125	0	0
334	"Max HP Increase"	0	9	0	0	0	0	0	0	0	0	0	0	-1	3	0	0	0	0	0	3	3	3	3	3	3	0	3	3	3	3	3	3	3	3	3	4	43	1	0	0	0	34	0	0	0	0	0	0	0	0	0	0	-1	-1	-1	-1	100	0	0
335	"Weapon Mastery"	0	22	0	0	0	0	0	0	0	0	0	0	-1	3	0	0	0	0	0	0	3	0	0	0	0	0	0	0	3	3	0	0	3	0	0	3	44	1	0	0	0	35	0	0	0	0	0	0	0	0	0	0	-1	-1	-1	-1	100	0	0
336	"Blow Enhancement"	160	22	15	13	4	0	0	0	0	0	0	6	0	4	43	0	0	0	0	0	3	0	0	0	0	0	0	0	0	0	0	0	0	0	3	4	45	1	0	0	0	36	0	0	1	0	0	0	0	0	0	2	1	150	-1	-1	105	0	0
338	"Max Mana Increase"	0	9	0	0	0	0	0	0	0	0	0	0	-1	3	0	0	0	0	0	3	3	3	3	3	3	0	3	3	3	3	3	3	3	3	3	5	47	1	0	0	0	38	0	0	0	0	0	0	0	0	0	0	-1	-1	-1	-1	100	0	0
339	"Blow Proficiency"	160	22	30	26	4	0	0	0	0	0	0	6	0	4	336	0	0	0	0	0	3	0	0	0	0	0	0	0	0	0	0	0	0	0	0	5	45	1	0	0	0	39	0	0	0	0	0	0	0	0	0	2	1	150	-1	-1	105	0	0
340	"Destruction Blow Proficiency"	100	22	30	24	5	0	0	0	0	0	0	6	0	4	337	0	0	0	0	0	3	0	0	0	0	0	0	0	0	0	0	0	0	0	3	6	46	1	0	0	0	40	0	0	0	0	1	0	2	1	0	2	1	150	-1	-1	135	0	0
341	"Max AG Increase"	0	8	0	0	0	0	0	0	0	0	0	0	-1	3	0	0	0	0	0	3	3	3	3	3	3	0	3	3	3	3	3	3	3	3	3	6	48	1	0	0	0	41	0	0	0	0	0	0	0	0	0	0	-1	-1	-1	-1	100	0	0
342	"Blow Mastery"	160	7	30	26	4	0	0	0	0	0	0	6	0	4	339	0	0	0	0	0	3	0	0	0	0	0	0	0	0	0	0	0	0	0	0	7	45	1	0	0	0	42	0	0	0	0	0	0	0	0	0	2	1	150	-1	-1	105	0	0
343	"Destruction Blow Mastery"	100	22	30	24	5	0	0	0	0	0	0	6	0	4	340	0	0	0	0	0	3	0	0	0	0	0	0	0	0	0	0	0	0	0	3	7	46	1	0	0	0	43	0	0	0	0	1	0	2	1	0	2	1	150	-1	-1	135	0	0
344	"Blood Storm"	0	25	87	29	3	5000	0	0	0	0	0	6	0	4	0	0	0	0	0	0	3	0	3	0	0	0	0	0	0	0	0	0	0	0	3	8	49	10	0	0	0	44	0	0	0	0	1	0	2	1	0	2	1	200	-1	-1	138	0	0
345	"Combo Enhancement"	0	7	0	0	0	0	0	0	0	0	0	0	0	3	0	0	0	0	0	0	3	0	0	0	0	0	0	0	0	0	0	0	0	0	0	6	50	1	0	0	0	45	0	0	0	0	0	0	0	0	0	0	-1	-1	-1	-1	100	0	0
346	"Blood Storm Enhancement"	0	5	95	31	3	3000	0	0	0	0	0	6	0	4	344	0	0	0	0	0	3	0	3	0	0	0	0	0	0	0	0	0	0	0	3	9	49	1	0	0	0	46	0	0	1	0	1	0	2	1	0	2	1	200	-1	-1	138	0	0
347	"PvP Attack Rate Increase"	0	14	0	0	0	0	0	0	0	0	0	0	-1	3	0	0	0	0	0	3	3	3	3	3	3	0	3	3	3	3	3	3	3	3	3	1	51	1	0	0	0	47	0	0	0	0	0	0	0	0	0	0	-1	-1	-1	-1	100	0	0
348	"Two-Handed Sword Enhancement"	0	42	0	0	0	0	0	0	0	0	0	0	0	3	0	0	0	0	0	0	3	0	3	0	0	0	0	0	0	0	0	0	0	0	0	2	52	1	0	0	0	48	0	0	1	0	0	0	0	0	0	0	-1	-1	-1	-1	100	0	0
349	"One-Handed Sword Enhancement"	0	22	0	0	0	0	0	0	0	0	0	0	0	3	0	0	0	0	0	0	3	0	3	0	0	0	0	0	0	0	0	0	0	0	0	2	53	1	0	0	0	49	0	0	1	0	0	0	0	0	0	0	-1	-1	-1	-1	100	0	0
350	"Mace Enhancement"	0	3	0	0	0	0	0	0	0	0	0	0	0	3	0	0	0	0	0	0	3	0	0	0	0	0	0	0	0	0	0	0	0	0	3	2	54	1	0	0	0	50	0	0	1	0	0	0	0	0	0	0	-1	-1	-1	-1	100	0	0
351	"Spear Enhancement"	0	41	0	0	0	0	0	0	0	0	0	0	0	3	0	0	0	0	0	0	3	0	0	0	0	0	0	0	0	0	0	0	0	0	0	2	55	1	0	0	0	51	0	0	1	0	0	0	0	0	0	0	-1	-1	-1	-1	100	0	0
352	"Two-Handed Sword Mastery"	0	41	0	0	0	0	0	0	0	0	0	0	0	3	0	0	0	0	0	0	3	0	3	0	0	0	0	0	0	0	0	0	0	0	0	3	56	1	0	0	0	52	0	0	0	0	0	0	0	0	0	0	-1	-1	-1	-1	100	0	0
353	"One-Handed Sword Mastery"	0	23	0	0	0	0	0	0	0	0	0	0	0	3	0	0	0	0	0	0	3	0	3	0	0	0	0	0	0	0	0	0	0	0	0	3	57	1	0	0	0	53	0	0	0	0	0	0	0	0	0	0	-1	-1	-1	-1	100	0	0
354	"Mace Mastery"	0	1	0	0	0	0	0	0	0	0	0	0	0	3	0	0	0	0	0	0	3	0	0	0	0	0	0	0	0	0	0	0	0	0	3	3	58	1	0	0	0	54	0	0	0	0	0	0	0	0	0	0	-1	-1	-1	-1	100	0	0
355	"Spear Mastery"	0	1	0	0	0	0	0	0	0	0	0	0	0	3	0	0	0	0	0	0	3	0	0	0	0	0	0	0	0	0	0	0	0	0	0	3	59	1	0	0	0	55	0	0	0	0	0	0	0	0	0	0	-1	-1	-1	-1	100	0	0
356	"Swell Life Enhancement"	120	7	24	26	0	0	0	0	0	0	0	0	-1	4	48	0	0	0	0	0	3	0	0	0	0	0	0	0	3	0	0	0	0	0	0	4	60	1	0	0	0	56	1	0	0	8	2	1	0	1	0	0	-1	-1	-1	-1	100	0	0
357	"Mana Reduction"	0	18	0	0	0	0	0	0	0	0	0	0	-1	3	0	0	0	0	0	3	3	3	3	3	3	0	3	3	3	3	3	3	3	3	3	4	61	1	0	0	0	57	0	0	0	0	0	0	0	0	0	0	-1	-1	-1	-1	100	0	0
358	"Recover SD on Monster Kill"	0	11	0	0	0	0	0	0	0	0	0	0	-1	3	0	0	0	0	0	3	3	3	3	3	3	0	3	3	3	3	3	3	3	3	3	4	62	1	0	0	0	58	0	0	0	0	0	0	0	0	0	0	-1	-1	-1	-1	100	0	0
359	"Recover HP on Monster Kill"	0	6	0	0	0	0	0	0	0	0	0	0	-1	3	0	0	0	0	0	3	3	3	3	3	3	0	3	3	3	3	3	3	3	3	3	4	63	1	0	0	0	59	0	0	0	0	0	0	0	0	0	0	-1	-1	-1	-1	100	0	0
360	"Swell Life Proficiency"	120	7	26	28	0	0	0	0	0	0	0	0	-1	4	356	0	0	0	0	0	3	0	0	0	0	0	0	0	3	0	0	0	0	0	0	5	60	1	0	0	0	60	1	0	0	135	2	1	0	1	0	0	-1	-1	-1	-1	100	0	0
361	"Minimum Attack Increase"	0	22	0	0	0	0	0	0	0	0	0	0	0	3	0	0	0	0	0	0	3	0	3	3	0	0	3	0	3	3	0	0	3	0	3	5	64	1	0	0	0	61	0	0	1	0	0	0	0	0	0	0	-1	-1	-1	-1	100	0	0
362	"Recover Mana on Monster Kill"	0	6	0	0	0	0	0	0	0	0	0	0	-1	3	0	0	0	0	0	3	3	3	3	3	3	0	3	3	3	3	3	3	3	3	3	5	65	1	0	0	0	62	0	0	0	0	0	0	0	0	0	0	-1	-1	-1	-1	100	0	0
363	"Swell Life Mastery"	120	7	28	30	0	0	0	0	0	0	0	0	-1	4	360	0	0	0	0	0	3	0	0	0	0	0	0	0	0	0	0	0	0	0	0	6	60	1	0	0	0	63	1	0	0	136	2	1	0	1	0	0	-1	-1	-1	-1	100	0	0
364	"Maximum Attack Increase"	0	3	0	0	0	0	0	0	0	0	0	0	0	3	0	0	0	0	0	0	3	0	3	3	0	0	3	0	3	3	0	0	3	0	3	6	66	1	0	0	0	64	0	0	1	0	0	0	0	0	0	0	-1	-1	-1	-1	100	0	0
366	"Critical Damage Rate Increase"	0	38	0	0	0	0	0	0	0	0	0	0	-1	3	0	0	0	0	0	3	3	3	3	3	3	0	3	3	3	3	3	3	3	3	3	6	68	1	0	0	0	66	0	0	0	0	0	0	0	0	0	0	-1	-1	-1	-1	100	0	0
367	"Full Mana Recovery"	0	38	0	0	0	0	0	0	0	0	0	0	-1	3	0	0	0	0	0	3	3	3	3	3	3	0	3	3	3	3	3	3	3	3	3	7	69	1	0	0	0	67	0	0	0	0	0	0	0	0	0	0	-1	-1	-1	-1	100	0	0
368	"Full HP Recovery"	0	38	0	0	0	0	0	0	0	0	0	0	-1	3	0	0	0	0	0	3	3	3	3	3	3	0	3	3	3	3	3	3	3	3	3	7	70	1	0	0	0	68	0	0	0	0	0	0	0	0	0	0	-1	-1	-1	-1	100	0	0
369	"Excellent Damage Rate Increase"	0	38	0	0	0	0	0	0	0	0	0	0	-1	3	0	0	0	0	0	3	3	3	3	3	3	0	3	3	3	3	3	3	3	3	3	7	71	1	0	0	0	69	0	0	0	0	0	0	0	0	0	0	-1	-1	-1	-1	100	0	0
370	"Double Damage Rate Increase"	0	38	0	0	0	0	0	0	0	0	0	0	-1	3	0	0	0	0	0	3	3	3	3	3	3	0	3	3	3	3	3	3	3	3	3	8	72	1	0	0	0	70	0	0	0	0	0	0	0	0	0	0	-1	-1	-1	-1	100	0	0
371	"Ignore Enemy Defense Rate Increase"	0	38	0	0	0	0	0	0	0	0	0	0	-1	3	0	0	0	0	0	3	3	3	3	3	3	0	3	3	3	3	3	3	3	3	3	9	73	1	0	0	0	71	0	0	0	0	0	0	0	0	0	0	-1	-1	-1	-1	100	0	0
372	"Full SD Recovery"	0	38	0	0	0	0	0	0	0	0	0	0	-1	3	0	0	0	0	0	3	3	3	3	3	3	0	3	3	3	3	3	3	3	3	3	8	74	1	0	0	0	72	0	0	0	0	0	0	0	0	0	0	-1	-1	-1	-1	100	0	0
373	"Triple Damage Rate Increase"	0	38	0	0	0	0	0	0	0	0	0	0	-1	3	0	0	0	0	0	3	3	3	3	3	3	0	0	3	0	0	3	3	3	3	3	9	75	1	0	0	0	73	0	0	0	0	0	0	0	0	0	0	-1	-1	-1	-1	100	0	0
374	"Temporal Wings Absorption Boost"	0	38	0	0	0	0	0	0	0	0	0	0	-1	3	0	0	0	0	0	3	0	0	0	0	0	0	0	0	0	0	0	0	0	0	0	8	76	1	0	0	0	74	0	0	0	0	0	0	0	0	0	0	-1	-1	-1	-1	100	0	0
375	"Temporal Wings Defense Boost"	0	17	0	0	0	0	0	0	0	0	0	0	-1	3	0	0	0	0	0	3	0	0	0	0	0	0	0	0	0	0	0	0	0	0	0	8	77	1	0	0	0	75	0	0	0	0	0	0	0	0	0	0	-1	-1	-1	-1	100	0	0
377	"Temporal Wings Attack Boost"	0	17	0	0	0	0	0	0	0	0	0	0	-1	3	0	0	0	0	0	3	0	0	0	0	0	0	0	0	0	0	0	0	0	0	0	9	79	1	0	0	0	77	0	0	0	0	0	0	0	0	0	0	-1	-1	-1	-1	100	0	0
378	"Flame Pillar Enhancement"	35	17	55	0	6	0	160	0	0	0	0	6	1	4	5	0	0	0	0	3	0	0	0	0	0	0	0	3	0	0	0	3	0	3	0	2	80	1	0	0	0	78	0	0	2	0	1	0	0	0	0	0	3	100	-1	-1	120	0	0
379	"Lightning Enhancement"	13	40	20	0	6	0	72	0	0	0	0	6	1	4	3	0	0	0	0	3	0	0	0	0	0	0	0	3	0	0	3	0	0	3	0	2	81	1	0	0	0	79	0	0	2	0	0	0	0	0	0	0	3	40	-1	-1	180	0	0
380	"Magic Amplify Enhancement"	220	1	220	55	6	0	1058	0	0	0	0	0	1	4	233	0	0	0	0	3	0	0	0	0	0	0	0	3	0	0	3	3	0	3	0	2	82	1	0	0	0	80	1	0	2	138	2	1	0	1	0	0	-1	-1	-1	-1	100	0	0
381	"Inferno Enhancement"	88	4	220	0	4	0	724	0	0	0	0	6	1	4	14	0	0	0	0	3	0	0	0	0	0	0	0	3	0	0	0	3	0	3	0	3	83	1	0	0	0	81	0	0	2	0	1	1	0	1	0	0	3	90	-1	-1	110	0	0
382	"Blast Enhancement"	80	17	165	0	6	0	500	0	0	0	0	6	1	4	13	0	0	0	0	3	0	0	0	0	0	0	0	3	0	0	3	0	0	3	0	3	84	1	0	0	0	82	0	0	2	0	0	0	0	0	0	0	3	150	-1	-1	130	0	0
383	"Magic Amplify Mastery"	220	1	220	55	6	0	1058	0	0	0	0	0	1	4	380	0	0	0	0	3	0	0	0	0	0	0	0	3	0	0	3	3	0	3	0	3	82	1	0	0	0	83	1	0	0	139	2	1	0	1	0	0	-1	-1	-1	-1	100	0	0
384	"Poison Enhancement"	30	40	46	0	6	0	140	0	0	0	0	6	1	4	1	0	0	0	0	3	0	0	0	0	0	0	0	3	0	0	0	0	0	3	0	3	85	1	0	0	0	84	0	0	2	0	0	0	0	0	0	0	3	50	-1	-1	150	0	0
385	"Evil Spirit Enhancement"	50	4	108	0	6	0	220	0	0	0	0	6	1	4	9	0	0	0	0	3	0	0	0	0	0	0	0	3	0	0	0	0	0	3	0	4	86	1	0	0	0	85	0	0	2	0	1	0	0	0	0	0	3	150	-1	-1	110	0	0
386	"Magic Mastery"	50	22	0	0	0	0	0	0	0	0	0	0	-1	3	0	0	0	0	0	3	0	0	0	0	0	0	0	3	0	3	3	3	0	3	0	4	87	1	0	0	0	86	0	0	2	0	0	0	0	0	0	0	-1	-1	-1	-1	100	0	0
387	"Death Poison Enhancement"	96	17	120	10	6	0	953	0	0	0	0	6	1	4	38	0	0	0	0	3	0	0	0	0	0	0	0	3	0	0	0	0	0	3	0	4	88	1	0	0	0	87	0	0	2	0	1	0	0	0	0	0	3	100	-1	-1	110	0	0
388	"Hell Fire Enhancement"	60	40	176	0	3	0	260	0	0	0	0	6	1	4	10	0	0	0	0	3	0	0	0	0	0	0	0	3	0	0	0	0	0	3	0	5	89	1	0	0	0	88	0	0	2	0	1	1	0	1	0	0	3	200	-1	-1	130	0	0
389	"Ice Enhancement"	25	40	42	0	6	0	120	0	0	0	0	6	1	4	7	0	0	0	0	3	0	0	0	0	0	0	0	3	0	0	3	3	0	3	0	5	90	1	0	0	0	89	0	0	2	0	0	0	0	0	0	0	3	45	-1	-1	150	0	0
390	"Meteor Enhancement"	21	40	13	0	6	0	104	0	0	0	0	6	1	4	2	0	0	0	0	3	0	0	0	0	0	0	0	3	0	0	0	0	0	3	0	6	210	1	0	0	0	90	0	0	2	0	0	0	0	0	0	0	3	45	-1	-1	190	0	0
391	"Sudden Ice Enhancement"	93	17	110	5	6	0	849	0	0	0	0	6	1	4	39	0	0	0	0	3	0	0	0	0	0	0	0	3	0	0	0	3	0	3	0	6	92	1	0	0	0	91	0	0	2	0	1	0	0	0	0	0	3	90	-1	-1	115	0	0
392	"Hell Burst Enhancement"	100	17	198	49	6	0	1052	0	0	0	0	6	1	4	40	0	0	0	0	3	0	0	0	0	0	0	0	3	0	0	3	0	0	3	0	7	93	1	0	0	0	92	0	0	2	0	1	1	0	1	0	0	-1	-1	-1	-1	160	0	0
393	"Sudden Ice Mastery"	93	22	110	5	6	0	849	0	0	0	0	6	1	4	391	0	0	0	0	3	0	0	0	0	0	0	0	3	0	0	0	0	0	3	0	7	92	1	0	0	0	93	0	0	0	0	1	0	0	0	0	0	3	90	-1	-1	115	0	0
394	"Meteor Mastery"	21	1	14	0	6	0	104	0	0	0	0	6	1	4	390	0	0	0	0	3	0	0	0	0	0	0	0	3	0	0	0	0	0	3	0	8	210	1	0	0	0	95	0	0	0	0	0	0	0	0	0	0	3	45	-1	-1	190	0	0
395	"Hell Burst Enhancement (Casting Start)"	100	22	198	49	6	0	1052	0	0	0	0	6	1	4	58	0	0	0	0	3	0	0	0	0	0	0	0	0	0	0	0	0	0	3	0	7	93	1	0	0	0	92	0	0	2	0	1	1	0	1	0	0	-1	-1	-1	-1	160	0	0
397	"One-Handed Staff Enhancement"	0	22	0	0	0	0	0	0	0	0	0	0	1	3	0	0	0	0	0	3	0	0	3	0	0	0	0	0	0	0	3	0	0	0	0	2	96	1	0	0	0	97	0	0	2	0	0	0	0	0	0	0	-1	-1	-1	-1	100	0	0
398	"Two-Handed Staff Enhancement"	0	42	0	0	0	0	0	0	0	0	0	0	1	3	0	0	0	0	0	3	0	0	3	0	0	0	0	0	0	0	0	0	0	0	0	2	97	1	0	0	0	98	0	0	2	0	0	0	0	0	0	0	-1	-1	-1	-1	100	0	0
399	"Shield Enhancement"	0	10	0	0	0	0	0	0	0	0	0	0	-1	3	0	0	0	0	0	3	0	0	0	0	0	0	0	3	0	0	0	3	0	0	0	2	98	1	0	0	0	99	0	0	0	0	0	0	0	0	0	0	-1	-1	-1	-1	100	0	0
400	"One-Handed Staff Mastery"	0	23	0	0	0	0	0	0	0	0	0	0	-1	3	0	0	0	0	0	3	0	0	3	0	0	0	0	0	0	0	3	0	0	0	0	3	99	1	0	0	0	100	0	0	0	0	0	0	0	0	0	0	-1	-1	-1	-1	100	0	0
401	"Two-Handed Staff Mastery"	0	42	0	0	0	0	0	0	0	0	0	0	1	3	0	0	0	0	0	3	0	0	3	0	0	0	0	0	0	0	0	0	0	0	0	3	100	1	0	0	0	101	0	0	0	0	0	0	0	0	0	0	-1	-1	-1	-1	100	0	0
402	"Shield Mastery"	0	17	0	0	0	0	0	0	0	0	0	0	-1	3	0	0	0	0	0	3	0	0	0	0	0	0	0	3	0	0	0	3	0	0	0	3	101	1	0	0	0	102	0	0	0	0	0	0	0	0	0	0	-1	-1	-1	-1	100	0	0
403	"Soul Barrier Enhancement"	77	7	77	24	6	0	408	0	0	0	0	0	1	4	16	0	0	0	0	3	0	0	0	0	0	0	0	0	0	0	0	0	0	0	0	4	102	1	0	0	0	103	1	0	0	4	3	0	0	0	0	0	-1	-1	-1	-1	100	0	0
404	"Soul Barrier Proficiency"	77	10	84	26	6	0	408	0	0	0	0	0	1	4	403	0	0	0	0	3	0	0	0	0	0	0	0	0	0	0	0	0	0	0	0	5	102	1	0	0	0	104	1	0	0	4	3	0	0	0	0	0	-1	-1	-1	-1	100	0	0
405	"Minimum Magic Power Increase"	0	22	0	0	0	0	0	0	0	0	0	0	-1	3	0	0	0	0	0	3	0	0	3	0	0	0	0	3	0	3	3	3	0	3	0	5	103	1	0	0	0	105	0	0	2	0	0	0	0	0	0	0	-1	-1	-1	-1	100	0	0
406	"Soul Barrier Mastery"	77	7	92	28	6	0	408	0	0	0	0	0	1	4	404	0	0	0	0	3	0	0	0	0	0	0	0	0	0	0	0	0	0	0	0	6	102	1	0	0	0	106	1	0	0	140	3	0	0	0	0	0	-1	-1	-1	-1	100	0	0
407	"Maximum Magic Power Increase"	0	3	0	0	0	0	0	0	0	0	0	0	-1	3	0	0	0	0	0	3	0	0	3	0	0	0	0	3	0	3	3	3	0	3	0	6	104	1	0	0	0	107	0	0	2	0	0	0	0	0	0	0	-1	-1	-1	-1	100	0	0
409	"Phantom Wings Absorption Boost"	0	38	0	0	0	0	0	0	0	0	0	0	-1	3	0	0	0	0	0	0	0	3	0	0	0	0	0	0	0	0	0	0	0	0	0	8	106	1	0	0	0	109	0	0	0	0	0	0	0	0	0	0	-1	-1	-1	-1	100	0	0
410	"Phantom Wings Defense Boost"	0	17	0	0	0	0	0	0	0	0	0	0	-1	3	0	0	0	0	0	0	0	3	0	0	0	0	0	0	0	0	0	0	0	0	0	8	107	1	0	0	0	110	0	0	0	0	0	0	0	0	0	0	-1	-1	-1	-1	100	0	0
411	"Multi Shot Enhancement"	100	22	11	7	6	0	0	0	0	0	0	6	0	4	235	0	0	0	0	0	0	3	0	0	0	0	0	0	0	0	0	0	0	0	0	6	211	1	0	0	0	111	0	0	1	0	1	0	0	0	0	5	2	100	-1	-1	105	0	0
412	"Phantom Wings Attack Boost"	0	17	0	0	0	0	0	0	0	0	0	0	-1	3	0	0	0	0	0	0	0	3	0	0	0	0	0	0	0	0	0	0	0	0	0	9	109	1	0	0	0	112	0	0	0	0	0	0	0	0	0	0	-1	-1	-1	-1	100	0	0
413	"Heal Enhancement"	8	22	22	0	6	0	52	0	0	0	0	0	0	4	26	0	0	0	0	0	0	3	0	0	0	0	0	0	0	0	0	0	0	0	0	2	110	1	0	0	0	113	6	0	4	0	4	0	0	0	0	0	-1	-1	-1	-1	100	0	0
414	"Multiple Arrow Enhancement"	0	4	5	0	6	0	0	0	0	0	0	6	0	4	24	0	0	0	0	0	0	3	0	0	0	0	0	0	0	0	0	0	0	0	0	2	111	1	0	0	0	114	0	1	1	0	1	0	0	0	0	5	2	100	-1	-1	160	0	0
415	"Summoned Monster Enhancement (1)"	0	16	0	0	0	0	0	0	0	0	0	0	-1	3	0	0	0	0	0	0	0	3	0	0	0	0	0	0	0	0	0	0	0	0	0	2	112	1	0	0	0	115	0	0	0	0	0	0	0	0	0	0	-1	-1	-1	-1	100	0	0
416	"Piercing Enhancement"	130	17	10	11	6	0	0	0	0	0	0	6	0	4	52	0	0	0	0	0	0	3	0	0	0	0	0	0	0	0	0	0	0	0	0	3	113	1	0	0	0	116	0	0	1	0	1	0	2	0	0	5	2	200	-1	-1	130	0	0
417	"Defense Increase Enhancement"	13	22	33	0	6	0	72	0	0	0	0	0	-1	4	27	0	0	0	0	0	0	3	0	0	0	0	0	0	0	0	0	0	0	0	0	3	114	1	0	0	0	117	1	0	4	2	4	0	0	0	0	0	-1	-1	-1	-1	100	0	0
418	"Multiple Arrow Mastery"	0	0	9	0	6	0	0	0	0	0	0	6	0	4	414	0	0	0	0	0	0	3	0	0	0	0	0	0	0	0	0	0	0	0	0	3	111	10	0	0	0	118	0	1	0	0	1	0	0	0	0	5	2	100	-1	-1	160	0	0
419	"Summoned Monster Enhancement (2)"	0	16	0	0	0	0	0	0	0	0	0	0	-1	3	0	0	0	0	0	0	0	3	0	0	0	0	0	0	0	0	0	0	0	0	0	3	115	1	0	0	0	119	0	0	0	0	0	0	0	0	0	0	-1	-1	-1	-1	100	0	0
420	"Attack Increase Enhancement"	18	22	44	0	6	0	92	0	0	0	0	0	-1	4	28	0	0	0	0	0	0	3	0	0	0	0	0	0	0	0	0	0	0	0	0	4	116	1	0	0	0	120	1	0	4	1	4	0	0	0	0	0	-1	-1	-1	-1	100	0	0
421	"Weapon Mastery"	0	22	0	0	0	0	0	0	0	0	0	0	-1	3	0	0	0	0	0	0	0	3	0	0	0	0	0	0	0	0	0	0	0	0	0	4	117	1	0	0	0	121	0	0	1	0	0	0	0	0	0	0	-1	-1	-1	-1	100	0	0
422	"Attack Increase Mastery"	18	22	48	0	6	0	92	0	0	0	0	0	-1	4	420	0	0	0	0	0	0	3	0	0	0	0	0	0	0	0	0	0	0	0	0	5	116	1	0	0	0	122	1	0	4	1	4	0	0	0	0	0	-1	-1	-1	-1	100	0	0
423	"Defense Increase Mastery"	13	22	36	0	6	0	72	0	0	0	0	0	-1	4	417	0	0	0	0	0	0	3	0	0	0	0	0	0	0	0	0	0	0	0	0	5	114	1	0	0	0	123	1	0	4	2	4	0	0	0	0	0	-1	-1	-1	-1	100	0	0
424	"Ice Arrow Enhancement"	0	22	15	18	8	0	0	0	646	0	0	6	0	4	51	0	0	0	0	0	0	3	0	0	0	0	0	0	0	0	0	0	0	0	0	5	118	1	0	0	0	124	0	0	1	0	0	0	0	0	0	5	2	150	-1	-1	115	0	0
425	"Cure"	0	0	72	10	6	3000	0	0	0	0	0	0	-1	4	0	0	0	0	0	0	0	3	0	0	0	0	0	0	0	0	0	3	0	0	0	6	119	10	0	0	0	125	3	0	0	0	4	0	0	0	0	0	-1	-1	-1	-1	100	0	0
426	"Party Heal"	0	0	266	12	6	0	20	0	0	0	0	0	-1	4	0	0	0	0	0	0	0	3	0	0	0	0	0	0	0	0	0	0	0	0	0	7	120	10	0	0	0	126	6	0	4	0	4	0	0	0	0	0	-1	-1	-1	-1	100	0	0
427	"Poison Arrow"	0	27	50	50	6	1000	0	0	0	0	0	6	0	4	0	0	0	0	0	0	0	3	0	0	0	0	0	0	0	0	0	0	0	0	0	8	121	10	0	0	0	127	0	0	0	0	0	0	0	0	0	5	2	100	-1	-1	165	0	0
428	"Summoned Monster Enhancement (3)"	0	16	0	0	0	0	0	0	0	0	0	0	-1	3	0	0	0	0	0	0	0	3	0	0	0	0	0	0	0	0	0	0	0	0	0	7	122	1	0	0	0	128	0	0	0	0	0	0	0	0	0	0	-1	-1	-1	-1	100	0	0
429	"Party Heal Enhancement"	0	22	272	13	6	0	20	0	0	0	0	0	-1	4	426	0	0	0	0	0	0	3	0	0	0	0	0	0	0	0	0	0	0	0	0	8	120	1	0	0	0	129	6	0	4	0	4	0	0	0	0	0	-1	-1	-1	-1	100	0	0
430	"Bless"	0	0	108	18	6	3000	20	0	0	0	0	0	-1	4	0	0	0	0	0	0	0	3	0	0	0	0	0	0	0	0	0	0	0	0	0	8	123	10	0	0	300	130	1	0	4	142	4	0	0	0	0	0	-1	-1	-1	-1	100	0	0
431	"Multi Shot Mastery"	100	1	12	8	6	0	0	0	0	0	0	6	0	4	411	0	0	0	0	0	0	3	0	0	0	0	0	0	0	0	0	0	0	0	0	7	211	1	0	0	0	243	0	0	0	0	1	0	0	0	0	5	2	100	-1	-1	105	0	0
432	"Satyrus Summon"	0	0	525	52	6	0	300	0	0	0	0	0	-1	4	0	0	0	0	0	0	0	3	0	0	0	0	0	0	0	0	0	0	0	0	0	8	125	10	0	0	0	132	4	0	0	0	1	1	0	1	0	0	-1	-1	-1	-1	100	0	0
433	"Bless Enhancement"	0	10	118	20	6	3000	20	0	0	0	0	0	-1	4	430	0	0	0	0	0	0	3	0	0	0	0	0	0	0	0	0	0	0	0	0	9	123	1	0	0	300	133	1	0	4	142	4	0	0	0	0	0	-1	-1	-1	-1	100	0	0
434	"Poison Arrow Enhancement"	0	40	50	50	6	500	0	0	0	0	0	6	0	4	427	0	0	0	0	0	0	3	0	0	0	0	0	0	0	0	0	0	0	0	0	9	121	1	0	0	0	131	0	0	1	0	0	0	0	0	0	5	2	100	-1	-1	165	0	0
435	"Bow Enhancement"	0	3	0	0	0	0	0	0	0	0	0	0	-1	3	0	0	0	0	0	0	0	3	0	0	0	0	0	0	0	0	0	0	0	0	0	2	126	1	0	0	0	135	0	0	1	0	0	0	0	0	0	0	-1	-1	-1	-1	100	0	0
436	"Crossbow Enhancement"	0	4	0	0	0	0	0	0	0	0	0	0	-1	3	0	0	0	0	0	0	0	3	0	0	0	0	0	0	0	0	0	0	0	0	0	2	127	1	0	0	0	136	0	0	1	0	0	0	0	0	0	0	-1	-1	-1	-1	100	0	0
437	"Shield Type Enhancement"	0	10	0	0	0	0	0	0	0	0	0	0	-1	3	0	0	0	0	0	0	0	3	0	0	0	0	0	0	0	0	0	0	0	0	0	2	128	1	0	0	0	137	0	0	0	0	0	0	0	0	0	0	-1	-1	-1	-1	100	0	0
438	"Bow Mastery"	0	23	0	0	0	0	0	0	0	0	0	0	-1	3	0	0	0	0	0	0	0	3	0	0	0	0	0	0	0	0	0	0	0	0	0	3	129	1	0	0	0	138	0	0	0	0	0	0	0	0	0	0	-1	-1	-1	-1	100	0	0
439	"Crossbow Mastery"	0	5	0	0	0	0	0	0	0	0	0	0	-1	3	0	0	0	0	0	0	0	3	0	0	0	0	0	0	0	0	0	0	0	0	0	3	130	1	0	0	0	139	0	0	0	0	0	0	0	0	0	0	-1	-1	-1	-1	100	0	0
440	"Shield Type Mastery"	0	15	0	0	0	0	0	0	0	0	0	0	-1	3	0	0	0	0	0	0	0	3	0	0	0	0	0	0	0	0	0	0	0	0	0	3	131	1	0	0	0	140	0	0	0	0	0	0	0	0	0	0	-1	-1	-1	-1	100	0	0
441	"Infinity Arrow Enhancement"	220	1	55	11	0	0	0	0	0	0	0	0	-1	4	77	0	0	0	0	0	0	3	0	0	0	0	0	0	0	0	0	0	0	0	0	5	132	1	0	0	0	141	1	0	0	143	2	1	0	1	0	0	-1	-1	-1	-1	100	0	0
442	"Minimum Attack Increase"	0	22	0	0	0	0	0	0	0	0	0	0	0	3	0	0	0	0	0	0	0	3	0	0	0	0	0	0	0	0	0	0	0	0	0	5	133	1	0	0	0	61	0	0	1	0	0	0	0	0	0	0	-1	-1	-1	-1	100	0	0
443	"Maximum Attack Increase"	0	3	0	0	0	0	0	0	0	0	0	0	0	3	0	0	0	0	0	0	0	3	0	0	0	0	0	0	0	0	0	0	0	0	0	6	134	1	0	0	0	143	0	0	1	0	0	0	0	0	0	0	-1	-1	-1	-1	100	0	0
445	"Dimensional Wings Absorption Boost"	0	38	0	0	0	0	0	0	0	0	0	0	-1	3	0	0	0	0	0	0	0	0	0	0	3	0	0	0	0	0	0	0	0	0	0	8	136	1	0	0	0	145	0	0	0	0	0	0	0	0	0	0	-1	-1	-1	-1	100	0	0
446	"Dimensional Wings Defense Boost"	0	17	0	0	0	0	0	0	0	0	0	0	-1	3	0	0	0	0	0	0	0	0	0	0	3	0	0	0	0	0	0	0	0	0	0	8	137	1	0	0	0	146	0	0	0	0	0	0	0	0	0	0	-1	-1	-1	-1	100	0	0
447	"Dimensional Wings Attack Boost"	0	17	0	0	0	0	0	0	0	0	0	0	-1	3	0	0	0	0	0	0	0	0	0	0	3	0	0	0	0	0	0	0	0	0	0	9	138	1	0	0	0	147	0	0	0	0	0	0	0	0	0	0	-1	-1	-1	-1	100	0	0
451	"Fire Attribute Mastery"	0	7	0	0	0	1000	0	0	0	0	0	0	1	3	0	0	0	0	0	0	0	0	0	0	3	0	0	0	0	0	0	0	0	0	0	3	139	1	0	0	0	151	0	0	0	0	0	0	0	0	0	0	-1	-1	-1	-1	100	0	0
452	"Earth Attribute Book Mastery"	0	1	0	0	0	0	0	0	0	0	0	0	-1	3	0	0	0	0	0	0	0	0	0	0	3	0	0	0	0	0	0	0	0	0	0	3	140	1	0	0	3	152	0	0	0	0	0	0	0	0	0	0	-1	-1	-1	-1	100	0	0
453	"Wind Attribute Book Mastery"	0	7	0	0	0	0	0	0	0	0	0	0	1	3	0	0	0	0	0	0	0	0	0	0	3	0	0	0	0	0	0	0	0	0	0	3	141	1	0	0	0	153	0	0	0	0	0	0	0	0	0	0	-1	-1	-1	-1	100	0	0
454	"Sleep Enhancement"	40	1	30	7	6	0	180	0	0	0	0	0	1	4	219	0	0	0	0	0	0	0	0	0	3	0	0	0	0	0	0	0	0	0	0	3	142	1	0	0	0	154	2	0	0	0	0	0	0	0	0	0	-1	-1	-1	-1	100	0	0
455	"Chain Lightning Enhancement"	75	22	103	0	6	0	245	0	0	0	0	6	1	4	215	0	0	0	0	0	0	0	0	0	3	0	0	0	0	0	0	0	0	0	0	3	143	1	0	0	0	155	0	0	2	0	0	0	0	0	0	0	3	200	-1	-1	105	0	0
456	"Lightning Shock Enhancement"	93	22	125	10	6	0	823	0	0	0	0	6	1	4	230	0	0	0	0	0	0	0	0	0	3	0	0	0	0	0	0	0	0	0	0	4	144	1	0	0	0	156	0	0	2	0	1	0	2	0	0	0	3	200	-1	-1	105	0	0
457	"Magic Mastery"	0	22	0	0	0	0	0	0	0	0	0	0	1	3	0	0	0	0	0	0	0	0	0	0	3	0	0	0	0	0	0	0	0	0	0	5	145	1	0	0	0	157	0	0	0	0	0	0	0	0	0	0	-1	-1	-1	-1	100	0	0
458	"Drain Life Enhancement"	35	22	57	0	6	0	150	0	0	0	0	6	1	4	214	0	0	0	0	0	0	0	0	0	3	0	0	0	0	0	0	0	0	0	0	5	146	1	0	0	0	158	0	0	2	0	0	0	0	0	0	0	-1	-1	-1	-1	100	0	0
459	"Weakness Enhancement"	93	3	50	15	8	30000	663	0	0	0	0	0	1	4	221	0	0	0	0	0	0	0	0	0	3	0	0	0	0	0	0	0	0	0	0	6	147	1	0	0	30	159	2	0	0	0	1	0	2	0	0	11	-1	-1	-1	-1	100	0	0
460	"Enervation Enhancement"	111	3	50	15	8	30000	663	0	0	0	0	0	1	4	222	0	0	0	0	0	0	0	0	0	3	0	0	0	0	0	0	0	0	0	0	6	148	1	0	0	30	160	2	0	0	0	1	0	2	0	0	11	-1	-1	-1	-1	100	0	0
461	"Blind"	0	0	115	25	3	5000	20	0	0	0	0	0	1	4	0	0	0	0	0	0	0	0	0	0	3	0	0	0	0	0	0	0	0	0	0	8	149	10	0	0	7	161	2	0	0	0	0	0	0	0	0	0	-1	-1	-1	-1	100	0	0
462	"Drain Life Mastery"	35	9	62	0	6	0	150	0	0	0	0	6	1	4	458	0	0	0	0	0	0	0	0	0	3	0	0	0	0	0	0	0	0	0	0	7	146	1	0	0	0	162	0	0	2	0	0	0	0	0	0	0	-1	-1	-1	-1	100	0	0
463	"Blind Enhancement"	0	1	126	27	3	5000	20	0	0	0	0	0	1	4	461	0	0	0	0	0	0	0	0	0	3	0	0	0	0	0	0	0	0	0	0	9	149	1	0	0	7	163	2	0	0	0	1	0	0	0	0	0	-1	-1	-1	-1	100	0	0
465	"Stick Enhancement"	0	22	0	0	0	0	0	0	0	0	0	0	1	3	0	0	0	0	0	0	0	0	0	0	3	0	0	0	0	0	0	0	0	0	0	2	150	1	0	0	0	165	0	0	2	0	0	0	0	0	0	0	-1	-1	-1	-1	100	0	0
466	"Abyss Book Enhancement"	0	4	0	0	0	0	0	0	0	0	0	0	1	3	0	0	0	0	0	0	0	0	0	0	3	0	0	0	0	0	0	0	0	0	0	2	151	1	0	0	0	166	0	0	3	0	0	0	0	0	0	0	-1	-1	-1	-1	100	0	0
467	"Stick Mastery"	0	5	0	0	0	0	0	0	0	0	0	0	1	3	0	0	0	0	0	0	0	0	0	0	3	0	0	0	0	0	0	0	0	0	0	3	152	1	0	0	0	167	0	0	0	0	0	0	0	0	0	0	-1	-1	-1	-1	100	0	0
468	"Abyss Book Mastery"	0	23	0	0	0	0	0	0	0	0	0	0	-1	3	0	0	0	0	0	0	0	0	0	0	3	0	0	0	0	0	0	0	0	0	0	3	153	1	0	0	0	168	0	0	0	0	0	0	0	0	0	0	-1	-1	-1	-1	100	0	0
469	"Berserker Enhancement"	83	172	165	82	5	5000	300	0	0	0	0	0	1	4	218	0	0	0	0	0	0	0	0	0	3	0	0	0	0	0	0	0	0	0	0	5	154	1	0	0	0	169	1	0	0	150	2	1	0	1	0	10	-1	-1	-1	-1	100	0	0
470	"Berserker Mastery"	83	173	181	90	5	5000	300	0	0	0	0	0	1	4	469	0	0	0	0	0	0	0	0	0	3	0	0	0	0	0	0	0	0	0	0	6	154	1	0	0	0	172	1	0	0	152	2	1	0	1	0	10	-1	-1	-1	-1	100	0	0
471	"Min Magic/Curse Increase"	0	22	0	0	0	0	0	0	0	0	0	0	-1	3	0	0	0	0	0	0	0	0	0	0	3	0	0	0	0	0	0	0	0	0	0	5	155	1	0	0	0	171	0	0	0	0	0	0	0	0	0	0	-1	-1	-1	-1	100	0	0
473	"Max Magic/Curse Increase"	0	3	0	0	0	0	0	0	0	0	0	0	-1	3	0	0	0	0	0	0	0	0	0	0	3	0	0	0	0	0	0	0	0	0	0	6	156	1	0	0	0	173	0	0	0	0	0	0	0	0	0	0	-1	-1	-1	-1	100	0	0
475	"Destruction Wings Absorption Boost"	0	38	0	0	0	0	0	0	0	0	0	0	-1	3	0	0	0	0	0	0	0	0	3	0	0	0	0	0	0	0	0	0	0	0	0	8	158	1	0	0	0	175	0	0	0	0	0	0	0	0	0	0	-1	-1	-1	-1	100	0	0
476	"Destruction Wings Defense Boost"	0	17	0	0	0	0	0	0	0	0	0	0	-1	3	0	0	0	0	0	0	0	0	3	0	0	0	0	0	0	0	0	0	0	0	0	8	159	1	0	0	0	176	0	0	0	0	0	0	0	0	0	0	-1	-1	-1	-1	100	0	0
478	"Destruction Wings Attack Boost"	0	17	0	0	0	0	0	0	0	0	0	0	-1	3	0	0	0	0	0	0	0	0	3	0	0	0	0	0	0	0	0	0	0	0	0	9	161	1	0	0	0	178	0	0	0	0	0	0	0	0	0	0	-1	-1	-1	-1	100	0	0
479	"Spin Attack Enhancement"	0	4	9	0	2	0	0	0	0	0	0	6	0	4	22	0	0	0	0	0	0	0	3	0	0	0	0	0	0	0	0	0	0	0	0	2	162	1	0	0	0	179	0	1	1	0	0	0	0	0	0	0	1	30	-1	-1	165	0	0
480	"Lightning Enhancement"	13	40	20	0	6	0	72	0	0	0	0	6	1	4	3	0	0	0	0	0	0	0	3	0	0	0	0	0	0	0	0	0	0	0	0	2	163	1	0	0	0	180	0	0	2	0	0	0	0	0	0	0	3	40	-1	-1	180	0	0
481	"Whirlwind Slash Enhancement"	0	40	10	10	2	0	0	0	0	0	0	6	0	4	41	0	0	0	0	0	0	0	3	0	0	0	0	0	0	0	0	0	0	0	0	2	164	1	0	0	0	181	0	0	1	0	1	1	0	1	0	2	1	40	-1	-1	150	0	0
482	"Power Slash Enhancement"	0	17	15	0	5	0	0	0	0	0	0	6	-1	4	56	0	0	0	0	0	0	0	3	0	0	0	0	0	0	0	0	0	0	0	0	2	165	1	0	0	0	182	0	1	1	0	1	0	2	0	0	2	1	100	-1	-1	125	0	0
483	"Flame Pillar Enhancement"	35	17	55	0	6	0	160	0	0	0	0	6	1	4	5	0	0	0	0	0	0	0	3	0	0	0	0	0	0	0	0	0	0	0	0	3	166	1	0	0	0	183	0	0	2	0	1	0	0	0	0	0	3	100	-1	-1	120	0	0
484	"Blast Enhancement"	80	17	165	0	6	0	500	0	0	0	0	6	1	4	13	0	0	0	0	0	0	0	3	0	0	0	0	0	0	0	0	0	0	0	0	3	167	1	0	0	0	184	0	0	2	0	0	0	0	0	0	0	3	150	-1	-1	130	0	0
485	"Weapon Mastery"	0	22	0	0	0	0	0	0	0	0	0	0	-1	3	0	0	0	0	0	0	0	0	3	0	0	0	0	0	0	0	0	0	0	0	0	3	168	1	0	0	0	185	0	0	1	0	0	0	0	0	0	0	-1	-1	-1	-1	100	0	0
486	"Inferno Enhancement"	88	4	220	0	4	0	724	0	0	0	0	6	1	4	14	0	0	0	0	0	0	0	3	0	0	0	0	0	0	0	0	0	0	0	0	4	169	1	0	0	0	186	0	0	2	0	1	1	0	1	0	0	3	90	-1	-1	110	0	0
487	"Evil Spirit Enhancement"	50	4	108	0	6	0	220	0	0	0	0	6	1	4	9	0	0	0	0	0	0	0	3	0	0	0	0	0	0	0	0	0	0	0	0	4	170	1	0	0	0	187	0	0	2	0	1	0	0	0	0	0	3	150	-1	-1	110	0	0
488	"Magic Mastery"	0	22	0	0	0	0	0	0	0	0	0	0	-1	3	0	0	0	0	0	0	0	0	3	0	0	0	0	0	0	0	0	0	0	0	0	4	171	1	0	0	0	188	0	0	2	0	0	0	0	0	0	0	-1	-1	-1	-1	100	0	0
489	"Ice Enhancement"	25	40	42	0	6	0	120	0	0	0	0	6	1	4	7	0	0	0	0	0	0	0	3	0	0	0	0	0	0	0	0	0	0	0	0	5	172	1	0	0	0	189	0	0	2	0	0	0	0	0	0	0	3	45	-1	-1	150	0	0
490	"Blood Attack Enhancement"	0	3	15	12	3	0	0	596	0	0	0	6	-1	4	55	0	0	0	0	0	0	0	3	0	0	0	0	0	0	0	0	0	0	0	0	4	173	1	0	0	0	190	0	0	1	0	1	0	2	0	0	2	1	150	-1	-1	105	0	0
491	"Ice Mastery"	25	1	46	0	6	0	120	0	0	0	0	6	1	4	489	0	0	0	0	0	0	0	3	0	0	0	0	0	0	0	0	0	0	0	0	6	172	1	0	0	0	246	0	0	0	0	0	0	0	0	0	0	3	45	-1	-1	150	0	0
492	"Flame Strike Enhancement"	0	4	30	37	3	0	0	0	0	0	0	6	1	4	236	0	0	0	0	0	0	0	3	0	0	0	0	0	0	0	0	0	0	0	0	6	175	1	0	0	0	192	0	0	1	0	1	0	2	0	0	2	1	200	-1	-1	135	0	0
493	"Blood Attack Mastery"	0	7	17	12	3	0	0	596	0	0	0	6	-1	4	490	0	0	0	0	0	0	0	3	0	0	0	0	0	0	0	0	0	0	0	0	5	173	1	0	0	0	193	0	0	0	0	1	0	2	0	0	0	1	150	-1	-1	105	0	0
494	"Flame Strike Mastery"	0	7	33	40	3	0	0	0	0	0	0	6	1	4	492	0	0	0	0	0	0	0	3	0	0	0	0	0	0	0	0	0	0	0	0	7	175	1	0	0	0	194	0	0	0	0	1	0	2	0	0	2	1	200	-1	-1	135	0	0
495	"Earth Prison"	0	26	180	15	3	5000	20	0	0	0	0	6	1	4	0	0	0	0	0	3	0	0	3	0	0	0	0	3	0	0	3	3	0	3	0	8	178	10	0	0	0	197	0	0	2	0	1	1	0	1	0	0	3	200	-1	-1	135	0	0
496	"Gigantic Storm Enhancement"	220	3	132	10	6	0	1058	0	0	0	0	6	1	4	237	0	0	0	0	0	0	0	3	0	0	0	0	0	0	0	0	0	0	0	0	5	180	1	0	0	0	199	0	0	2	0	1	0	2	0	0	0	3	250	-1	-1	115	0	0
497	"Earth Prison Enhancement"	0	4	198	17	3	3000	20	0	0	0	0	6	1	4	495	0	0	0	0	3	0	0	3	0	0	0	0	3	0	0	3	3	0	3	0	9	178	1	0	0	0	201	0	0	2	0	1	1	0	1	0	0	1	200	-1	-1	135	0	0
504	"Cloak of Emperor Absorption Boost"	0	38	0	0	0	0	0	0	0	0	0	0	-1	3	0	0	0	0	0	0	0	0	0	3	0	0	0	0	0	0	0	0	0	0	0	8	182	1	0	0	0	204	0	0	0	0	0	0	0	0	0	0	-1	-1	-1	-1	100	0	0
505	"Cloak of Emperor Defense Boost"	0	17	0	0	0	0	0	0	0	0	0	0	-1	3	0	0	0	0	0	0	0	0	0	3	0	0	0	0	0	0	0	0	0	0	0	8	183	1	0	0	0	205	0	0	0	0	0	0	0	0	0	0	-1	-1	-1	-1	100	0	0
506	"Leadership Stat Bonus"	0	40	0	0	0	0	0	0	0	0	0	0	-1	3	0	0	0	0	0	0	0	0	0	3	0	0	0	0	0	0	0	0	0	0	0	6	184	1	0	0	0	206	0	0	0	0	0	0	0	0	0	0	-1	-1	-1	-1	100	0	0
507	"Cloak of Emperor Attack Boost"	0	17	0	0	0	0	0	0	0	0	0	0	-1	3	0	0	0	0	0	0	0	0	0	3	0	0	0	0	0	0	0	0	0	0	0	9	185	1	0	0	0	207	0	0	0	0	0	0	0	0	0	0	-1	-1	-1	-1	100	0	0
508	"Fire Burst Enhancement"	74	4	13	0	6	0	79	0	0	0	0	6	1	4	61	0	0	0	0	0	0	0	0	3	0	0	0	0	0	0	0	0	0	0	0	2	186	1	0	0	0	208	0	0	1	0	0	0	0	0	0	0	1	80	-1	-1	135	0	0
510	"Horse Enhancement"	0	17	0	0	0	0	0	0	0	0	0	0	-1	3	0	0	0	0	0	0	0	0	0	3	0	0	0	0	0	0	0	0	0	0	0	4	188	1	0	0	0	210	0	0	0	0	0	0	0	0	0	0	-1	-1	-1	-1	100	0	0
511	"Lord Dignity Enhancement"	82	321	65	65	0	10000	102	0	0	300	0	0	-1	4	64	0	0	0	0	0	0	0	0	3	0	0	0	0	0	0	0	0	0	0	0	5	189	1	0	0	0	211	1	0	0	148	2	1	0	1	0	0	-1	-1	-1	-1	100	0	0
512	"Earth Shake Enhancement"	0	4	0	75	10	8500	0	0	0	0	0	6	0	4	62	0	0	0	0	0	0	0	0	3	0	0	0	0	0	0	0	0	0	0	0	5	190	1	0	0	0	212	0	0	1	0	1	1	0	1	0	0	-1	-1	-1	-1	100	0	0
513	"Weapon Mastery"	0	22	0	0	0	0	0	0	0	0	0	0	-1	3	0	0	0	0	0	0	0	0	0	3	0	0	0	0	0	0	0	0	0	0	0	3	191	1	0	0	0	213	0	0	1	0	0	0	0	0	0	0	-1	-1	-1	-1	100	0	0
514	"Fire Burst Mastery"	74	1	13	0	6	0	79	0	0	0	0	6	1	4	508	0	0	0	0	0	0	0	0	3	0	0	0	0	0	0	0	0	0	0	0	4	186	1	0	0	0	214	0	0	0	0	0	0	0	0	0	0	1	80	-1	-1	135	0	0
518	"Fire Scream Enhancement"	102	22	14	5	6	0	150	0	0	70	0	6	1	4	78	0	0	0	0	0	0	0	0	3	0	0	0	0	0	0	0	0	0	0	0	2	192	1	0	0	0	218	0	0	1	0	0	0	2	0	0	0	1	100	-1	-1	130	0	0
519	"Electric Spike Enhancement"	92	3	10	35	10	500	126	0	0	340	0	6	1	4	65	0	0	0	0	0	0	0	0	3	0	0	0	0	0	0	0	0	0	0	0	2	193	1	0	0	0	219	0	0	1	0	1	1	0	1	0	0	1	100	-1	-1	125	1	0
520	"Fire Scream Mastery"	102	5	14	5	6	0	150	0	0	70	0	6	1	4	518	0	0	0	0	0	0	0	0	3	0	0	0	0	0	0	0	0	0	0	0	3	192	1	0	0	0	220	0	0	0	0	0	0	2	0	0	0	1	100	-1	-1	130	0	0
523	"Chaotic Desire Enhancement"	100	22	15	8	6	0	84	0	0	0	0	6	1	4	238	0	0	0	0	0	0	0	0	3	0	0	0	0	0	0	0	0	0	0	0	2	194	1	0	0	0	223	0	0	1	0	1	0	2	0	0	0	1	80	-1	-1	130	1	0
527	"Scepter Enhancement"	0	305	0	0	0	0	0	0	0	0	0	0	0	3	0	0	0	0	0	0	0	0	0	3	0	0	0	0	0	0	0	0	0	0	0	2	197	1	0	0	0	227	0	0	1	0	0	0	0	0	0	0	-1	-1	-1	-1	100	0	0
528	"Shield Enhancement"	0	10	0	0	0	0	0	0	0	0	0	0	-1	3	0	0	0	0	0	0	0	0	0	3	0	0	0	0	0	0	0	0	0	0	0	2	198	1	0	0	0	228	0	0	0	0	0	0	0	0	0	0	-1	-1	-1	-1	100	0	0
529	"Scepter Enhancement: Spirit Boost"	0	3	0	0	0	0	0	0	0	0	0	0	-1	3	0	0	0	0	0	0	0	0	0	3	0	0	0	0	0	0	0	0	0	0	0	2	199	1	0	0	0	229	0	0	0	0	0	0	0	0	0	0	-1	-1	-1	-1	100	0	0
530	"Spirit Critical Rate Boost"	0	7	0	0	0	0	0	0	0	0	0	0	-1	3	0	0	0	0	0	0	0	0	0	3	0	0	0	0	0	0	0	0	0	0	0	3	200	1	0	0	0	230	0	0	0	0	0	0	0	0	0	0	-1	-1	-1	-1	100	0	0
531	"Scepter Mastery"	0	5	0	0	0	0	0	0	0	0	0	0	-1	3	0	0	0	0	0	0	0	0	0	3	0	0	0	0	0	0	0	0	0	0	0	3	201	1	0	0	0	231	0	0	0	0	0	0	0	0	0	0	-1	-1	-1	-1	100	0	0
532	"Shield Mastery"	0	17	0	0	0	0	0	0	0	0	0	0	-1	3	0	0	0	0	0	0	0	0	0	3	0	0	0	0	0	0	0	0	0	0	0	3	202	1	0	0	0	232	0	0	0	0	0	0	0	0	0	0	-1	-1	-1	-1	100	0	0
533	"Leadership Attack Power Increase"	0	20	0	0	0	0	0	0	0	0	0	0	-1	3	0	0	0	0	0	0	0	0	0	3	0	0	0	0	0	0	0	0	0	0	0	2	203	1	0	0	0	233	0	0	0	0	0	0	0	0	0	0	-1	-1	-1	-1	100	0	0
534	"Spirit Excellent Rate Boost"	0	1	0	0	0	0	0	0	0	0	0	0	-1	3	0	0	0	0	0	0	0	0	0	3	0	0	0	0	0	0	0	0	0	0	0	4	204	1	0	0	0	234	0	0	0	0	0	0	0	0	0	0	-1	-1	-1	-1	100	0	0
538	"Spirit Noble"	0	1	0	0	0	0	0	0	0	0	0	0	-1	3	0	0	0	0	0	0	0	0	0	3	0	0	0	0	0	0	0	0	0	0	0	8	208	1	0	0	0	238	0	0	0	0	0	0	0	0	0	0	-1	-1	-1	-1	100	0	0
539	"Spirit Lord"	0	38	0	0	0	0	0	0	0	0	0	0	-1	3	0	0	0	0	0	0	0	0	0	3	0	0	0	0	0	0	0	0	0	0	0	9	209	1	0	0	0	239	0	0	0	0	0	0	0	0	0	0	-1	-1	-1	-1	100	0	0
548	"Cloak of Dominance Absorption Boost"	0	38	0	0	0	0	0	0	0	0	0	0	-1	3	0	0	0	0	0	0	0	0	0	0	0	3	0	0	0	0	0	0	0	0	0	8	212	1	0	0	0	248	0	0	0	0	0	0	0	0	0	0	-1	-1	-1	-1	100	0	0
549	"Cloak of Dominance Defense Boost"	0	17	0	0	0	0	0	0	0	0	0	0	-1	3	0	0	0	0	0	0	0	0	0	0	0	3	0	0	0	0	0	0	0	0	0	8	213	1	0	0	0	249	0	0	0	0	0	0	0	0	0	0	-1	-1	-1	-1	100	0	0
550	"Cloak of Dominance Attack Boost"	0	17	0	0	0	0	0	0	0	0	0	0	-1	3	0	0	0	0	0	0	0	0	0	0	0	3	0	0	0	0	0	0	0	0	0	9	214	1	0	0	0	250	0	0	0	0	0	0	0	0	0	0	-1	-1	-1	-1	100	0	0
551	"Cling Blow Enhancement"	0	22	10	0	2	0	0	0	0	0	0	6	1	4	260	0	0	0	0	0	0	0	0	0	0	3	0	0	0	0	0	0	0	0	0	2	215	1	0	0	0	251	0	1	1	0	0	0	1	0	0	0	4	100	-1	-1	155	0	0
552	"Beast Upper Enhancement"	0	22	10	0	2	0	0	0	0	0	0	6	1	4	261	0	0	0	0	0	0	0	0	0	0	3	0	0	0	0	0	0	0	0	0	2	216	1	0	0	0	252	0	1	1	0	0	0	1	0	0	0	4	100	-1	-1	155	0	0
554	"Cling Blow Mastery"	0	1	10	0	2	0	0	0	0	0	0	6	1	4	551	0	0	0	0	0	0	0	0	0	0	3	0	0	0	0	0	0	0	0	0	3	215	1	0	0	0	254	0	1	0	0	0	0	1	0	0	0	4	100	-1	-1	155	0	0
555	"Beast Upper Mastery"	0	1	10	0	2	0	0	0	0	0	0	6	1	4	552	0	0	0	0	0	0	0	0	0	0	3	0	0	0	0	0	0	0	0	0	3	216	1	0	0	0	255	0	1	0	0	0	0	1	0	0	0	4	100	-1	-1	155	0	0
556	"Defense Success Rate Increase"	0	5	0	0	0	0	0	0	0	0	0	0	-1	3	0	0	0	0	0	0	0	0	0	0	0	3	0	0	0	0	0	0	0	0	0	4	217	1	0	0	0	13	0	0	0	0	0	0	0	0	0	0	-1	-1	-1	-1	100	0	0
557	"Weapon Mastery"	0	22	0	0	0	0	0	0	0	0	0	0	-1	3	0	0	0	0	0	0	0	0	0	0	0	3	0	0	0	0	0	0	0	0	0	4	218	1	0	0	0	35	0	0	0	0	0	0	0	0	0	0	-1	-1	-1	-1	100	0	0
558	"Chain Drive Enhancement"	150	22	22	22	4	700	0	0	0	0	0	6	1	4	262	0	0	0	0	0	0	0	0	0	0	3	0	0	0	0	0	0	0	0	0	5	219	1	0	0	0	258	0	0	1	0	0	0	1	0	0	7	-1	-1	-1	-1	105	0	0
559	"Dark Side Enhancement"	180	22	84	0	5	0	0	0	0	0	0	6	1	4	263	0	0	0	0	0	0	0	0	0	0	3	0	0	0	0	0	0	0	0	0	5	220	1	0	0	0	259	0	0	1	0	1	0	0	0	0	0	2	100	-1	-1	115	0	0
560	"Dragon Roar Enhancement"	150	22	60	33	3	700	0	0	0	0	0	6	1	4	264	0	0	0	0	0	0	0	0	0	0	3	0	0	0	0	0	0	0	0	0	5	221	1	0	0	0	260	0	0	1	0	0	0	1	0	0	7	-1	-1	-1	-1	100	0	0
561	"Dragon Roar Mastery"	150	1	66	36	3	700	0	0	0	0	0	6	1	4	560	0	0	0	0	0	0	0	0	0	0	3	0	0	0	0	0	0	0	0	0	6	221	1	0	0	0	261	0	0	1	0	0	0	1	0	0	7	-1	-1	-1	-1	100	0	0
562	"Chain Drive Mastery"	150	1	24	22	4	700	0	0	0	0	0	6	1	4	558	0	0	0	0	0	0	0	0	0	0	3	0	0	0	0	0	0	0	0	0	7	219	1	0	0	0	262	0	0	1	0	0	0	1	0	0	7	-1	-1	-1	-1	105	0	0
563	"Dark Side Mastery"	180	0	92	0	6	0	0	0	0	0	0	6	1	4	559	0	0	0	0	0	0	0	0	0	0	3	0	0	0	0	0	0	0	0	0	7	220	10	0	0	0	263	0	0	1	0	1	0	0	0	0	0	2	100	-1	-1	115	0	0
564	"Dragon Slasher Enhancement"	200	22	110	110	4	3000	0	0	0	0	0	6	1	4	265	0	0	0	0	0	0	0	0	0	0	3	0	0	0	0	0	0	0	0	0	7	222	1	0	0	0	264	0	0	0	0	0	0	1	0	0	7	-1	-1	-1	-1	100	0	0
565	"Blood Howling"	0	0	100	200	0	30000	0	0	0	0	0	0	1	4	0	0	0	0	0	0	0	0	0	0	0	3	0	0	0	0	0	0	0	0	0	8	223	10	0	0	60	265	1	0	0	0	2	1	0	1	0	0	-1	-1	-1	-1	100	0	0
566	"Dragon Slasher Mastery"	200	38	121	121	4	3000	0	0	0	0	0	6	1	4	564	0	0	0	0	0	0	0	0	0	0	3	0	0	0	0	0	0	0	0	0	8	222	1	0	0	0	266	0	0	0	0	0	0	1	0	0	7	-1	-1	-1	-1	100	0	0
567	"Blood Howling Enhancement"	0	38	110	220	0	30000	0	0	0	0	0	0	1	4	565	0	0	0	0	0	0	0	0	0	0	3	0	0	0	0	0	0	0	0	0	9	223	1	0	0	60	267	1	0	0	0	2	1	0	1	0	0	-1	-1	-1	-1	100	0	0
568	"Equipped Weapon Enhancement"	0	305	0	0	0	0	0	0	0	0	0	0	0	3	0	0	0	0	0	0	0	0	0	0	0	3	0	0	0	0	0	0	0	0	0	2	225	1	0	0	0	268	0	0	1	0	0	0	0	0	0	0	-1	-1	-1	-1	100	0	0
569	"Defense Success Rate Boost Enhancement"	50	22	55	11	7	0	80	0	0	0	0	0	1	4	268	0	0	0	0	0	0	0	0	0	0	3	0	0	0	0	0	0	0	0	0	2	226	1	0	0	0	269	1	0	0	153	0	0	0	0	0	0	-1	-1	-1	-1	100	0	0
571	"Equipped Weapon Mastery"	0	1	0	0	0	0	0	0	0	0	0	0	-1	3	0	0	0	0	0	0	0	0	0	0	0	3	0	0	0	0	0	0	0	0	0	3	227	1	0	0	0	271	0	0	0	0	0	0	0	0	0	0	-1	-1	-1	-1	100	0	0
572	"Defense Success Rate Boost Mastery"	50	22	60	12	7	0	80	0	0	0	0	0	1	4	569	0	0	0	0	0	0	0	0	0	0	3	0	0	0	0	0	0	0	0	0	3	226	1	0	0	0	272	1	0	0	154	2	1	0	1	0	0	-1	-1	-1	-1	100	0	0
573	"Health Increase Enhancement"	80	5	55	11	7	0	132	0	0	0	0	0	1	4	267	0	0	0	0	0	0	0	0	0	0	3	0	0	0	0	0	0	0	0	0	4	228	1	0	0	0	273	1	0	0	155	2	1	0	1	0	0	-1	-1	-1	-1	100	0	0
574	"Defense Conversion"	0	20	0	0	0	0	0	0	0	0	0	0	-1	3	0	0	0	0	0	0	0	0	0	0	0	3	0	0	0	0	0	0	0	0	0	4	229	1	0	0	0	274	0	0	0	0	0	0	0	0	0	0	-1	-1	-1	-1	100	0	0
578	"Durability Reduction (1)"	0	37	0	0	0	0	0	0	0	0	0	0	-1	3	0	0	0	0	0	0	0	0	0	0	0	3	0	0	0	0	0	0	0	0	0	1	231	1	0	0	0	0	0	0	0	0	0	0	0	0	0	0	-1	-1	-1	-1	100	0	0
579	"PvP Defense Increase"	0	29	0	0	0	0	0	0	0	0	0	0	-1	3	0	0	0	0	0	0	0	0	0	0	0	3	0	0	0	0	0	0	0	0	0	1	232	1	0	0	0	1	0	0	0	0	0	0	0	0	0	0	-1	-1	-1	-1	100	0	0
580	"Max SD Increase"	0	33	0	0	0	0	0	0	0	0	0	0	-1	3	0	0	0	0	0	0	0	0	0	0	0	3	0	0	0	0	0	0	0	0	0	2	233	1	0	0	0	2	0	0	0	0	0	0	0	0	0	0	-1	-1	-1	-1	100	0	0
581	"Auto Mana Recovery Increase"	0	7	0	0	0	0	0	0	0	0	0	0	-1	3	0	0	0	0	0	0	0	0	0	0	0	3	0	0	0	0	0	0	0	0	0	2	234	1	0	0	0	3	0	0	0	0	0	0	0	0	0	0	-1	-1	-1	-1	100	0	0
582	"Poison Resistance Increase"	0	1	0	0	0	0	0	0	0	0	0	6	-1	3	0	0	0	0	0	0	0	0	0	0	0	3	0	0	0	0	0	0	0	0	0	2	235	1	0	0	0	4	0	0	0	0	0	0	0	0	0	0	-1	-1	-1	-1	100	0	0
583	"Durability Reduction (2)"	0	17	0	0	0	0	0	0	0	0	0	0	-1	3	0	0	0	0	0	0	0	0	0	0	0	3	0	0	0	0	0	0	0	0	0	3	236	1	0	0	0	5	0	0	0	0	0	0	0	0	0	0	-1	-1	-1	-1	100	0	0
584	"SD Recovery Speed Increase"	0	1	0	0	0	0	0	0	0	0	0	0	-1	3	0	0	0	0	0	0	0	0	0	0	0	3	0	0	0	0	0	0	0	0	0	3	237	1	0	0	0	6	0	0	0	0	0	0	0	0	0	0	-1	-1	-1	-1	100	0	0
585	"Auto HP Recovery Increase"	0	1	0	0	0	0	0	0	0	0	0	0	-1	3	0	0	0	0	0	0	0	0	0	0	0	3	0	0	0	0	0	0	0	0	0	3	238	1	0	0	0	7	0	0	0	0	0	0	0	0	0	0	-1	-1	-1	-1	100	0	0
586	"Lightning Resistance Increase"	0	1	0	0	0	0	0	0	0	0	0	6	-1	3	0	0	0	0	0	0	0	0	0	0	0	3	0	0	0	0	0	0	0	0	0	3	239	1	0	0	0	8	0	0	0	0	0	0	0	0	0	0	-1	-1	-1	-1	100	0	0
587	"Defense Increase"	0	35	0	0	0	0	0	0	0	0	0	0	-1	3	0	0	0	0	0	0	0	0	0	0	0	3	0	0	0	0	0	0	0	0	0	4	240	1	0	0	0	9	0	0	0	0	0	0	0	0	0	0	-1	-1	-1	-1	100	0	0
588	"Auto AG Recovery Increase"	0	1	0	0	0	0	0	0	0	0	0	0	-1	3	0	0	0	0	0	0	0	0	0	0	0	3	0	0	0	0	0	0	0	0	0	4	241	1	0	0	0	10	0	0	0	0	0	0	0	0	0	0	-1	-1	-1	-1	100	0	0
589	"Ice Resistance Increase"	0	1	0	0	0	0	0	0	0	0	0	0	-1	3	0	0	0	0	0	0	0	0	0	0	0	3	0	0	0	0	0	0	0	0	0	4	242	1	0	0	0	11	0	0	0	0	0	0	0	0	0	0	-1	-1	-1	-1	100	0	0
590	"Durability Reduction (3)"	0	17	0	0	0	0	0	0	0	0	0	0	-1	3	0	0	0	0	0	0	0	0	0	0	0	3	0	0	0	0	0	0	0	0	0	5	243	1	0	0	0	12	0	0	0	0	0	0	0	0	0	0	-1	-1	-1	-1	100	0	0
591	"Defense Success Rate Increase"	0	1	0	0	0	0	0	0	0	0	0	0	-1	3	0	0	0	0	0	0	0	0	0	0	0	3	0	0	0	0	0	0	0	0	0	5	244	1	0	0	0	13	0	0	0	0	0	0	0	0	0	0	-1	-1	-1	-1	100	0	0
592	"Invincibility Cast"	0	38	0	0	0	0	0	0	0	0	0	0	-1	3	0	0	0	0	0	0	0	0	0	0	0	3	0	0	0	0	0	0	0	0	0	6	245	1	0	0	0	14	0	0	0	0	0	0	0	0	0	0	-1	-1	-1	-1	100	0	0
593	"Set Defense Increase"	0	3	0	0	0	0	0	0	0	0	0	0	-1	3	0	0	0	0	0	0	0	0	0	0	0	3	0	0	0	0	0	0	0	0	0	6	246	1	0	0	0	15	0	0	0	0	0	0	0	0	0	0	-1	-1	-1	-1	100	0	0
594	"Revenge"	0	38	0	0	0	0	0	0	0	0	0	0	-1	3	0	0	0	0	0	0	0	0	0	0	0	3	0	0	0	0	0	0	0	0	0	6	247	1	0	0	0	16	0	0	0	0	0	0	0	0	0	0	-1	-1	-1	-1	100	0	0
595	"Energy Stat Increase"	0	36	0	0	0	0	0	0	0	0	0	0	-1	3	0	0	0	0	0	0	0	0	0	0	0	3	0	0	0	0	0	0	0	0	0	7	248	1	0	0	0	17	0	0	0	0	0	0	0	0	0	0	-1	-1	-1	-1	100	0	0
596	"Vitality Stat Increase"	0	36	0	0	0	0	0	0	0	0	0	0	-1	3	0	0	0	0	0	0	0	0	0	0	0	3	0	0	0	0	0	0	0	0	0	7	249	1	0	0	0	18	0	0	0	0	0	0	0	0	0	0	-1	-1	-1	-1	100	0	0
597	"Agility Stat Increase"	0	36	0	0	0	0	0	0	0	0	0	0	-1	3	0	0	0	0	0	0	0	0	0	0	0	3	0	0	0	0	0	0	0	0	0	7	250	1	0	0	0	19	0	0	0	0	0	0	0	0	0	0	-1	-1	-1	-1	100	0	0
598	"Strength Stat Increase"	0	36	0	0	0	0	0	0	0	0	0	0	-1	3	0	0	0	0	0	0	0	0	0	0	0	3	0	0	0	0	0	0	0	0	0	7	251	1	0	0	0	20	0	0	0	0	0	0	0	0	0	0	-1	-1	-1	-1	100	0	0
599	"Attack Success Rate Increase"	0	13	0	0	0	0	0	0	0	0	0	0	-1	3	0	0	0	0	0	0	0	0	0	0	0	3	0	0	0	0	0	0	0	0	0	1	252	1	0	0	0	25	0	0	0	0	0	0	0	0	0	0	-1	-1	-1	-1	100	0	0
600	"Max HP Increase"	0	34	0	0	0	0	0	0	0	0	0	0	-1	3	0	0	0	0	0	0	0	0	0	0	0	3	0	0	0	0	0	0	0	0	0	4	253	1	0	0	0	34	0	0	0	0	0	0	0	0	0	0	-1	-1	-1	-1	100	0	0
601	"Max Mana Increase"	0	34	0	0	0	0	0	0	0	0	0	0	-1	3	0	0	0	0	0	0	0	0	0	0	0	3	0	0	0	0	0	0	0	0	0	5	254	1	0	0	0	38	0	0	0	0	0	0	0	0	0	0	-1	-1	-1	-1	100	0	0
602	"Max AG Increase"	0	37	0	0	0	0	0	0	0	0	0	0	-1	3	0	0	0	0	0	0	0	0	0	0	0	3	0	0	0	0	0	0	0	0	0	6	255	1	0	0	0	41	0	0	0	0	0	0	0	0	0	0	-1	-1	-1	-1	100	0	0
603	"PvP Attack Rate Increase"	0	31	0	0	0	0	0	0	0	0	0	0	-1	3	0	0	0	0	0	0	0	0	0	0	0	3	0	0	0	0	0	0	0	0	0	1	256	1	0	0	0	47	0	0	0	0	0	0	0	0	0	0	-1	-1	-1	-1	100	0	0
604	"Mana Reduction"	0	18	0	0	0	0	0	0	0	0	0	0	-1	3	0	0	0	0	0	0	0	0	0	0	0	3	0	0	0	0	0	0	0	0	0	4	257	1	0	0	0	57	0	0	0	0	0	0	0	0	0	0	-1	-1	-1	-1	100	0	0
605	"Recover SD on Monster Kill"	0	11	0	0	0	0	0	0	0	0	0	0	-1	3	0	0	0	0	0	0	0	0	0	0	0	3	0	0	0	0	0	0	0	0	0	4	258	1	0	0	0	58	0	0	0	0	0	0	0	0	0	0	-1	-1	-1	-1	100	0	0
606	"Recover HP on Monster Kill"	0	6	0	0	0	0	0	0	0	0	0	0	-1	3	0	0	0	0	0	0	0	0	0	0	0	3	0	0	0	0	0	0	0	0	0	4	259	1	0	0	0	59	0	0	0	0	0	0	0	0	0	0	-1	-1	-1	-1	100	0	0
607	"Minimum Attack Increase"	0	22	0	0	0	0	0	0	0	0	0	0	0	3	0	0	0	0	0	0	0	0	0	0	0	3	0	0	0	0	0	0	0	0	0	5	260	1	0	0	0	61	0	0	1	0	0	0	0	0	0	0	-1	-1	-1	-1	100	0	0
608	"Recover Mana on Monster Kill"	0	6	0	0	0	0	0	0	0	0	0	0	-1	3	0	0	0	0	0	0	0	0	0	0	0	3	0	0	0	0	0	0	0	0	0	5	261	1	0	0	0	62	0	0	0	0	0	0	0	0	0	0	-1	-1	-1	-1	100	0	0
609	"Maximum Attack Increase"	0	3	0	0	0	0	0	0	0	0	0	0	0	3	0	0	0	0	0	0	0	0	0	0	0	3	0	0	0	0	0	0	0	0	0	6	262	1	0	0	0	64	0	0	1	0	0	0	0	0	0	0	-1	-1	-1	-1	100	0	0
610	"Critical Damage Rate Increase"	0	38	0	0	0	0	0	0	0	0	0	0	-1	3	0	0	0	0	0	0	0	0	0	0	0	3	0	0	0	0	0	0	0	0	0	6	263	1	0	0	0	66	0	0	0	0	0	0	0	0	0	0	-1	-1	-1	-1	100	0	0
611	"Full Mana Recovery"	0	38	0	0	0	0	0	0	0	0	0	0	-1	3	0	0	0	0	0	0	0	0	0	0	0	3	0	0	0	0	0	0	0	0	0	7	264	1	0	0	0	67	0	0	0	0	0	0	0	0	0	0	-1	-1	-1	-1	100	0	0
612	"Full HP Recovery"	0	38	0	0	0	0	0	0	0	0	0	0	-1	3	0	0	0	0	0	0	0	0	0	0	0	3	0	0	0	0	0	0	0	0	0	7	265	1	0	0	0	68	0	0	0	0	0	0	0	0	0	0	-1	-1	-1	-1	100	0	0
613	"Excellent Damage Rate Increase"	0	38	0	0	0	0	0	0	0	0	0	0	-1	3	0	0	0	0	0	0	0	0	0	0	0	3	0	0	0	0	0	0	0	0	0	7	266	1	0	0	0	69	0	0	0	0	0	0	0	0	0	0	-1	-1	-1	-1	100	0	0
614	"Double Damage Rate Increase"	0	38	0	0	0	0	0	0	0	0	0	0	-1	3	0	0	0	0	0	0	0	0	0	0	0	3	0	0	0	0	0	0	0	0	0	8	267	1	0	0	0	70	0	0	0	0	0	0	0	0	0	0	-1	-1	-1	-1	100	0	0
615	"Ignore Enemy Defense Rate Increase"	0	38	0	0	0	0	0	0	0	0	0	0	-1	3	0	0	0	0	0	0	0	0	0	0	0	3	0	0	0	0	0	0	0	0	0	9	268	1	0	0	0	71	0	0	0	0	0	0	0	0	0	0	-1	-1	-1	-1	100	0	0
616	"Full SD Recovery"	0	38	0	0	0	0	0	0	0	0	0	0	-1	3	0	0	0	0	0	0	0	0	0	0	0	3	0	0	0	0	0	0	0	0	0	8	269	1	0	0	0	72	0	0	0	0	0	0	0	0	0	0	-1	-1	-1	-1	100	0	0
617	"Triple Damage Rate Increase"	0	38	0	0	0	0	0	0	0	0	0	0	-1	3	0	0	0	0	0	0	0	0	0	0	0	3	0	0	0	0	0	0	0	0	0	9	270	1	0	0	0	73	0	0	0	0	0	0	0	0	0	0	-1	-1	-1	-1	100	0	0
618	"Protection Spell"	0	0	30	0	0	60000	0	0	0	0	0	0	0	5	0	0	0	0	0	1	1	1	1	1	1	1	1	0	1	0	1	1	1	1	1	0	0	0	0	0	0	0	1	0	0	0	2	1	0	0	0	0	-1	-1	-1	-1	100	0	0
619	"Binding Spell"	0	0	30	0	3	60000	0	0	0	0	0	0	0	5	0	0	0	0	0	1	1	1	1	1	1	1	1	0	1	0	1	1	1	1	1	0	0	0	0	0	0	0	2	0	0	0	0	0	0	1	0	0	-1	-1	-1	-1	100	0	0
620	"Tracking Spell"	0	0	30	0	0	120000	0	0	0	0	0	0	0	5	0	0	0	0	0	1	1	1	1	1	1	1	1	0	1	0	1	1	1	1	1	0	0	0	0	0	0	0	0	0	0	0	2	0	0	0	0	0	-1	-1	-1	-1	100	0	0
621	"Shield Burn"	0	0	30	0	3	60000	0	0	0	0	0	0	0	5	0	0	0	0	0	1	1	1	1	1	1	1	1	0	1	0	1	1	1	1	1	0	0	0	0	0	0	0	0	0	0	0	0	0	0	1	0	0	-1	-1	-1	-1	100	0	0
623	"Guardian Shield"	0	2	0	0	0	0	0	0	0	0	0	0	-1	3	0	0	0	0	0	0	3	0	0	0	0	0	0	0	0	0	0	0	3	0	3	8	271	1	0	0	0	323	0	0	0	0	0	0	0	0	0	0	-1	-1	-1	-1	100	0	0
624	"Weapon Block"	0	2	0	0	0	0	0	0	0	0	0	0	-1	3	0	0	0	0	0	0	3	0	0	0	0	0	0	0	0	3	0	0	3	0	3	8	272	1	0	0	0	324	0	0	0	0	0	0	0	0	0	0	-1	-1	-1	-1	100	0	0
625	"Shield Block"	0	39	0	0	0	0	0	0	0	0	0	0	-1	3	0	0	0	0	0	0	3	0	0	0	0	0	0	0	0	0	0	0	3	0	3	9	273	1	0	0	0	325	0	0	0	0	0	0	0	0	0	0	-1	-1	-1	-1	100	0	0
626	"Iron Armor"	0	35	0	0	0	0	0	0	0	0	0	0	-1	3	0	0	0	0	0	0	3	0	0	0	0	0	0	0	0	3	0	0	3	0	3	9	274	1	0	0	0	326	0	0	0	0	0	0	0	0	0	0	-1	-1	-1	-1	100	0	0
627	"Strong Will"	0	1	0	0	0	0	0	0	0	0	0	0	-1	3	0	0	0	0	0	0	3	0	0	0	0	0	0	0	0	0	0	0	3	0	3	9	275	1	0	0	0	327	0	0	0	0	0	0	0	0	0	0	-1	-1	-1	-1	100	0	0
628	"Life Drain"	0	22	0	0	0	0	0	0	0	0	0	0	-1	3	0	0	0	0	0	0	3	0	0	0	0	0	0	0	0	3	0	0	3	0	3	7	276	1	0	0	0	328	0	0	0	0	0	0	0	0	0	0	-1	-1	-1	-1	100	0	0
629	"SD Drain"	0	3	0	0	0	0	0	0	0	0	0	0	-1	3	0	0	0	0	0	0	3	0	0	0	0	0	0	0	0	3	0	0	3	0	3	9	277	1	0	0	0	329	0	0	0	0	0	0	0	0	0	0	-1	-1	-1	-1	100	0	0
630	"Battle Will"	0	22	0	0	0	0	0	0	0	0	0	0	-1	3	0	0	0	0	0	0	3	0	0	0	0	0	0	0	3	0	0	0	3	0	3	8	278	1	0	0	0	330	0	0	1	0	0	0	0	0	0	0	-1	-1	-1	-1	100	0	0
631	"Rush"	0	178	200	200	7	10000	0	0	0	0	0	6	0	4	0	0	0	0	0	0	0	0	0	0	0	0	0	0	3	0	0	0	0	0	0	8	279	10	0	0	0	331	0	0	0	0	0	0	0	0	0	0	1	100	-1	-1	150	0	0
634	"Guardian Shield"	0	2	0	0	0	0	0	0	0	0	0	0	-1	3	0	0	0	0	0	3	0	0	0	0	0	0	0	0	0	0	3	3	0	3	0	8	281	1	0	0	0	323	0	0	0	0	0	0	0	0	0	0	-1	-1	-1	-1	100	0	0
635	"Weapon Block"	0	2	0	0	0	0	0	0	0	0	0	0	-1	3	0	0	0	0	0	3	0	0	0	0	0	0	0	0	0	0	3	3	0	3	0	8	282	1	0	0	0	324	0	0	0	0	0	0	0	0	0	0	-1	-1	-1	-1	100	0	0
636	"Shield Block"	0	39	0	0	0	0	0	0	0	0	0	0	-1	3	0	0	0	0	0	3	0	0	0	0	0	0	0	0	0	0	3	3	0	3	0	9	283	1	0	0	0	325	0	0	0	0	0	0	0	0	0	0	-1	-1	-1	-1	100	0	0
637	"Iron Armor"	0	35	0	0	0	0	0	0	0	0	0	0	-1	3	0	0	0	0	0	3	0	0	0	0	0	0	0	0	0	0	3	3	0	3	0	9	284	1	0	0	0	326	0	0	0	0	0	0	0	0	0	0	-1	-1	-1	-1	100	0	0
638	"Strong Will"	0	1	0	0	0	0	0	0	0	0	0	0	-1	3	0	0	0	0	0	3	0	0	0	0	0	0	0	0	0	0	3	3	0	3	0	9	285	1	0	0	0	327	0	0	0	0	0	0	0	0	0	0	-1	-1	-1	-1	100	0	0
639	"Life Drain"	0	22	0	0	0	0	0	0	0	0	0	0	-1	3	0	0	0	0	0	3	0	0	0	0	0	0	0	0	0	0	3	3	0	3	0	7	286	1	0	0	0	328	0	0	0	0	0	0	0	0	0	0	-1	-1	-1	-1	100	0	0
640	"SD Drain"	0	3	0	0	0	0	0	0	0	0	0	0	-1	3	0	0	0	0	0	3	0	0	0	0	0	0	0	0	0	0	3	3	0	3	0	9	287	1	0	0	0	329	0	0	0	0	0	0	0	0	0	0	-1	-1	-1	-1	100	0	0
641	"Great Magic Enhancement"	0	22	0	0	0	0	0	0	0	0	0	0	-1	3	0	0	0	0	0	3	0	0	0	0	0	0	0	0	0	0	3	3	0	3	0	8	288	1	0	0	0	341	0	0	2	0	0	0	0	0	0	0	-1	-1	-1	-1	100	0	0
642	"Illusion"	0	0	1000	300	6	120000	0	0	0	0	0	0	-1	4	0	0	0	0	0	3	0	0	0	0	0	0	0	0	0	0	3	0	0	3	0	9	289	10	0	0	60	342	4	0	0	0	1	1	2	1	0	0	-1	-1	-1	-1	100	0	0
643	"Guardian Shield"	0	2	0	0	0	0	0	0	0	0	0	0	-1	3	0	0	0	0	0	0	0	3	0	0	0	0	0	0	0	0	0	0	0	0	0	8	290	1	0	0	0	323	0	0	0	0	0	0	0	0	0	0	-1	-1	-1	-1	100	0	0
644	"Weapon Block"	0	2	0	0	0	0	0	0	0	0	0	0	-1	3	0	0	0	0	0	0	0	3	0	0	0	0	0	0	0	0	0	0	0	0	0	8	291	1	0	0	0	324	0	0	0	0	0	0	0	0	0	0	-1	-1	-1	-1	100	0	0
645	"Shield Block"	0	39	0	0	0	0	0	0	0	0	0	0	-1	3	0	0	0	0	0	0	0	3	0	0	0	0	0	0	0	0	0	0	0	0	0	9	292	1	0	0	0	325	0	0	0	0	0	0	0	0	0	0	-1	-1	-1	-1	100	0	0
646	"Iron Armor"	0	35	0	0	0	0	0	0	0	0	0	0	-1	3	0	0	0	0	0	0	0	3	0	0	0	0	0	0	0	0	0	0	0	0	0	9	293	1	0	0	0	326	0	0	0	0	0	0	0	0	0	0	-1	-1	-1	-1	100	0	0
647	"Strong Will"	0	1	0	0	0	0	0	0	0	0	0	0	-1	3	0	0	0	0	0	0	0	3	0	0	0	0	0	0	0	0	0	0	0	0	0	9	294	1	0	0	0	327	0	0	0	0	0	0	0	0	0	0	-1	-1	-1	-1	100	0	0
648	"Life Drain"	0	22	0	0	0	0	0	0	0	0	0	0	-1	3	0	0	0	0	0	0	0	3	0	0	0	0	0	0	0	0	0	0	0	0	0	7	295	1	0	0	0	328	0	0	0	0	0	0	0	0	0	0	-1	-1	-1	-1	100	0	0
649	"SD Drain"	0	3	0	0	0	0	0	0	0	0	0	0	-1	3	0	0	0	0	0	0	0	3	0	0	0	0	0	0	0	0	0	0	0	0	0	9	296	1	0	0	0	329	0	0	0	0	0	0	0	0	0	0	-1	-1	-1	-1	100	0	0
650	"Sharpshooter"	0	22	0	0	0	0	0	0	0	0	0	0	-1	3	0	0	0	0	0	0	0	3	0	0	0	0	0	0	0	0	0	0	0	0	0	8	297	1	0	0	0	350	0	0	1	0	0	0	0	0	0	0	-1	-1	-1	-1	100	0	0
651	"Shadow Step"	0	0	150	100	5	3000	0	0	0	0	0	0	-1	4	0	0	0	0	0	0	0	3	0	0	0	0	0	0	0	0	0	0	0	0	0	9	298	10	0	0	0	351	5	0	0	0	1	1	2	1	0	0	-1	-1	-1	-1	100	0	0
652	"Evasion"	0	0	200	200	0	60000	0	0	0	0	0	0	-1	4	0	0	0	0	0	0	0	3	0	0	0	0	0	0	0	0	0	0	0	0	0	9	299	10	0	0	7	352	1	0	0	214	2	1	2	1	0	0	-1	-1	-1	-1	100	0	0
653	"Guardian Shield"	0	2	0	0	0	0	0	0	0	0	0	0	-1	3	0	0	0	0	0	0	0	0	0	0	3	0	0	0	0	0	0	0	0	0	0	8	300	1	0	0	0	323	0	0	0	0	0	0	0	0	0	0	-1	-1	-1	-1	100	0	0
654	"Weapon Block"	0	2	0	0	0	0	0	0	0	0	0	0	-1	3	0	0	0	0	0	0	0	0	0	0	3	0	0	0	0	0	0	0	0	0	0	8	301	1	0	0	0	324	0	0	0	0	0	0	0	0	0	0	-1	-1	-1	-1	100	0	0
655	"Shield Block"	0	39	0	0	0	0	0	0	0	0	0	0	-1	3	0	0	0	0	0	0	0	0	0	0	3	0	0	0	0	0	0	0	0	0	0	9	302	1	0	0	0	325	0	0	0	0	0	0	0	0	0	0	-1	-1	-1	-1	100	0	0
656	"Iron Armor"	0	35	0	0	0	0	0	0	0	0	0	0	-1	3	0	0	0	0	0	0	0	0	0	0	3	0	0	0	0	0	0	0	0	0	0	9	303	1	0	0	0	326	0	0	0	0	0	0	0	0	0	0	-1	-1	-1	-1	100	0	0
657	"Strong Will"	0	1	0	0	0	0	0	0	0	0	0	0	-1	3	0	0	0	0	0	0	0	0	0	0	3	0	0	0	0	0	0	0	0	0	0	9	304	1	0	0	0	327	0	0	0	0	0	0	0	0	0	0	-1	-1	-1	-1	100	0	0
658	"Life Drain"	0	22	0	0	0	0	0	0	0	0	0	0	-1	3	0	0	0	0	0	0	0	0	0	0	3	0	0	0	0	0	0	0	0	0	0	7	305	1	0	0	0	328	0	0	0	0	0	0	0	0	0	0	-1	-1	-1	-1	100	0	0
659	"SD Drain"	0	3	0	0	0	0	0	0	0	0	0	0	-1	3	0	0	0	0	0	0	0	0	0	0	3	0	0	0	0	0	0	0	0	0	0	9	306	1	0	0	0	329	0	0	0	0	0	0	0	0	0	0	-1	-1	-1	-1	100	0	0
660	"Curse Pain"	0	22	0	0	0	0	0	0	0	0	0	0	-1	3	0	0	0	0	0	0	0	0	0	0	3	0	0	0	0	0	0	0	0	0	0	8	307	1	0	0	0	360	0	0	1	0	0	0	0	0	0	0	-1	-1	-1	-1	100	0	0
663	"Guardian Shield"	0	2	0	0	0	0	0	0	0	0	0	0	-1	3	0	0	0	0	0	0	0	0	3	0	0	0	0	0	0	0	0	0	0	0	0	8	309	1	0	0	0	323	0	0	0	0	0	0	0	0	0	0	-1	-1	-1	-1	100	0	0
664	"Weapon Block"	0	2	0	0	0	0	0	0	0	0	0	0	-1	3	0	0	0	0	0	0	0	0	3	0	0	0	0	0	0	0	0	0	0	0	0	8	310	1	0	0	0	324	0	0	0	0	0	0	0	0	0	0	-1	-1	-1	-1	100	0	0
665	"Shield Block"	0	39	0	0	0	0	0	0	0	0	0	0	-1	3	0	0	0	0	0	0	0	0	3	0	0	0	0	0	0	0	0	0	0	0	0	9	311	1	0	0	0	325	0	0	0	0	0	0	0	0	0	0	-1	-1	-1	-1	100	0	0
666	"Iron Armor"	0	35	0	0	0	0	0	0	0	0	0	0	-1	3	0	0	0	0	0	0	0	0	3	0	0	0	0	0	0	0	0	0	0	0	0	9	312	1	0	0	0	326	0	0	0	0	0	0	0	0	0	0	-1	-1	-1	-1	100	0	0
667	"Strong Will"	0	1	0	0	0	0	0	0	0	0	0	0	-1	3	0	0	0	0	0	0	0	0	3	0	0	0	0	0	0	0	0	0	0	0	0	9	313	1	0	0	0	327	0	0	0	0	0	0	0	0	0	0	-1	-1	-1	-1	100	0	0
668	"Life Drain"	0	22	0	0	0	0	0	0	0	0	0	0	-1	3	0	0	0	0	0	0	0	0	3	0	0	0	0	0	0	0	0	0	0	0	0	7	314	1	0	0	0	328	0	0	0	0	0	0	0	0	0	0	-1	-1	-1	-1	100	0	0
669	"SD Drain"	0	3	0	0	0	0	0	0	0	0	0	0	-1	3	0	0	0	0	0	0	0	0	3	0	0	0	0	0	0	0	0	0	0	0	0	9	315	1	0	0	0	329	0	0	0	0	0	0	0	0	0	0	-1	-1	-1	-1	100	0	0
670	"Guardian Shield"	0	2	0	0	0	0	0	0	0	0	0	0	-1	3	0	0	0	0	0	0	0	0	0	3	0	0	0	0	0	0	0	0	0	0	3	8	316	1	0	0	0	323	0	0	0	0	0	0	0	0	0	0	-1	-1	-1	-1	100	0	0
671	"Weapon Block"	0	2	0	0	0	0	0	0	0	0	0	0	-1	3	0	0	0	0	0	0	0	0	0	3	0	0	0	0	0	0	0	0	0	0	0	8	317	1	0	0	0	324	0	0	0	0	0	0	0	0	0	0	-1	-1	-1	-1	100	0	0
672	"Shield Block"	0	39	0	0	0	0	0	0	0	0	0	0	-1	3	0	0	0	0	0	0	0	0	0	3	0	0	0	0	0	0	0	0	0	0	3	9	318	1	0	0	0	325	0	0	0	0	0	0	0	0	0	0	-1	-1	-1	-1	100	0	0
673	"Iron Armor"	0	35	0	0	0	0	0	0	0	0	0	0	-1	3	0	0	0	0	0	0	0	0	0	3	0	0	0	0	0	0	0	0	0	0	3	9	319	1	0	0	0	326	0	0	0	0	0	0	0	0	0	0	-1	-1	-1	-1	100	0	0
674	"Strong Will"	0	1	0	0	0	0	0	0	0	0	0	0	-1	3	0	0	0	0	0	0	0	0	0	3	0	0	0	0	0	0	0	0	0	0	0	9	320	1	0	0	0	327	0	0	0	0	0	0	0	0	0	0	-1	-1	-1	-1	100	0	0
675	"Life Drain"	0	22	0	0	0	0	0	0	0	0	0	0	-1	3	0	0	0	0	0	0	0	0	0	3	0	0	0	0	0	0	0	0	0	0	0	7	321	1	0	0	0	328	0	0	0	0	0	0	0	0	0	0	-1	-1	-1	-1	100	0	0
676	"SD Drain"	0	3	0	0	0	0	0	0	0	0	0	0	-1	3	0	0	0	0	0	0	0	0	0	3	0	0	0	0	0	0	0	0	0	0	0	9	322	1	0	0	0	329	0	0	0	0	0	0	0	0	0	0	-1	-1	-1	-1	100	0	0
677	"Guardian Shield"	0	2	0	0	0	0	0	0	0	0	0	0	-1	3	0	0	0	0	0	0	0	0	0	0	0	3	0	0	0	0	0	0	0	0	0	8	323	1	0	0	0	323	0	0	0	0	0	0	0	0	0	0	-1	-1	-1	-1	100	0	0
678	"Weapon Block"	0	2	0	0	0	0	0	0	0	0	0	0	-1	3	0	0	0	0	0	0	0	0	0	0	0	3	0	0	0	0	0	0	0	0	0	8	324	1	0	0	0	324	0	0	0	0	0	0	0	0	0	0	-1	-1	-1	-1	100	0	0
679	"Shield Block"	0	39	0	0	0	0	0	0	0	0	0	0	-1	3	0	0	0	0	0	0	0	0	0	0	0	3	0	0	0	0	0	0	0	0	0	9	325	1	0	0	0	325	0	0	0	0	0	0	0	0	0	0	-1	-1	-1	-1	100	0	0
680	"Iron Armor"	0	35	0	0	0	0	0	0	0	0	0	0	-1	3	0	0	0	0	0	0	0	0	0	0	0	3	0	0	0	0	0	0	0	0	0	9	326	1	0	0	0	326	0	0	0	0	0	0	0	0	0	0	-1	-1	-1	-1	100	0	0
681	"Strong Will"	0	1	0	0	0	0	0	0	0	0	0	0	-1	3	0	0	0	0	0	0	0	0	0	0	0	3	0	0	0	0	0	0	0	0	0	9	327	1	0	0	0	327	0	0	0	0	0	0	0	0	0	0	-1	-1	-1	-1	100	0	0
682	"Life Drain"	0	22	0	0	0	0	0	0	0	0	0	0	-1	3	0	0	0	0	0	0	0	0	0	0	0	3	0	0	0	0	0	0	0	0	0	7	328	1	0	0	0	328	0	0	0	0	0	0	0	0	0	0	-1	-1	-1	-1	100	0	0
683	"SD Drain"	0	3	0	0	0	0	0	0	0	0	0	0	-1	3	0	0	0	0	0	0	0	0	0	0	0	3	0	0	0	0	0	0	0	0	0	9	329	1	0	0	0	329	0	0	0	0	0	0	0	0	0	0	-1	-1	-1	-1	100	0	0
684	"Transcendence Cloak Absorption Boost"	0	38	0	0	0	0	0	0	0	0	0	0	-1	3	0	0	0	0	0	0	0	0	0	0	0	0	3	0	0	0	0	0	0	0	0	8	330	1	0	0	0	384	0	0	0	0	0	0	0	0	0	0	-1	-1	-1	-1	100	0	0
685	"Transcendence Cloak Defense Boost"	0	17	0	0	0	0	0	0	0	0	0	0	-1	3	0	0	0	0	0	0	0	0	0	0	0	0	3	0	0	0	0	0	0	0	0	8	331	1	0	0	0	385	0	0	0	0	0	0	0	0	0	0	-1	-1	-1	-1	100	0	0
686	"Transcendence Cloak Attack Boost"	0	17	0	0	0	0	0	0	0	0	0	0	-1	3	0	0	0	0	0	0	0	0	0	0	0	0	3	0	0	0	0	0	0	0	0	9	332	1	0	0	0	386	0	0	0	0	0	0	0	0	0	0	-1	-1	-1	-1	100	0	0
687	"Spin Step Enhancement"	83	3	14	0	2	500	0	0	150	0	0	6	-1	4	271	0	0	0	0	0	0	0	0	0	0	0	3	0	0	0	0	0	0	0	0	2	333	1	0	0	0	387	0	0	1	0	0	0	0	0	0	4	2	-1	-1	-1	100	0	0
688	"Harsh Strike Enhancement"	74	4	14	0	3	500	0	150	0	0	0	6	-1	4	276	0	0	0	0	0	0	0	0	0	0	0	3	0	0	0	0	0	0	0	0	2	334	1	0	0	0	388	0	0	1	0	0	0	0	0	0	0	1	30	-1	-1	110	0	0
689	"Weapon Mastery"	0	22	0	0	0	0	0	0	0	0	0	0	-1	3	0	0	0	0	0	0	0	0	0	0	0	0	3	0	0	0	0	0	0	0	0	3	335	1	0	0	0	389	0	0	1	0	0	0	0	0	0	0	-1	-1	-1	-1	100	0	0
690	"Spin Step Mastery"	83	4	16	0	2	500	0	0	150	0	0	6	-1	4	687	0	0	0	0	0	0	0	0	0	0	0	3	0	0	0	0	0	0	0	0	4	333	1	0	0	0	390	0	0	1	0	0	0	0	0	0	4	2	-1	-1	-1	100	0	0
691	"Harsh Strike Mastery"	74	0	16	0	3	500	0	150	0	0	0	6	-1	4	688	0	0	0	0	0	0	0	0	0	0	0	3	0	0	0	0	0	0	0	0	4	334	10	0	0	0	391	0	0	0	0	0	0	0	0	0	0	1	30	-1	-1	110	0	0
692	"Magic Pin Enhancement"	30	4	17	10	2	500	0	200	200	0	0	6	-1	4	274	0	0	0	0	0	0	0	0	0	0	0	3	0	0	0	0	0	0	0	0	5	338	1	0	0	0	392	0	0	1	0	0	0	0	0	0	4	2	100	-1	-1	100	0	0
693	"Obsidian Enhancement"	74	18	50	50	0	0	200	0	0	0	0	0	-1	4	273	0	0	0	0	0	0	0	0	0	0	0	3	0	0	0	0	0	0	0	0	4	339	1	0	0	0	393	1	0	0	220	3	0	0	0	0	0	1	-1	-1	-1	100	0	0
695	"Magic Pin Mastery"	30	0	20	13	3	500	0	200	200	0	0	6	-1	4	692	0	0	0	0	0	0	0	0	0	0	0	3	0	0	0	0	0	0	0	0	6	338	10	0	0	0	395	0	0	0	0	0	0	0	0	0	4	2	100	-1	-1	100	0	0
696	"Breath Enhancement"	300	4	16	10	5	0	0	300	300	0	0	6	-1	4	279	0	0	0	0	0	0	0	0	0	0	0	3	0	0	0	0	0	0	0	0	5	342	1	0	0	0	396	0	0	1	0	1	0	0	0	0	4	1	100	-1	-1	110	0	0
698	"Breath Mastery"	300	0	16	10	6	0	0	300	300	0	0	6	-1	4	696	0	0	0	0	0	0	0	0	0	0	0	3	0	0	0	0	0	0	0	0	6	342	10	0	0	0	398	0	0	0	0	1	0	0	0	0	4	1	100	-1	-1	110	0	0
699	"Shining Pick Enhancement"	220	116	10	7	4	0	0	600	0	0	0	6	-1	4	277	0	0	0	0	0	0	0	0	0	0	0	3	0	0	0	0	0	0	0	0	6	345	1	0	0	0	399	0	0	1	0	0	0	0	0	0	4	1	1	1	5	110	0	0
700	"Armor Breaker"	0	38	200	50	0	60000	0	0	0	0	0	0	-1	4	0	0	0	0	0	0	0	0	0	0	0	0	3	0	0	0	0	0	0	0	0	8	346	10	0	0	0	400	1	0	0	219	2	0	0	0	0	0	-1	-1	-1	-1	100	0	0
701	"Armor Breaker Enhancement"	0	23	210	52	0	60000	0	0	0	0	0	0	-1	4	700	0	0	0	0	0	0	0	0	0	0	0	3	0	0	0	0	0	0	0	0	9	346	1	0	0	0	401	1	0	0	226	2	0	0	0	0	0	-1	-1	-1	-1	100	0	0
702	"Lance Enhancement"	0	22	0	0	0	0	0	0	0	0	0	0	-1	3	0	0	0	0	0	0	0	0	0	0	0	0	3	0	0	0	0	0	0	0	0	2	348	1	0	0	0	402	0	0	1	0	0	0	0	0	0	0	-1	-1	-1	-1	100	0	0
703	"Circle Shield Enhancement"	220	10	100	50	0	0	0	0	0	0	0	0	-1	4	272	0	0	0	0	0	0	0	0	0	0	0	3	0	0	0	0	0	0	0	0	2	349	1	0	0	0	403	1	0	0	221	2	0	0	0	0	8	2	-1	-1	-1	100	0	0
704	"Shield Enhancement"	0	10	0	0	0	0	0	0	0	0	0	0	-1	3	0	0	0	0	0	0	0	0	0	0	0	0	3	0	0	0	0	0	0	0	3	2	350	1	0	0	0	404	0	0	0	0	0	0	0	0	0	0	-1	-1	-1	-1	100	0	0
705	"Lance Mastery"	0	1	0	0	0	0	0	0	0	0	0	0	-1	3	0	0	0	0	0	0	0	0	0	0	0	0	3	0	0	0	0	0	0	0	0	3	351	1	0	0	0	405	0	0	1	0	0	0	0	0	0	0	-1	-1	-1	-1	100	0	0
706	"Circle Shield Mastery"	220	23	100	50	0	0	0	0	0	0	0	0	-1	4	703	0	0	0	0	0	0	0	0	0	0	0	3	0	0	0	0	0	0	0	0	3	349	1	0	0	0	406	1	0	0	222	2	0	0	0	0	8	2	-1	-1	-1	100	0	0
707	"Shield Mastery"	0	17	0	0	0	0	0	0	0	0	0	0	-1	3	0	0	0	0	0	0	0	0	0	0	0	0	3	0	0	0	0	0	0	0	3	3	353	1	0	0	0	407	0	0	0	0	0	0	0	0	0	0	-1	-1	-1	-1	100	0	0
708	"Rage Enhancement"	66	23	110	50	0	60000	0	0	0	0	0	0	-1	4	278	0	0	0	0	0	0	0	0	0	0	0	3	0	0	0	0	0	0	0	0	4	354	1	0	0	0	408	1	0	0	223	2	0	0	0	0	0	2	-1	-1	-1	100	0	0
709	"Rage Proficiency"	66	23	130	60	0	60000	0	0	0	0	0	0	-1	4	708	0	0	0	0	0	0	0	0	0	0	0	3	0	0	0	0	0	0	0	0	5	354	1	0	0	0	409	1	0	0	224	2	0	0	0	0	0	2	-1	-1	-1	100	0	0
710	"Rage Mastery"	66	38	150	80	0	60000	0	0	0	0	0	0	-1	4	709	0	0	0	0	0	0	0	0	0	0	0	3	0	0	0	0	0	0	0	0	6	354	10	0	0	0	410	1	0	0	225	2	0	0	0	0	0	2	-1	-1	-1	100	0	0
711	"Retribution Attack Power Increase"	0	23	0	0	0	0	0	0	0	0	0	0	-1	3	0	0	0	0	0	0	0	0	0	0	0	0	3	0	0	0	0	0	0	0	0	9	357	1	0	0	0	411	0	0	0	0	2	0	0	0	0	0	-1	-1	-1	-1	100	0	0
712	"Fury Attack Power Increase"	0	23	0	0	0	0	0	0	0	0	0	0	-1	3	0	0	0	0	0	0	0	0	0	0	0	0	3	0	0	0	0	0	0	0	0	9	358	1	0	0	0	412	0	0	0	0	2	0	0	0	0	0	-1	-1	-1	-1	100	0	0
713	"Guardian Shield"	0	2	0	0	0	0	0	0	0	0	0	0	-1	3	0	0	0	0	0	0	0	0	0	0	0	0	3	0	0	0	0	0	0	0	0	8	359	1	0	0	0	323	0	0	0	0	0	0	0	0	0	0	-1	-1	-1	-1	100	0	0
714	"Weapon Block"	0	2	0	0	0	0	0	0	0	0	0	0	-1	3	0	0	0	0	0	0	0	0	0	0	0	0	3	0	0	0	0	0	0	0	0	8	360	1	0	0	0	324	0	0	0	0	0	0	0	0	0	0	-1	-1	-1	-1	100	0	0
715	"Shield Block"	0	39	0	0	0	0	0	0	0	0	0	0	-1	3	0	0	0	0	0	0	0	0	0	0	0	0	3	0	0	0	0	0	0	0	0	9	361	1	0	0	0	325	0	0	0	0	0	0	0	0	0	0	-1	-1	-1	-1	100	0	0
716	"Iron Armor"	0	35	0	0	0	0	0	0	0	0	0	0	-1	3	0	0	0	0	0	0	0	0	0	0	0	0	3	0	0	0	0	0	0	0	0	9	362	1	0	0	0	326	0	0	0	0	0	0	0	0	0	0	-1	-1	-1	-1	100	0	0
717	"Strong Will"	0	1	0	0	0	0	0	0	0	0	0	0	-1	3	0	0	0	0	0	0	0	0	0	0	0	0	3	0	0	0	0	0	0	0	0	9	363	1	0	0	0	327	0	0	0	0	0	0	0	0	0	0	-1	-1	-1	-1	100	0	0
718	"Life Drain"	0	22	0	0	0	0	0	0	0	0	0	0	-1	3	0	0	0	0	0	0	0	0	0	0	0	0	3	0	0	0	0	0	0	0	0	7	364	1	0	0	0	328	0	0	0	0	0	0	0	0	0	0	-1	-1	-1	-1	100	0	0
719	"SD Drain"	0	3	0	0	0	0	0	0	0	0	0	0	-1	3	0	0	0	0	0	0	0	0	0	0	0	0	3	0	0	0	0	0	0	0	0	9	365	1	0	0	0	329	0	0	0	0	0	0	0	0	0	0	-1	-1	-1	-1	100	0	0
720	"Immunity I"	0	0	300	200	0	500	0	0	0	0	0	0	-1	0	0	0	0	0	0	0	0	0	0	0	0	0	0	0	0	0	0	0	0	0	0	0	0	0	0	0	0	420	1	0	0	243	2	1	2	1	0	0	-1	-1	-1	-1	100	0	0
721	"Immunity II"	0	0	300	200	0	500	0	0	0	0	0	0	-1	0	0	0	0	0	0	0	0	0	0	0	0	0	0	0	0	0	0	0	0	0	0	0	0	0	0	0	0	421	1	0	0	244	2	1	2	1	0	0	-1	-1	-1	-1	100	0	0
722	"Berserk I"	0	0	500	300	0	500	0	0	0	0	0	0	-1	0	0	0	0	0	0	0	0	0	0	0	0	0	0	0	0	0	0	0	0	0	0	0	0	0	0	0	0	422	1	0	0	245	2	1	2	1	0	0	-1	-1	-1	-1	100	0	0
723	"Fire Blow"	160	120	17	17	5	0	0	1090	0	0	0	6	0	0	0	0	0	0	0	0	3	0	0	0	0	0	0	0	0	0	0	0	0	0	0	0	0	0	0	0	0	423	0	0	1	0	0	0	0	0	0	2	1	150	-1	-1	105	1	0
724	"Meteor Strike"	160	100	92	17	7	0	1073	0	0	0	0	6	1	0	0	0	0	0	0	3	0	0	0	0	0	0	0	0	0	0	0	0	0	0	0	0	0	0	0	0	0	424	0	0	2	0	0	0	0	0	0	0	3	170	-1	-1	110	1	0
725	"Meteor Storm"	160	105	105	20	6	500	1160	0	0	0	0	6	1	0	0	0	0	0	0	3	0	0	0	0	0	0	0	0	0	0	0	0	0	0	0	0	0	0	0	0	0	425	0	0	2	1	1	0	0	0	0	0	3	200	-1	-1	130	0	0
726	"Soul Seeker"	160	125	90	16	7	0	1115	0	0	0	0	6	1	0	0	0	0	0	0	3	0	0	0	0	0	0	0	0	0	0	0	0	0	0	0	0	0	0	0	0	0	426	0	0	2	0	0	0	0	0	0	0	3	170	-1	-1	110	1	0
727	"Focus Shot"	160	110	12	9	7	0	0	0	1302	0	0	6	0	0	0	0	0	0	0	0	0	3	0	0	0	0	0	0	0	0	0	0	0	0	0	0	0	0	0	0	0	427	0	0	1	0	0	0	0	0	0	5	2	100	-1	-1	130	1	0
729	"Fire Beast"	160	100	95	10	7	350	1220	0	0	0	0	6	1	0	0	0	0	0	0	0	0	0	0	0	3	0	0	0	0	0	0	0	0	0	0	0	0	0	0	0	0	429	0	0	2	0	0	0	0	0	0	0	3	170	-1	-1	105	1	0
730	"Aqua Beast"	160	100	95	10	7	350	1220	0	0	0	0	6	1	0	0	0	0	0	0	0	0	0	0	0	3	0	0	0	0	0	0	0	0	0	0	0	0	0	0	0	0	430	0	0	2	0	0	0	0	0	0	0	3	170	-1	-1	105	1	0
731	"Ice Blood"	160	330	19	14	3	0	0	900	0	0	0	6	0	0	0	0	0	0	0	0	0	0	3	0	0	0	0	0	0	0	0	0	0	0	0	0	0	0	0	0	0	431	0	0	1	0	0	0	0	0	0	2	1	750	-1	-1	105	1	0
732	"Fire Blood"	160	330	19	14	3	0	0	900	0	0	0	6	0	0	0	0	0	0	0	0	0	0	3	0	0	0	0	0	0	0	0	0	0	0	0	0	0	0	0	0	0	432	0	0	1	0	0	0	0	0	0	2	1	750	-1	-1	105	1	0
733	"Dark Blast"	160	120	92	17	7	0	1073	0	0	0	0	6	1	0	0	0	0	0	0	0	0	0	3	0	0	0	0	0	0	0	0	0	0	0	0	0	0	0	0	0	0	433	0	0	2	0	0	0	0	0	0	0	3	170	-1	-1	110	1	0
734	"Meteor Strike"	160	120	92	17	7	0	1073	0	0	0	0	6	1	0	0	0	0	0	0	0	0	0	3	0	0	0	0	0	0	0	0	0	0	0	0	0	0	0	0	0	0	434	0	0	2	0	0	0	0	0	0	0	3	170	-1	-1	110	1	0
737	"Wind Soul"	160	130	35	17	6	0	0	717	0	0	0	6	0	0	0	0	0	0	0	0	0	0	0	3	0	0	0	0	0	0	0	0	0	0	0	0	0	0	0	0	0	437	0	0	1	0	0	0	0	0	0	2	1	100	-1	-1	120	1	0
739	"Dark Phoenix Shot"	160	650	30	10	7	600	0	0	987	0	0	6	0	0	0	0	0	0	0	0	0	0	0	0	0	3	0	0	0	0	0	0	0	0	0	0	0	0	0	0	0	439	0	0	1	0	0	0	0	0	0	0	2	170	-1	-1	110	1	0
740	"Archangel¡¯s Will"	0	0	100	150	0	90000	0	0	0	0	0	0	-1	0	0	0	0	0	0	1	1	1	1	1	1	1	1	1	1	1	1	1	1	1	1	0	0	0	0	0	1800000	440	1	1	0	246	3	1	2	0	0	1	-1	-1	-1	-1	100	0	0
743	"Max HP Amplification"	160	43	0	0	0	0	0	0	0	0	0	0	-1	3	0	0	0	0	0	3	3	3	3	3	3	3	3	3	3	3	3	3	3	3	3	7	367	1	0	0	0	443	0	0	0	0	0	0	0	0	0	0	-1	-1	-1	-1	100	0	0
744	"Phoenix Shot Enhancement"	160	22	30	0	4	1200	0	0	0	0	0	6	1	4	270	0	0	0	0	0	0	0	0	0	0	3	0	0	0	0	0	0	0	0	0	2	366	1	0	0	0	444	0	1	1	0	0	0	0	0	0	0	4	200	-1	-1	125	0	0
745	"Phoenix Shot Mastery"	160	1	30	0	4	1200	0	0	0	0	0	6	1	4	744	0	0	0	0	0	0	0	0	0	0	3	0	0	0	0	0	0	0	0	0	3	366	1	0	0	0	445	0	1	0	0	0	0	0	0	0	0	4	200	-1	-1	125	0	0
746	"Elemental Defense Increase"	160	162	0	0	0	0	0	0	0	0	0	0	-1	3	0	0	0	0	0	3	3	3	3	3	3	3	3	3	3	3	3	3	3	3	3	4	368	1	0	0	0	278	0	0	0	0	0	0	0	0	0	0	-1	-1	-1	-1	100	0	0
747	"Pentagram Elemental Defense Bonus"	160	163	0	0	0	0	0	0	0	0	0	0	-1	3	0	0	0	0	0	3	3	3	3	3	3	3	3	3	3	0	3	3	3	3	3	8	369	1	0	0	0	279	0	0	0	0	0	0	0	0	0	0	-1	-1	-1	-1	100	0	0
748	"Magic Arrow Enhancement"	160	22	25	0	8	0	60	0	0	0	0	6	1	4	283	0	0	0	0	0	0	0	0	0	0	0	0	3	0	0	0	0	0	0	0	2	370	1	0	0	0	280	0	0	2	0	1	0	0	0	0	9	3	500	-1	-1	100	0	0
749	"Magic Arrow Mastery"	160	22	35	0	8	0	60	0	0	0	0	6	1	4	748	0	0	0	0	0	0	0	0	0	0	0	0	3	0	0	0	0	0	0	0	3	370	1	0	0	0	281	0	0	2	0	1	0	0	0	0	9	3	500	-1	-1	100	0	0
750	"Plasma Ball Enhancement"	160	22	130	45	8	4000	300	0	0	0	0	6	1	4	284	0	0	0	0	0	0	0	0	0	0	0	0	3	0	0	0	0	0	0	0	6	371	1	0	0	0	282	0	0	2	0	1	0	0	0	0	9	3	200	-1	-1	110	0	0
751	"Plasma Ball Mastery"	160	22	135	55	8	4000	300	0	0	0	0	6	1	4	750	0	0	0	0	0	0	0	0	0	0	0	0	3	0	0	0	0	0	0	0	7	371	1	0	0	0	283	0	0	2	0	1	0	0	0	0	9	3	200	-1	-1	110	0	0
752	"Rune Mace Enhancement"	0	22	0	0	0	0	0	0	0	0	0	0	1	3	0	0	0	0	0	0	0	0	0	0	0	0	0	3	0	0	0	0	0	0	0	2	372	1	0	0	0	284	0	0	2	0	0	0	0	0	0	0	-1	-1	-1	-1	100	0	0
753	"Rune Mace Mastery"	0	1	0	0	0	0	0	0	0	0	0	0	1	3	0	0	0	0	0	0	0	0	0	0	0	0	0	3	0	0	0	0	0	0	0	3	372	1	0	0	0	285	0	0	2	0	0	0	0	0	0	0	-1	-1	-1	-1	100	0	0
754	"Despair Wings Defense Boost"	0	17	0	0	0	0	0	0	0	0	0	0	-1	3	0	0	0	0	0	0	0	0	0	0	0	0	0	3	0	0	0	0	0	0	0	8	373	1	0	0	0	75	0	0	0	0	0	0	0	0	0	0	-1	-1	-1	-1	100	0	0
755	"Despair Wings Attack Boost"	0	17	0	0	0	0	0	0	0	0	0	0	-1	3	0	0	0	0	0	0	0	0	0	0	0	0	0	3	0	0	0	0	0	0	0	9	374	1	0	0	0	77	0	0	0	0	0	0	0	0	0	0	-1	-1	-1	-1	100	0	0
756	"Shield Block"	0	39	0	0	0	0	0	0	0	0	0	0	-1	3	0	0	0	0	0	0	0	0	0	0	0	0	0	3	0	0	0	0	0	0	0	9	380	1	0	0	0	325	0	0	0	0	0	0	0	0	0	0	-1	-1	-1	-1	100	0	0
758	"Guardian Shield"	0	2	0	0	0	0	0	0	0	0	0	0	-1	3	0	0	0	0	0	0	0	0	0	0	0	0	0	3	0	0	0	0	0	0	0	8	378	1	0	0	0	323	0	0	0	0	0	0	0	0	0	0	-1	-1	-1	-1	100	0	0
759	"Iron Armor"	0	35	0	0	0	0	0	0	0	0	0	0	-1	3	0	0	0	0	0	0	0	0	0	0	0	0	0	3	0	0	0	0	0	0	0	9	381	1	0	0	0	326	0	0	0	0	0	0	0	0	0	0	-1	-1	-1	-1	100	0	0
760	"Strong Will"	0	1	0	0	0	0	0	0	0	0	0	0	-1	3	0	0	0	0	0	0	0	0	0	0	0	0	0	3	0	0	0	0	0	0	0	9	382	1	0	0	0	327	0	0	0	0	0	0	0	0	0	0	-1	-1	-1	-1	100	0	0
761	"Life Drain"	0	22	0	0	0	0	0	0	0	0	0	0	-1	3	0	0	0	0	0	0	0	0	0	0	0	0	0	3	0	0	0	0	0	0	0	7	383	1	0	0	0	328	0	0	0	0	0	0	0	0	0	0	-1	-1	-1	-1	100	0	0
762	"SD Drain"	0	3	0	0	0	0	0	0	0	0	0	0	-1	3	0	0	0	0	0	0	0	0	0	0	0	0	0	3	0	0	0	0	0	0	0	9	384	1	0	0	0	329	0	0	0	0	0	0	0	0	0	0	-1	-1	-1	-1	100	0	0
763	"Great Magic Enhancement"	0	22	0	0	0	0	0	0	0	0	0	0	-1	3	0	0	0	0	0	0	0	0	0	0	0	0	0	3	0	0	0	0	0	0	0	8	385	1	0	0	0	341	0	0	2	0	0	0	0	0	0	0	-1	-1	-1	-1	100	0	0
765	"Burst Enhancement"	200	23	60	0	0	120000	0	0	0	0	0	0	1	4	286	0	0	0	0	0	0	0	0	0	0	0	0	3	0	0	0	0	0	0	0	4	387	1	0	0	0	286	1	0	0	295	2	0	0	0	0	0	-1	-1	-1	-1	100	0	0
766	"Burst Mastery"	200	243	80	0	0	120000	0	0	0	0	0	0	1	4	765	0	0	0	0	0	0	0	0	0	0	0	0	3	0	0	0	0	0	0	0	5	387	1	0	0	0	287	1	0	0	296	2	0	0	0	0	0	-1	-1	-1	-1	100	0	0
768	"Haste Enhancement"	400	23	0	60	0	120000	0	0	0	0	0	0	1	4	287	0	0	0	0	0	0	0	0	0	0	0	0	3	0	0	0	0	0	0	0	4	388	1	0	0	0	289	1	0	0	298	2	0	0	0	0	0	-1	-1	-1	-1	100	0	0
769	"Haste Mastery"	400	243	0	80	0	120000	0	0	0	0	0	0	1	4	768	0	0	0	0	0	0	0	0	0	0	0	0	3	0	0	0	0	0	0	0	5	388	1	0	0	0	290	1	0	0	299	2	0	0	0	0	0	-1	-1	-1	-1	100	0	0
770	"Darkness Enhancement"	83	174	100	50	5	5000	620	0	0	0	0	0	1	4	289	0	0	0	0	0	0	0	0	0	3	0	0	0	0	0	0	0	0	0	0	5	389	1	0	0	0	292	1	0	0	302	2	1	0	1	0	11	-1	-1	-1	-1	100	0	0
771	"Darkness Mastery"	83	175	100	50	5	5000	620	0	0	0	0	0	1	4	770	0	0	0	0	0	0	0	0	0	3	0	0	0	0	0	0	0	0	0	0	6	389	1	0	0	0	293	1	0	0	303	2	1	0	1	0	11	-1	-1	-1	-1	100	0	0
772	"Weakness Mastery"	111	177	50	15	8	30000	663	0	0	0	0	0	1	4	459	0	0	0	0	0	0	0	0	0	3	0	0	0	0	0	0	0	0	0	0	7	147	1	0	0	30	294	2	0	0	304	1	0	2	0	0	11	-1	-1	-1	-1	100	0	0
773	"Enervation Mastery"	111	177	50	15	8	30000	663	0	0	0	0	0	1	4	460	0	0	0	0	0	0	0	0	0	3	0	0	0	0	0	0	0	0	0	0	7	148	1	0	0	30	295	2	0	0	305	1	0	2	0	0	11	-1	-1	-1	-1	100	0	0
774	"Explosion Enhancement"	0	3	35	0	4	500	80	0	0	0	0	6	1	4	223	0	0	0	0	0	0	0	0	0	3	0	0	0	0	0	0	0	0	0	0	2	391	1	0	0	0	148	0	0	3	0	0	0	2	0	0	0	3	150	-1	-1	100	0	0
775	"Requiem Enhancement"	0	3	60	4	4	800	140	0	0	0	0	6	1	4	224	0	0	0	0	0	0	0	0	0	3	0	0	0	0	0	0	0	0	0	0	2	392	1	0	0	0	149	0	0	3	0	0	0	2	0	0	0	3	150	-1	-1	100	0	0
776	"Pollution Enhancement"	0	3	70	8	4	500	542	0	0	0	0	6	1	4	225	0	0	0	0	0	0	0	0	0	3	0	0	0	0	0	0	0	0	0	0	2	390	1	0	0	0	150	0	0	3	0	0	0	2	0	0	0	3	150	-1	-1	100	0	0
777	"Pollution Proficiency"	85	22	70	8	5	500	542	0	0	0	0	6	1	4	776	0	0	0	0	0	0	0	0	0	3	0	0	0	0	0	0	0	0	0	0	3	390	1	0	0	0	299	0	0	3	0	1	0	2	0	0	11	3	150	-1	-1	125	0	0
778	"Pollution Mastery"	100	22	70	8	5	500	542	0	0	0	0	6	1	4	777	0	0	0	0	0	0	0	0	0	3	0	0	0	0	0	0	0	0	0	0	4	390	1	0	0	0	300	0	0	3	0	1	0	2	0	0	11	3	150	-1	-1	125	0	0
779	"Sword Inertia Enhancement"	160	22	7	5	6	0	0	50	100	0	0	6	0	4	292	0	0	0	0	0	0	0	0	0	0	0	0	0	3	0	0	0	0	0	0	2	375	1	0	0	0	301	0	0	1	0	1	0	0	0	0	2	2	150	-1	-1	100	0	0
780	"Sword Inertia Mastery"	160	0	10	7	7	0	0	50	100	0	0	6	0	4	779	0	0	0	0	0	0	0	0	0	0	0	0	0	3	0	0	0	0	0	0	3	375	10	0	0	0	302	0	0	1	0	1	0	0	0	0	2	2	150	-1	-1	100	0	0
781	"Bat Flock Enhancement"	160	22	25	9	6	0	0	100	380	0	0	6	0	4	293	0	0	0	0	0	0	0	0	0	0	0	0	0	3	0	0	0	0	0	0	6	376	1	0	0	0	303	0	0	1	0	1	0	0	0	0	0	2	150	-1	-1	100	0	0
782	"Bat Flock Mastery"	160	23	30	12	6	0	0	100	380	0	0	6	0	4	781	0	0	0	0	0	0	0	0	0	0	0	0	0	3	0	0	0	0	0	0	7	376	10	0	0	0	304	0	0	1	0	1	0	0	0	0	0	2	150	-1	-1	100	0	0
783	"Short Sword Enhancement"	0	22	0	0	0	0	0	0	0	0	0	0	0	3	0	0	0	0	0	0	0	0	0	0	0	0	0	0	3	0	0	0	0	0	0	2	377	1	0	0	0	305	0	0	1	0	0	0	0	0	0	0	-1	-1	-1	-1	100	0	0
784	"Short Sword Mastery"	0	23	0	0	0	0	0	0	0	0	0	0	0	3	0	0	0	0	0	0	0	0	0	0	0	0	0	0	3	0	0	0	0	0	0	3	377	1	0	0	0	306	0	0	0	0	0	0	0	0	0	0	-1	-1	-1	-1	100	0	0
785	"Silence Wings Defense Boost"	0	17	0	0	0	0	0	0	0	0	0	0	-1	3	0	0	0	0	0	0	0	0	0	0	0	0	0	0	3	0	0	0	0	0	0	8	378	1	0	0	0	22	0	0	0	0	0	0	0	0	0	0	-1	-1	-1	-1	100	0	0
786	"Silence Wings Attack Boost"	0	17	0	0	0	0	0	0	0	0	0	0	-1	3	0	0	0	0	0	0	0	0	0	0	0	0	0	0	3	0	0	0	0	0	0	9	379	1	0	0	0	24	0	0	0	0	0	0	0	0	0	0	-1	-1	-1	-1	100	0	0
787	"Demolish Enhancement"	400	23	60	0	0	60000	0	0	1450	0	0	0	1	4	297	0	0	0	0	0	0	0	0	0	0	0	0	0	3	0	0	0	0	0	0	8	399	1	0	0	0	308	1	0	0	319	0	0	0	0	0	0	-1	-1	-1	-1	100	0	0
788	"Demolish Mastery"	400	214	80	0	0	60000	0	0	1450	0	0	0	1	4	787	0	0	0	0	0	0	0	0	0	0	0	0	0	3	0	0	0	0	0	0	9	399	1	0	0	0	309	1	0	0	320	0	0	0	0	0	0	-1	-1	-1	-1	100	0	0
789	"Weapon Mastery"	0	22	0	0	0	0	0	0	0	0	0	0	-1	3	0	0	0	0	0	0	3	0	0	0	0	0	0	0	3	0	0	0	3	0	0	4	393	1	0	0	0	35	0	0	0	0	0	0	0	0	0	0	-1	-1	-1	-1	100	0	0
790	"Iron Armor"	0	35	0	0	0	0	0	0	0	0	0	0	-1	3	0	0	0	0	0	0	0	0	3	0	0	0	0	0	3	0	0	0	0	0	0	9	394	1	0	0	0	326	0	0	0	0	0	0	0	0	0	0	-1	-1	-1	-1	100	0	0
791	"Weapon Block"	0	2	0	0	0	0	0	0	0	0	0	0	-1	3	0	0	0	0	0	0	3	0	0	0	0	0	0	0	3	0	0	0	3	0	3	8	395	1	0	0	0	324	0	0	0	0	0	0	0	0	0	0	-1	-1	-1	-1	100	0	0
792	"Life Drain"	0	22	0	0	0	0	0	0	0	0	0	0	-1	3	0	0	0	0	0	0	0	0	3	0	0	0	0	0	3	0	0	0	0	0	0	7	396	1	0	0	0	328	0	0	0	0	0	0	0	0	0	0	-1	-1	-1	-1	100	0	0
793	"SD Drain"	0	3	0	0	0	0	0	0	0	0	0	0	-1	3	0	0	0	0	0	0	3	0	0	0	0	0	0	0	3	0	0	0	3	0	3	9	397	1	0	0	0	329	0	0	0	0	0	0	0	0	0	0	-1	-1	-1	-1	100	0	0
794	"Detection Enhancement"	350	0	100	100	0	5000	0	0	800	0	0	0	-1	4	295	0	0	0	0	0	0	0	0	0	0	0	0	0	3	0	0	0	0	0	0	8	398	10	0	0	0	307	1	0	0	318	2	1	0	1	0	0	-1	-1	-1	-1	100	0	0
801	"Sword Rage Enhancement"	0	226	21	17	0	0	0	1060	0	0	0	0	-1	4	1500	0	0	0	0	0	3	0	0	0	0	0	0	0	0	3	0	0	0	0	0	2	399	1	0	0	300	312	1	0	0	327	2	0	0	0	0	0	-1	-1	-1	-1	100	0	0
802	"Sword Rage Mastery"	0	227	21	17	0	0	0	1060	0	0	0	0	-1	4	1500	0	0	0	0	0	3	0	0	0	0	0	0	0	0	3	0	0	0	0	0	2	399	10	0	0	300	313	1	0	0	328	2	0	0	0	0	0	-1	-1	-1	-1	100	0	0
803	"Solid Grace Enhancement"	0	228	65	20	0	0	1052	0	0	0	0	0	-1	4	1503	0	0	0	0	0	3	0	0	0	0	0	0	0	0	0	0	0	0	0	0	3	400	1	0	0	600	314	1	0	0	329	3	0	0	0	0	8	-1	-1	-1	-1	100	0	0
804	"Solid Grace Proficiency"	0	229	65	20	0	0	1052	0	0	0	0	0	-1	4	803	0	0	0	0	0	3	0	0	0	0	0	0	0	0	0	0	0	0	0	0	4	400	1	0	0	600	315	1	0	0	330	3	0	0	0	0	8	-1	-1	-1	-1	100	0	0
805	"Solid Grace Enhancement (3)"	0	230	65	20	0	0	1052	0	0	0	0	0	-1	4	804	0	0	0	0	0	3	0	0	0	0	0	0	0	0	0	0	0	0	0	0	5	400	1	0	0	600	316	1	0	0	331	3	0	0	0	0	8	-1	-1	-1	-1	100	0	0
806	"Solid Grace Mastery"	0	231	65	20	0	0	1052	0	0	0	0	0	-1	4	804	0	0	0	0	0	3	0	0	0	0	0	0	0	0	0	0	0	0	0	0	5	400	1	0	0	600	317	1	0	0	332	3	0	0	0	0	8	-1	-1	-1	-1	100	0	0
807	"Destruction Blow Enhancement"	0	232	30	24	5	0	0	0	0	0	0	6	-1	4	232	0	0	0	0	0	3	0	0	0	0	0	0	0	0	0	0	0	0	0	3	6	401	1	0	0	0	310	0	0	1	0	1	0	2	1	0	2	3	150	-1	-1	135	0	0
809	"Destruction Blow Mastery"	0	234	30	24	5	0	0	0	0	0	0	6	-1	4	807	0	0	0	0	0	3	0	0	0	0	0	0	0	0	0	0	0	0	0	3	7	401	1	0	0	0	311	0	0	1	0	1	0	2	1	0	2	3	150	-1	-1	135	0	0
810	"Strong Faith Enhancement"	0	22	80	25	0	0	1040	0	0	0	0	0	-1	4	1502	0	0	0	0	0	3	0	0	0	0	0	0	0	0	0	0	0	0	0	0	2	402	1	0	0	300	320	1	0	0	336	2	1	0	1	0	8	-1	-1	-1	-1	100	0	0
811	"Whirlwind Slash Enhancement"	0	40	10	10	2	0	0	0	0	0	0	6	0	4	41	0	0	0	0	0	3	0	0	0	0	0	0	0	0	0	0	0	0	0	3	2	41	1	0	0	0	30	0	0	1	0	1	1	0	1	0	2	1	40	-1	-1	150	0	0
812	"Rage Strike Enhancement"	170	22	25	22	3	0	0	0	0	0	0	6	0	4	42	0	0	0	0	0	3	0	0	0	0	0	0	0	0	0	0	0	0	0	3	2	42	1	0	0	0	31	0	0	1	0	1	0	2	1	0	2	1	150	-1	-1	125	0	0
813	"Rush"	0	178	200	200	7	10000	0	0	0	0	0	6	0	4	0	0	0	0	0	0	3	0	0	0	0	0	0	0	0	0	0	0	0	0	3	7	279	10	0	0	0	331	0	0	0	0	0	0	0	0	0	0	1	100	-1	-1	150	0	0
814	"Energy Stat Increase"	0	245	0	0	0	0	0	0	0	0	0	0	-1	3	0	0	0	0	0	0	0	0	0	0	0	0	0	0	0	3	0	0	0	0	0	7	403	1	0	0	0	17	0	0	0	0	0	0	0	0	0	0	-1	-1	-1	-1	100	0	0
815	"Vitality Stat Increase"	0	246	0	0	0	0	0	0	0	0	0	0	-1	3	0	0	0	0	0	0	0	0	0	0	0	0	0	0	0	3	0	0	0	0	0	7	404	1	0	0	0	18	0	0	0	0	0	0	0	0	0	0	-1	-1	-1	-1	100	0	0
816	"Agility Stat Increase"	0	247	0	0	0	0	0	0	0	0	0	0	-1	3	0	0	0	0	0	0	0	0	0	0	0	0	0	0	0	3	0	0	0	0	0	7	405	1	0	0	0	19	0	0	0	0	0	0	0	0	0	0	-1	-1	-1	-1	100	0	0
817	"Strength Stat Increase"	0	248	0	0	0	0	0	0	0	0	0	0	-1	3	0	0	0	0	0	0	0	0	0	0	0	0	0	0	0	3	0	0	0	0	0	7	406	1	0	0	0	20	0	0	0	0	0	0	0	0	0	0	-1	-1	-1	-1	100	0	0
818	"Accuracy Wings Defense Boost"	0	249	0	0	0	0	0	0	0	0	0	0	-1	3	0	0	0	0	0	0	0	0	0	0	0	0	0	0	0	3	0	0	0	0	0	8	407	1	0	0	0	175	0	0	0	0	0	0	0	0	0	0	-1	-1	-1	-1	100	0	0
819	"Accuracy Wings Attack Boost"	0	250	0	0	0	0	0	0	0	0	0	0	-1	3	0	0	0	0	0	0	0	0	0	0	0	0	0	0	0	3	0	0	0	0	0	9	408	1	0	0	0	176	0	0	0	0	0	0	0	0	0	0	-1	-1	-1	-1	100	0	0
820	"Dark Plasma Enhancement"	0	251	22	15	6	5000	0	0	0	0	0	0	0	4	2001	0	0	0	0	0	0	0	0	0	0	0	0	0	0	3	0	0	0	0	0	5	409	10	0	0	0	332	0	0	2	0	1	0	0	0	0	2	3	80	0	0	105	0	0
821	"Dark Plasma Proficiency"	0	252	22	15	6	5000	0	0	0	0	0	0	0	4	820	0	0	0	0	0	0	0	0	0	0	0	0	0	0	3	0	0	0	0	0	6	409	10	0	0	0	333	0	0	2	0	1	0	0	0	0	2	3	80	0	0	105	0	0
822	"Dark Plasma Mastery"	0	253	22	15	6	5000	0	0	0	0	0	0	0	4	821	0	0	0	0	0	0	0	0	0	0	0	0	0	0	3	0	0	0	0	0	7	409	1	0	0	0	334	0	0	2	0	1	0	0	0	0	2	3	80	0	0	105	0	0
823	"Ice Break Enhancement"	0	254	17	8	6	0	295	0	0	0	0	6	0	4	2002	0	0	0	0	0	0	0	0	0	0	0	0	0	0	3	0	0	0	0	0	2	410	1	0	0	0	335	0	0	2	0	0	0	0	0	0	2	3	80	0	0	105	0	0
824	"Ice Break Mastery"	0	255	17	8	6	0	295	0	0	0	0	6	0	4	823	0	0	0	0	0	0	0	0	0	0	0	0	0	0	3	0	0	0	0	0	3	410	1	0	0	0	336	0	0	2	0	0	0	0	0	0	2	3	80	0	0	105	0	0
825	"Death Fire Enhancement"	0	256	8	10	6	0	100	0	0	0	0	6	0	4	2004	0	0	0	0	0	0	0	0	0	0	0	0	0	0	3	0	0	0	0	0	2	411	1	0	0	0	338	0	0	2	0	0	0	0	0	0	2	3	80	0	0	105	0	0
826	"Death Fire Mastery"	0	257	8	10	7	0	100	0	0	0	0	6	0	4	825	0	0	0	0	0	0	0	0	0	0	0	0	0	0	3	0	0	0	0	0	3	411	1	0	0	0	339	0	0	2	0	0	0	0	0	0	2	3	80	0	0	105	0	0
828	"Fixed Fire Enhancement"	0	285	100	50	0	0	300	0	0	0	0	0	1	4	2021	0	0	0	0	0	0	0	0	0	0	0	0	0	0	3	0	0	0	0	0	5	415	1	0	0	0	357	1	0	0	381	2	0	0	0	0	2	0	0	0	0	100	0	0
829	"Fixed Fire Mastery"	0	286	100	50	0	0	300	0	0	0	0	0	1	4	828	0	0	0	0	0	0	0	0	0	0	0	0	0	0	3	0	0	0	0	0	6	415	1	0	0	0	358	1	0	0	382	2	0	0	0	0	2	0	0	0	0	100	0	0
831	"Magic Gun Enhancement"	0	262	0	0	0	0	0	0	0	0	0	0	0	3	0	0	0	0	0	0	0	0	0	0	0	0	0	0	0	3	0	0	0	0	0	2	412	1	0	0	0	343	0	0	0	0	0	0	0	0	0	0	0	0	0	0	105	0	0
832	"Magic Gun Mastery"	0	263	0	0	0	0	0	0	0	0	0	0	0	3	0	0	0	0	0	0	0	0	0	0	0	0	0	0	0	3	0	0	0	0	0	3	412	1	0	0	0	344	0	0	0	0	0	0	0	0	0	0	0	0	0	0	105	0	0
835	"Death Ice Enhancement"	0	269	8	10	6	0	100	0	0	0	0	6	0	4	2006	0	0	0	0	0	0	0	0	0	0	0	0	0	0	3	0	0	0	0	0	2	413	1	0	0	0	355	0	0	2	0	0	0	0	0	0	2	3	80	0	0	105	0	0
836	"Death Ice Mastery"	0	270	8	10	7	0	100	0	0	0	0	6	0	4	835	0	0	0	0	0	0	0	0	0	0	0	0	0	0	3	0	0	0	0	0	3	413	1	0	0	0	356	0	0	2	0	0	0	0	0	0	2	3	80	0	0	105	0	0
837	"Radiant Cloak Defense Boost"	0	17	0	0	0	0	0	0	0	0	0	0	-1	3	0	0	0	0	0	0	0	0	0	0	0	0	0	0	0	0	3	0	0	0	0	8	415	1	0	0	0	385	0	0	0	0	0	0	0	0	0	0	-1	-1	-1	-1	100	0	0
838	"Radiant Cloak Attack Boost"	0	17	0	0	0	0	0	0	0	0	0	0	-1	3	0	0	0	0	0	0	0	0	0	0	0	0	0	0	0	0	3	0	0	0	0	9	416	1	0	0	0	386	0	0	0	0	0	0	0	0	0	0	-1	-1	-1	-1	100	0	0
839	"Iron Armor"	0	35	0	0	0	0	0	0	0	0	0	0	-1	3	0	0	0	0	0	0	0	0	0	0	0	0	0	0	0	0	3	0	0	0	0	9	417	1	0	0	0	326	0	0	0	0	0	0	0	0	0	0	-1	-1	-1	-1	100	0	0
840	"Eternal Wings Defense Boost"	0	17	0	0	0	0	0	0	0	0	0	0	-1	3	0	0	0	0	0	0	0	0	0	0	0	0	0	0	0	0	0	3	0	0	0	8	418	1	0	0	0	75	0	0	0	0	0	0	0	0	0	0	-1	-1	-1	-1	100	0	0
841	"Eternal Wings Attack Boost"	0	17	0	0	0	0	0	0	0	0	0	0	-1	3	0	0	0	0	0	0	0	0	0	0	0	0	0	0	0	0	0	3	0	0	0	9	419	1	0	0	0	77	0	0	0	0	0	0	0	0	0	0	-1	-1	-1	-1	100	0	0
842	"Iron Armor"	0	35	0	0	0	0	0	0	0	0	0	0	-1	3	0	0	0	0	0	0	0	0	0	0	0	0	0	0	0	0	0	3	0	0	0	9	420	1	0	0	0	326	0	0	0	0	0	0	0	0	0	0	-1	-1	-1	-1	100	0	0
843	"Shining Bird Enhancement"	150	22	20	0	6	0	70	0	0	0	0	6	1	4	241	0	0	0	0	0	0	0	0	0	0	0	0	0	0	0	3	0	0	0	0	2	421	1	0	0	0	369	0	0	2	0	1	0	0	0	0	0	3	45	-1	-1	190	0	0
844	"Shining Bird Mastery"	150	0	30	0	7	0	70	0	0	0	0	6	1	4	843	0	0	0	0	0	0	0	0	0	0	0	0	0	0	0	3	0	0	0	0	3	421	1	0	0	0	370	0	0	2	0	1	0	0	0	0	0	3	45	-1	-1	190	0	0
845	"Magic Mastery"	50	22	0	0	0	0	0	0	0	0	0	0	-1	3	0	0	0	0	0	0	0	0	0	0	0	0	0	0	0	0	3	0	0	0	0	4	422	1	0	0	0	86	0	0	2	0	0	0	0	0	0	0	-1	-1	-1	-1	100	0	0
846	"Dragon Violent Enhancement"	160	22	50	0	6	0	680	0	0	0	0	6	1	4	242	0	0	0	0	0	0	0	0	0	0	0	0	0	0	0	3	0	0	0	0	6	423	1	0	0	0	371	0	0	2	0	0	0	0	0	0	0	3	60	-1	-1	190	0	0
847	"Dragon Violent Mastery"	160	0	70	0	7	0	680	0	0	0	0	6	1	4	846	0	0	0	0	0	0	0	0	0	0	0	0	0	0	0	3	0	0	0	0	7	423	1	0	0	0	372	0	0	2	0	0	0	0	0	0	0	3	60	-1	-1	190	0	0
848	"Marble Burst Enhancement"	140	4	20	0	6	0	104	0	0	0	0	6	1	4	245	0	0	0	0	0	0	0	0	0	0	0	0	0	0	0	0	3	0	0	0	2	424	1	0	0	0	378	0	0	2	0	0	0	0	0	0	14	3	45	-1	-1	190	0	0
849	"Marble Burst Mastery"	140	0	30	0	6	0	104	0	0	0	0	6	1	4	848	0	0	0	0	0	0	0	0	0	0	0	0	0	0	0	0	3	0	0	0	3	424	1	0	0	0	379	0	0	2	0	0	0	0	0	0	14	3	45	-1	-1	190	0	0
850	"Magic Mastery"	50	22	0	0	0	0	0	0	0	0	0	0	-1	3	0	0	0	0	0	0	0	0	0	0	0	0	0	0	0	0	0	3	0	0	0	4	425	1	0	0	0	86	0	0	2	0	0	0	0	0	0	0	-1	-1	-1	-1	100	0	0
851	"Basic Defense Increase Enhancement"	13	271	33	0	6	0	72	0	0	0	0	0	-1	4	2009	0	0	0	0	0	0	0	0	0	0	0	0	0	0	0	0	3	0	0	0	3	426	1	0	0	0	413	1	0	4	347	4	0	0	0	0	0	-1	-1	-1	-1	100	0	0
852	"Basic Defense Increase Mastery"	13	271	36	0	6	0	72	0	0	0	0	0	-1	4	851	0	0	0	0	0	0	0	0	0	0	0	0	0	0	0	0	3	0	0	0	4	426	1	0	0	0	414	1	0	4	347	4	0	0	0	0	0	-1	-1	-1	-1	100	0	0
853	"Basic Attack Increase Enhancement"	18	271	44	0	6	0	92	0	0	0	0	0	-1	4	2010	0	0	0	0	0	0	0	0	0	0	0	0	0	0	0	0	3	0	0	0	4	427	1	0	0	0	415	1	0	4	346	4	0	0	0	0	0	-1	-1	-1	-1	100	0	0
854	"Basic Attack Increase Mastery"	18	271	48	0	6	0	92	0	0	0	0	0	-1	4	853	0	0	0	0	0	0	0	0	0	0	0	0	0	0	0	0	3	0	0	0	5	427	1	0	0	0	416	1	0	4	346	4	0	0	0	0	0	-1	-1	-1	-1	100	0	0
855	"Unleash Marble Enhancement"	155	22	65	0	6	10000	700	0	0	0	0	6	1	4	246	0	0	0	0	0	0	0	0	0	0	0	0	0	0	0	0	3	0	0	0	6	424	1	0	0	0	380	0	0	2	0	1	0	0	0	0	14	3	60	-1	-1	150	0	0
856	"Unleash Marble Mastery"	155	0	70	0	7	10000	700	0	0	0	0	6	1	4	855	0	0	0	0	0	0	0	0	0	0	0	0	0	0	0	0	3	0	0	0	7	424	1	0	0	0	381	0	0	2	0	1	0	0	0	0	14	3	60	-1	-1	150	0	0
857	"Basic Bless Enhancement"	10	272	118	20	6	3000	150	0	0	0	0	0	-1	4	2011	0	0	0	0	0	0	0	0	0	0	0	0	0	0	0	0	3	0	0	0	8	425	1	0	0	300	417	1	0	4	348	4	0	0	0	0	0	-1	-1	-1	-1	100	0	0
858	"Basic Heal Enhancement"	8	271	22	0	6	0	52	0	0	0	0	0	0	4	2007	0	0	0	0	0	0	0	0	0	0	0	0	0	0	0	0	3	0	0	0	2	431	1	0	0	0	382	6	0	4	0	4	0	0	0	0	0	-1	-1	-1	-1	100	0	0
859	"Magic Book Enhancement"	0	23	0	0	0	0	0	0	0	0	0	0	1	3	0	0	0	0	0	0	0	0	0	0	0	0	0	0	0	0	3	0	0	0	0	2	426	1	0	0	0	376	0	0	2	0	0	0	0	0	0	0	-1	-1	-1	-1	100	0	0
860	"Magic Book Mastery"	0	1	0	0	0	0	0	0	0	0	0	0	1	3	0	0	0	0	0	0	0	0	0	0	0	0	0	0	0	0	3	0	0	0	0	3	427	1	0	0	0	377	0	0	2	0	0	0	0	0	0	0	-1	-1	-1	-1	100	0	0
861	"Reflection Barrier Enhancement"	77	7	77	24	6	0	408	0	0	0	0	0	1	4	244	0	0	0	0	0	0	0	0	0	0	0	0	0	0	0	3	0	0	0	0	4	428	1	0	0	0	373	1	0	0	343	3	0	0	0	0	0	-1	-1	-1	-1	100	0	0
862	"Reflection Barrier Proficiency"	77	10	84	26	6	0	408	0	0	0	0	0	1	4	861	0	0	0	0	0	0	0	0	0	0	0	0	0	0	0	3	0	0	0	0	5	428	1	0	0	0	374	1	0	0	343	3	0	0	0	0	0	-1	-1	-1	-1	100	0	0
863	"Reflection Barrier Mastery"	77	7	92	28	6	0	408	0	0	0	0	0	1	4	862	0	0	0	0	0	0	0	0	0	0	0	0	0	0	0	3	0	0	0	0	6	428	1	0	0	0	375	1	0	0	345	3	0	0	0	0	0	-1	-1	-1	-1	100	0	0
864	"Orb Enhancement"	0	22	0	0	0	0	0	0	0	0	0	0	1	3	0	0	0	0	0	0	0	0	0	0	0	0	0	0	0	0	0	3	0	0	0	2	429	1	0	0	0	423	0	0	2	0	0	0	0	0	0	0	-1	-1	-1	-1	100	0	0
865	"Spiral Charge Enhancement"	0	275	21	17	0	0	0	900	0	0	0	0	-1	4	2014	0	0	0	0	0	0	0	3	0	0	0	0	0	0	0	0	0	0	0	0	6	432	1	0	0	300	363	1	0	0	368	2	0	0	0	0	0	-1	-1	-1	-1	100	0	0
866	"Spiral Charge Mastery"	0	278	21	17	0	0	0	900	0	0	0	0	-1	4	865	0	0	0	0	0	0	0	3	0	0	0	0	0	0	0	0	0	0	0	0	7	432	10	0	0	300	364	1	0	0	369	2	0	0	0	0	0	-1	-1	-1	-1	100	0	0
867	"Crusher Charge Enhancement"	0	276	21	17	0	0	0	900	0	0	0	0	-1	4	2015	0	0	0	0	0	0	0	3	0	0	0	0	0	0	0	0	0	0	0	0	6	433	1	0	0	300	365	1	0	0	370	2	0	0	0	0	0	-1	-1	-1	-1	100	0	0
868	"Crusher Charge Mastery"	0	279	21	17	0	0	0	900	0	0	0	0	-1	4	867	0	0	0	0	0	0	0	3	0	0	0	0	0	0	0	0	0	0	0	0	7	433	10	0	0	300	366	1	0	0	371	2	0	0	0	0	0	-1	-1	-1	-1	100	0	0
869	"Elemental Charge Enhancement"	0	277	65	20	0	0	1073	0	0	0	0	0	-1	4	2016	0	0	0	0	0	0	0	3	0	0	0	0	0	0	0	0	0	0	0	0	6	434	1	0	0	300	367	1	0	0	372	2	0	0	0	0	0	-1	-1	-1	-1	100	0	0
870	"Elemental Charge Mastery"	0	280	65	20	0	0	1073	0	0	0	0	0	-1	4	869	0	0	0	0	0	0	0	3	0	0	0	0	0	0	0	0	0	0	0	0	7	434	10	0	0	300	368	1	0	0	373	2	0	0	0	0	0	-1	-1	-1	-1	100	0	0
871	"Two-Handed Sword Enhancement"	0	281	0	0	0	0	0	0	0	0	0	0	0	3	0	0	0	0	0	0	0	0	3	0	0	0	0	0	0	0	0	0	0	0	0	2	52	1	0	0	0	48	0	0	1	0	0	0	0	0	0	0	-1	-1	-1	-1	100	0	0
872	"Two-Handed Staff Enhancement"	0	282	0	0	0	0	0	0	0	0	0	0	0	3	0	0	0	0	0	0	0	0	3	0	0	0	0	0	0	0	0	0	0	0	0	2	97	1	0	0	0	98	0	0	0	0	0	0	0	0	0	0	-1	-1	-1	-1	100	0	0
873	"Two-Handed Sword Mastery"	0	283	0	0	0	0	0	0	0	0	0	0	0	3	0	0	0	0	0	0	0	0	3	0	0	0	0	0	0	0	0	0	0	0	0	3	56	1	0	0	0	52	0	0	1	0	0	0	0	0	0	0	-1	-1	-1	-1	100	0	0
874	"Two-Handed Staff Mastery"	0	284	0	0	0	0	0	0	0	0	0	0	0	3	0	0	0	0	0	0	0	0	3	0	0	0	0	0	0	0	0	0	0	0	0	3	100	1	0	0	0	101	0	0	0	0	0	0	0	0	0	0	-1	-1	-1	-1	100	0	0
875	"Orb Mastery"	0	23	0	0	0	0	0	0	0	0	0	0	1	3	0	0	0	0	0	0	0	0	0	0	0	0	0	0	0	0	0	3	0	0	0	3	430	1	0	0	0	424	0	0	2	0	0	0	0	0	0	0	-1	-1	-1	-1	100	0	0
876	"Holy Bolt Enhancement"	120	41	20	0	6	0	1200	0	0	0	0	6	0	4	2025	0	0	0	0	0	0	3	0	0	0	0	0	0	0	0	0	0	0	0	0	6	0	1	0	0	0	425	0	0	2	0	0	0	0	0	0	0	3	150	-1	-1	190	0	0
877	"Charge Slash Enhancement"	25	294	3	0	6	0	0	0	80	0	0	6	0	4	2028	0	0	0	0	0	0	0	0	0	0	0	0	0	0	0	0	0	3	0	0	2	435	1	0	0	0	431	0	0	1	0	1	0	0	0	0	3	2	100	-1	-1	115	0	0
878	"Charge Slash Mastery"	25	295	3	0	7	0	0	0	80	0	0	6	0	4	877	0	0	0	0	0	0	0	0	0	0	0	0	0	0	0	0	0	3	0	0	3	435	1	0	0	0	432	0	0	1	0	1	0	0	0	0	3	2	100	-1	-1	115	0	0
879	"Wind Glaive Enhancement"	45	296	6	0	5	0	0	0	650	0	0	6	0	4	2029	0	0	0	0	0	0	0	0	0	0	0	0	0	0	0	0	0	3	0	0	3	436	1	0	0	0	433	0	0	1	0	1	0	0	0	0	3	2	80	-1	-1	100	1	0
880	"Wind Glaive Mastery"	45	297	6	0	6	0	0	0	650	0	0	6	0	4	879	0	0	0	0	0	0	0	0	0	0	0	0	0	0	0	0	0	3	0	0	4	436	1	0	0	0	434	0	0	1	0	1	0	0	0	0	3	2	80	-1	-1	100	1	0
881	"Blade Storm Enhancement"	160	298	10	10	6	0	0	0	1150	0	0	6	0	4	2030	0	0	0	0	0	0	0	0	0	0	0	0	0	0	0	0	0	3	0	0	7	437	1	0	0	0	435	0	0	1	0	1	0	0	0	0	3	2	50	-1	-1	190	1	0
882	"Blade Storm Mastery"	160	299	10	10	6	0	0	0	1150	0	0	6	0	4	881	0	0	0	0	0	0	0	0	0	0	0	0	0	0	0	0	0	3	0	0	8	437	1	0	0	0	436	0	0	1	0	1	0	0	0	0	3	2	50	-1	-1	190	1	0
883	"Illusion Avatar Enhancement"	100	300	40	0	6	0	0	0	900	0	0	6	0	4	2031	0	0	0	0	0	0	0	0	0	0	0	0	0	0	0	0	0	3	0	0	5	438	1	0	0	0	426	4	0	1	0	1	0	0	0	0	3	2	80	-1	-1	100	0	0
884	"Illusion Avatar Mastery"	100	301	40	0	6	0	0	0	900	0	0	6	0	4	883	0	0	0	0	0	0	0	0	0	0	0	0	0	0	0	0	0	3	0	0	6	438	1	0	0	0	427	4	0	1	0	1	0	0	0	0	3	2	80	-1	-1	100	0	0
885	"Illusion Blade Enhancement"	25	302	40	0	0	0	0	0	0	0	0	0	-1	4	2032	0	0	0	0	0	0	0	0	0	0	0	0	0	0	0	0	0	3	0	0	4	439	0	0	0	0	428	1	0	0	406	2	1	0	1	0	3	-1	-1	-1	-1	100	0	0
886	"Illusion Blade Proficiency"	25	303	40	0	0	0	0	0	0	0	0	0	-1	4	885	0	0	0	0	0	0	0	0	0	0	0	0	0	0	0	0	0	3	0	0	5	439	0	0	0	0	429	1	0	0	407	2	1	0	1	0	3	-1	-1	-1	-1	100	0	0
887	"Illusion Blade Mastery"	25	304	40	0	0	0	0	0	0	0	0	0	-1	4	886	0	0	0	0	0	0	0	0	0	0	0	0	0	0	0	0	0	3	0	0	6	439	0	0	0	0	430	1	0	0	408	2	1	0	1	0	3	-1	-1	-1	-1	100	0	0
888	"Weapon Block"	0	2	0	0	0	0	0	0	0	0	0	0	-1	3	0	0	0	0	0	0	0	0	0	0	0	0	0	0	0	0	0	0	3	0	0	8	272	1	0	0	0	324	0	0	0	0	0	0	0	0	0	0	-1	-1	-1	-1	100	0	0
889	"Iron Armor"	0	35	0	0	0	0	0	0	0	0	0	0	-1	3	0	0	0	0	0	0	0	0	0	0	0	0	0	0	0	0	0	0	3	0	0	9	420	1	0	0	0	326	0	0	0	0	0	0	0	0	0	0	-1	-1	-1	-1	100	0	0
890	"Oath Cloak Defense Boost"	0	17	0	0	0	0	0	0	0	0	0	0	-1	3	0	0	0	0	0	0	0	0	0	0	0	0	0	0	0	0	0	0	3	0	0	8	23	1	0	0	0	205	0	0	0	0	0	0	0	0	0	0	-1	-1	-1	-1	100	0	0
891	"Oath Cloak Attack Boost"	0	17	0	0	0	0	0	0	0	0	0	0	-1	3	0	0	0	0	0	0	0	0	0	0	0	0	0	0	0	0	0	0	3	0	0	9	35	1	0	0	0	207	0	0	0	0	0	0	0	0	0	0	-1	-1	-1	-1	100	0	0
892	"Blade Enhancement"	0	305	0	0	0	0	0	0	0	0	0	0	0	3	0	0	0	0	0	0	0	0	0	0	0	0	0	0	0	0	0	0	3	0	0	2	440	1	0	0	0	49	0	0	1	0	0	0	0	0	0	0	-1	-1	-1	-1	100	0	0
893	"Blade Mastery"	0	306	0	0	0	0	0	0	0	0	0	0	0	3	0	0	0	0	0	0	0	0	0	0	0	0	0	0	0	0	0	0	3	0	0	3	441	1	0	0	0	53	0	0	0	0	0	0	0	0	0	0	-1	-1	-1	-1	100	0	0
894	"Over Sting Enhancement"	300	313	25	12	6	0	0	0	1470	0	0	6	0	4	2036	0	0	0	0	0	0	0	0	0	0	0	3	0	0	0	0	0	0	0	0	7	442	1	0	0	0	164	0	0	1	0	0	0	0	0	0	4	2	80	-1	-1	110	1	0
895	"Rage Enhancement"	66	312	50	40	0	0	0	200	200	0	0	0	-1	4	278	0	0	0	0	0	0	0	0	0	0	0	3	0	0	0	0	0	0	0	0	4	354	1	0	0	0	408	1	0	0	425	2	0	0	0	0	0	2	-1	-1	-1	100	0	0
896	"Wild Breath Enhancement"	300	315	35	18	6	0	0	1020	0	0	0	6	0	4	2085	0	0	0	0	0	0	0	0	0	0	0	3	0	0	0	0	0	0	0	0	7	443	1	0	0	0	198	0	0	1	0	1	0	0	0	0	4	1	100	-1	-1	110	1	0
897	"Tiger Eye Wings Defense Boost"	0	17	0	0	0	0	0	0	0	0	0	0	-1	3	0	0	0	0	0	0	0	0	0	0	0	0	0	0	0	0	0	0	0	3	0	8	418	1	0	0	0	75	0	0	0	0	0	0	0	0	0	0	-1	-1	-1	-1	100	0	0
898	"Tiger Eye Wings Attack Boost"	0	17	0	0	0	0	0	0	0	0	0	0	-1	3	0	0	0	0	0	0	0	0	0	0	0	0	0	0	0	0	0	0	0	3	0	9	419	1	0	0	0	77	0	0	0	0	0	0	0	0	0	0	-1	-1	-1	-1	100	0	0
899	"Iron Armor"	0	35	0	0	0	0	0	0	0	0	0	0	-1	3	0	0	0	0	0	0	0	0	0	0	0	0	0	0	0	0	0	0	0	3	0	9	420	1	0	0	0	326	0	0	0	0	0	0	0	0	0	0	-1	-1	-1	-1	100	0	0
900	"Synthesis: Angel Homunculus Enhancement"	150	22	20	0	6	0	70	0	0	0	0	6	1	4	2091	0	0	0	0	0	0	0	0	0	0	0	0	0	0	0	0	0	0	3	0	2	421	1	0	0	0	440	0	0	2	0	1	0	0	0	0	17	3	45	-1	-1	190	0	0
901	"Synthesis: Angel Homunculus Mastery"	150	0	30	0	6	0	70	0	0	0	0	6	1	4	900	0	0	0	0	0	0	0	0	0	0	0	0	0	0	0	0	0	0	3	0	3	421	10	0	0	0	441	0	0	2	0	1	0	0	0	0	17	3	45	-1	-1	190	0	0
902	"Magic Mastery"	50	22	0	0	0	0	0	0	0	0	0	0	-1	3	0	0	0	0	0	0	0	0	0	0	0	0	0	0	0	0	0	0	0	3	0	4	422	1	0	0	0	86	0	0	2	0	0	0	0	0	0	0	-1	-1	-1	-1	100	0	0
903	"Synthesis: Ignition Bomber Enhancement"	160	22	50	0	6	0	680	0	0	0	0	6	1	4	2092	0	0	0	0	0	0	0	0	0	0	0	0	0	0	0	0	0	0	3	0	6	423	1	0	0	0	446	0	0	2	0	0	0	0	0	0	17	3	60	-1	-1	190	0	0
904	"Synthesis: Ignition Bomber Mastery"	160	0	70	5	7	0	680	0	0	0	0	6	1	4	903	0	0	0	0	0	0	0	0	0	0	0	0	0	0	0	0	0	0	3	0	7	423	10	0	0	0	447	0	0	2	0	0	0	0	0	0	17	3	60	-1	-1	190	0	0
905	"Synthesis: Confusion Stone Enhancement"	77	0	80	50	6	300000	850	0	0	0	0	0	1	4	2090	0	0	0	0	0	0	0	0	0	0	0	0	0	0	0	0	0	0	3	0	8	431	10	0	0	0	438	1	0	0	443	2	0	0	0	0	17	-1	-1	-1	-1	100	0	0
906	"Synthesis: Confusion Stone Mastery"	77	23	100	55	6	300000	850	0	0	0	0	0	1	4	905	0	0	0	0	0	0	0	0	0	0	0	0	0	0	0	0	0	0	3	0	9	431	1	0	0	0	439	1	0	0	443	2	0	0	0	0	17	-1	-1	-1	-1	100	0	0
907	"Wand Enhancement"	0	22	0	0	0	0	0	0	0	0	0	0	1	3	0	0	0	0	0	0	0	0	0	0	0	0	0	0	0	0	0	0	0	3	0	2	429	1	0	0	0	321	0	0	2	0	0	0	0	0	0	0	-1	-1	-1	-1	100	0	0
909	"Elixir Enhancement"	0	23	0	0	0	0	0	0	0	0	0	0	1	3	0	0	0	0	0	0	0	0	0	0	0	0	0	0	0	0	0	0	0	3	0	2	430	1	0	0	0	448	0	0	2	0	0	0	0	0	0	0	-1	-1	-1	-1	100	0	0
910	"Elixir Mastery"	0	1	0	0	0	0	0	0	0	0	0	0	1	3	0	0	0	0	0	0	0	0	0	0	0	0	0	0	0	0	0	0	0	3	0	3	430	10	0	0	0	449	0	0	2	0	0	0	0	0	0	0	-1	-1	-1	-1	100	0	0
911	"Spirit Blast Enhancement"	160	317	35	16	6	0	0	800	0	620	0	6	0	4	2095	0	0	0	0	0	0	0	0	3	0	0	0	0	0	0	0	0	0	0	0	4	418	1	0	0	0	437	0	0	1	0	1	0	0	0	0	15	5	50	1	100	130	1	0
912	"Crown Force Enhancement"	10	318	80	20	0	3000	300	0	0	400	0	0	-1	4	2097	0	0	0	0	0	0	0	0	3	0	0	0	0	0	0	0	0	0	0	0	8	419	1	0	0	60000	242	1	0	4	427	3	0	0	0	0	0	-1	-1	-1	-1	100	0	0
913	"Divine Force Enhancement"	10	319	100	0	0	30000	0	0	0	500	0	0	-1	4	2098	0	0	0	0	0	0	0	0	3	0	0	0	0	0	0	0	0	0	0	0	6	420	1	0	0	3000	244	1	0	4	428	3	0	0	0	0	15	-1	-1	-1	-1	100	0	0
914	"Divine Aura Enhancement"	10	320	100	0	0	30000	0	0	0	500	0	0	-1	4	2099	0	0	0	0	0	0	0	0	3	0	0	0	0	0	0	0	0	0	0	0	6	421	1	0	0	3000	245	1	0	4	429	3	0	0	0	0	16	-1	-1	-1	-1	100	0	0
915	"Battle Glory Enhancement"	66	323	50	40	0	0	0	200	0	200	0	0	-1	4	2100	0	0	0	0	0	0	0	0	3	0	0	0	0	0	0	0	0	0	0	0	5	422	1	0	0	0	225	1	0	0	437	2	0	0	0	0	0	-1	-1	-1	-1	100	0	0
916	"Runic Spear Enhancement"	150	22	35	0	7	0	600	0	0	0	0	6	1	4	2101	0	0	0	0	0	0	0	0	0	0	0	0	3	0	0	0	0	0	0	0	2	444	1	0	0	0	418	0	0	2	0	0	0	0	0	0	9	3	100	-1	-1	120	0	0
917	"Wish Cloak Defense Boost"	0	17	0	0	0	0	0	0	0	0	0	0	-1	3	0	0	0	0	0	0	0	0	0	0	0	0	0	0	0	0	0	0	0	0	3	8	445	1	0	0	0	249	0	0	0	0	0	0	0	0	0	0	-1	-1	-1	-1	100	0	0
918	"Wish Cloak Attack Boost"	0	17	0	0	0	0	0	0	0	0	0	0	-1	3	0	0	0	0	0	0	0	0	0	0	0	0	0	0	0	0	0	0	0	0	3	9	446	1	0	0	0	250	0	0	0	0	0	0	0	0	0	0	-1	-1	-1	-1	100	0	0
919	"Divine Fall Enhancement"	30	326	10	0	6	0	0	60	29	0	0	6	0	4	2105	0	0	0	0	0	0	0	0	0	0	0	0	0	0	0	0	0	0	0	3	2	448	1	0	0	0	257	0	0	1	0	1	0	0	0	0	18	1	45	-1	-1	130	0	0
920	"Divine Fall Mastery"	30	327	13	0	6	0	0	60	29	0	0	6	0	4	919	0	0	0	0	0	0	0	0	0	0	0	0	0	0	0	0	0	0	0	3	3	448	10	0	0	0	270	0	0	1	0	1	0	0	0	0	18	1	45	-1	-1	130	0	0
921	"Holy Sweep Enhancement"	50	324	14	2	5	0	0	420	168	0	0	6	0	4	2106	0	0	0	0	0	0	0	0	0	0	0	0	0	0	0	0	0	0	0	3	4	447	1	0	0	0	247	7	0	1	0	1	0	0	0	0	18	1	10	-1	-1	130	0	0
923	"Sacred Impact Enhancement"	160	328	22	16	7	0	0	1045	418	0	0	6	0	4	2107	0	0	0	0	0	0	0	0	0	0	0	0	0	0	0	0	0	0	0	3	5	449	1	0	0	0	276	0	0	1	0	0	0	0	0	0	18	1	50	-1	-1	190	1	0
925	"Weapon Mastery"	0	22	0	0	0	0	0	0	0	0	0	0	-1	3	0	0	0	0	0	0	0	0	0	0	0	0	0	0	0	0	0	0	0	0	3	3	450	1	0	0	0	35	0	0	0	0	0	0	0	0	0	0	-1	-1	-1	-1	100	0	0
926	"Hammer Enhancement"	0	330	0	0	0	0	0	0	0	0	0	0	0	3	0	0	0	0	0	0	0	0	0	0	0	0	0	0	0	0	0	0	0	0	3	2	54	1	0	0	0	50	0	0	1	0	0	0	0	0	0	0	-1	-1	-1	-1	100	0	0
927	"Hammer Mastery"	0	331	0	0	0	0	0	0	0	0	0	0	-1	3	0	0	0	0	0	0	0	0	0	0	0	0	0	0	0	0	0	0	0	0	3	3	58	1	0	0	0	54	0	0	0	0	0	0	0	0	0	0	-1	-1	-1	-1	100	0	0
928	"Lugard¡¯s Blessing: Punishment Enhancement"	50	332	210	30	8	0	200	0	0	0	0	0	-1	4	2108	0	0	0	0	0	0	0	0	0	0	0	0	0	0	0	0	0	0	0	3	4	454	1	0	0	1800000	451	1	0	0	449	2	0	0	0	0	0	-1	-1	-1	-1	100	0	0
1001	"Skill Damage Increase"	0	0	0	0	0	0	0	0	0	0	0	0	-1	7	0	0	0	0	0	4	4	4	4	4	4	4	4	4	4	4	4	4	4	4	4	0	0	1	0	0	0	0	0	0	0	0	0	0	0	0	0	0	-1	-1	-1	-1	100	0	0
1002	"Hit Count Increase +1"	0	0	0	0	0	0	0	0	0	0	0	0	-1	7	0	0	0	0	0	4	4	4	4	4	4	4	4	4	4	4	4	4	4	4	4	0	0	1	0	0	0	1	0	0	0	0	0	0	0	0	0	0	-1	-1	-1	-1	100	0	0
1003	"Hit Count Increase +2"	0	0	0	0	0	0	0	0	0	0	0	0	-1	7	0	0	0	0	0	4	4	4	4	4	4	4	4	4	4	4	4	4	4	4	4	0	0	1	0	0	0	2	0	0	0	0	0	0	0	0	0	0	-1	-1	-1	-1	100	0	0
1004	"Hit Count Increase +3"	0	0	0	0	0	0	0	0	0	0	0	0	-1	7	0	0	0	0	0	4	4	4	4	4	4	4	4	4	4	4	4	4	4	4	4	0	0	1	0	0	0	3	0	0	0	0	0	0	0	0	0	0	-1	-1	-1	-1	100	0	0
1005	"Hit Count Increase +4"	0	0	0	0	0	0	0	0	0	0	0	0	-1	7	0	0	0	0	0	4	4	4	4	4	4	4	4	4	4	4	4	4	4	4	4	0	0	1	0	0	0	4	0	0	0	0	0	0	0	0	0	0	-1	-1	-1	-1	100	0	0
1006	"Hit Count Increase +2"	0	0	0	0	0	0	0	0	0	0	0	0	-1	7	0	0	0	0	0	4	4	4	4	4	4	4	4	4	4	4	4	4	4	4	4	0	0	1	0	0	0	5	0	0	0	0	0	0	0	0	0	0	-1	-1	-1	-1	100	0	0
1007	"Additional Damage Chance Increase"	0	0	0	0	0	0	0	0	0	0	0	0	-1	7	0	0	0	0	0	4	4	4	4	4	4	4	4	4	4	4	4	4	4	4	4	0	0	1	0	0	0	6	0	0	0	0	0	0	0	0	0	0	-1	-1	-1	-1	100	0	0
1008	"Attack Speed Increase"	0	0	0	0	0	0	0	0	0	0	0	0	-1	7	0	0	0	0	0	4	4	4	4	4	4	4	4	4	4	4	4	4	4	4	4	0	0	1	0	0	0	16	0	0	0	0	0	0	0	0	0	0	-1	-1	-1	-1	100	0	0
1009	"Range Increase"	0	0	0	0	0	0	0	0	0	0	0	0	-1	7	0	0	0	0	0	4	4	4	4	4	4	4	4	4	4	4	4	4	4	4	4	0	0	1	0	0	0	12	0	0	0	0	0	0	0	0	0	0	-1	-1	-1	-1	100	0	0
1010	"Add Splash Damage"	0	0	0	0	0	0	0	0	0	0	0	0	-1	7	0	0	0	0	0	4	4	4	4	4	4	4	4	4	4	4	4	4	4	4	4	0	0	1	0	0	0	13	0	0	0	0	0	0	0	0	0	0	-1	-1	-1	-1	100	0	0
1011	"Use Distance Increase"	0	0	0	0	0	0	0	0	0	0	0	0	-1	7	0	0	0	0	0	4	4	4	4	4	4	4	4	4	4	4	4	4	4	4	4	0	0	1	0	0	0	14	0	0	0	0	0	0	0	0	0	0	-1	-1	-1	-1	100	0	0
1012	"Target Count Increase"	0	0	0	0	0	0	0	0	0	0	0	0	-1	7	0	0	0	0	0	4	4	4	4	4	4	4	4	4	4	4	4	4	4	4	4	0	0	1	0	0	0	15	0	0	0	0	0	0	0	0	0	0	-1	-1	-1	-1	100	0	0
1013	"Buff Synergy Effect"	0	0	0	0	0	0	0	0	0	0	0	0	-1	7	0	0	0	0	0	4	4	4	4	4	4	4	4	4	4	4	4	4	4	4	4	0	0	1	0	0	0	16	0	0	0	0	0	0	0	0	0	0	-1	-1	-1	-1	100	0	0
1014	"Buff Synergy Effect"	0	0	0	0	0	0	0	0	0	0	0	0	-1	7	0	0	0	0	0	4	4	4	4	4	4	4	4	4	4	4	4	4	4	4	4	0	0	1	0	0	0	17	0	0	0	0	0	0	0	0	0	0	-1	-1	-1	-1	100	0	0
1015	"Skill Duration Increase"	0	0	0	0	0	0	0	0	0	0	0	0	-1	7	0	0	0	0	0	4	4	4	4	4	4	4	4	4	4	4	4	4	4	4	4	0	0	1	0	0	0	18	0	0	0	0	0	0	0	0	0	0	-1	-1	-1	-1	100	0	0
1016	"Iron Defense (Learn Skill)"	0	3	70	31	0	30000	0	0	0	0	0	0	-1	7	0	0	0	0	0	4	4	4	4	4	4	4	4	4	4	4	4	4	4	4	4	0	0	1	0	0	0	19	0	0	0	0	0	0	0	0	0	0	-1	-1	-1	-1	100	0	0
1017	"Iron Defense Enhancement"	0	3	70	31	0	30000	0	0	0	0	0	0	-1	7	0	0	0	0	0	4	4	4	4	4	4	4	4	4	4	4	4	4	4	4	4	0	0	1	0	0	0	20	0	0	0	0	0	0	0	0	0	0	-1	-1	-1	-1	100	0	0
1018	"Cooldown Reduction"	0	0	0	0	0	0	0	0	0	0	0	0	-1	7	0	0	0	0	0	4	4	4	4	4	4	4	4	4	4	4	4	4	4	4	4	0	0	1	0	0	0	21	0	0	0	0	0	0	0	0	0	0	-1	-1	-1	-1	100	0	0
1019	"Cooldown Removal"	0	0	0	0	0	0	0	0	0	0	0	0	-1	7	0	0	0	0	0	4	4	4	4	4	4	4	4	4	4	4	4	4	4	4	4	0	0	1	0	0	0	22	0	0	0	0	0	0	0	0	0	0	-1	-1	-1	-1	100	0	0
1020	"Weapon Attack Power Increase"	0	0	0	0	0	0	0	0	0	0	0	0	-1	7	0	0	0	0	0	4	4	4	4	4	4	4	4	4	4	4	4	4	4	4	4	0	0	1	0	0	0	23	0	0	0	0	0	0	0	0	0	0	-1	-1	-1	-1	100	0	0
1021	"Weapon Magic Power Increase"	0	0	0	0	0	0	0	0	0	0	0	0	-1	7	0	0	0	0	0	4	4	4	4	4	4	4	4	4	4	4	4	4	4	4	4	0	0	1	0	0	0	24	0	0	0	0	0	0	0	0	0	0	-1	-1	-1	-1	100	0	0
1022	"Add Penetration Effect"	0	0	0	0	0	0	0	0	0	0	0	0	-1	7	0	0	0	0	0	4	4	4	4	4	4	4	4	4	4	4	4	4	4	4	4	0	0	1	0	0	0	25	0	0	0	0	0	0	0	0	0	0	-1	-1	-1	-1	100	0	0
1023	"Add Arrow Projectile"	0	0	0	0	0	0	0	0	0	0	0	0	-1	7	0	0	0	0	0	4	4	4	4	4	4	4	4	4	4	4	4	4	4	4	4	0	0	1	0	0	0	26	0	0	0	0	0	0	0	0	0	0	-1	-1	-1	-1	100	0	0
1024	"Poison Circle Spawn Chance Increase"	0	151	0	0	0	0	0	0	0	0	0	0	-1	7	0	0	0	0	0	4	4	4	4	4	4	4	4	4	4	4	4	4	4	4	4	0	0	1	0	0	0	27	1	0	0	0	0	0	0	0	0	0	-1	-1	-1	-1	100	0	0
1025	"Freeze Circle Spawn Chance Increase"	0	0	0	0	0	0	0	0	0	0	0	0	-1	7	0	0	0	0	0	4	4	4	4	4	4	4	4	4	4	4	4	4	4	4	4	0	0	1	0	0	0	28	1	0	0	0	0	0	0	0	0	0	-1	-1	-1	-1	100	0	0
1026	"Bleed Circle Spawn Chance Increase"	0	0	0	0	0	0	0	0	0	0	0	0	-1	7	0	0	0	0	0	4	4	4	4	4	4	4	4	4	4	4	4	4	4	4	4	0	0	1	0	0	0	29	1	0	0	0	0	0	0	0	0	0	-1	-1	-1	-1	100	0	0
1028	"Poison Damage Increase"	0	0	0	0	0	0	0	0	0	0	0	0	-1	9	0	0	0	0	0	4	4	4	4	4	4	4	4	4	4	4	4	4	4	4	4	0	0	1	0	0	0	35	1	0	0	0	0	0	0	0	0	0	-1	-1	-1	-1	100	0	0
1029	"Freeze Effect Increase"	0	0	0	0	0	0	0	0	0	0	0	0	-1	9	0	0	0	0	0	4	4	4	4	4	4	4	4	4	4	4	4	4	4	4	4	0	0	1	0	0	0	37	1	0	0	0	0	0	0	0	0	0	-1	-1	-1	-1	100	0	0
1030	"Bleed Damage Increase"	0	0	0	0	0	0	0	0	0	0	0	0	-1	9	0	0	0	0	0	4	4	4	4	4	4	4	4	4	4	4	4	4	4	4	4	0	0	1	0	0	0	36	1	0	0	0	0	0	0	0	0	0	-1	-1	-1	-1	100	0	0
1032	"Poison Circle Duration Increase"	0	0	0	0	0	0	0	0	0	0	0	0	-1	9	0	0	0	0	0	4	4	4	4	4	4	4	4	4	4	4	4	4	4	4	4	0	0	1	0	0	0	39	1	0	0	0	0	0	0	0	0	0	-1	-1	-1	-1	100	0	0
1033	"Freeze Circle Duration Increase"	0	0	0	0	0	0	0	0	0	0	0	0	-1	9	0	0	0	0	0	4	4	4	4	4	4	4	4	4	4	4	4	4	4	4	4	0	0	1	0	0	0	41	1	0	0	0	0	0	0	0	0	0	-1	-1	-1	-1	100	0	0
1034	"Bleed Circle Duration Increase"	0	0	0	0	0	0	0	0	0	0	0	0	-1	9	0	0	0	0	0	4	4	4	4	4	4	4	4	4	4	4	4	4	4	4	4	0	0	1	0	0	0	40	1	0	0	0	0	0	0	0	0	0	-1	-1	-1	-1	100	0	0
1036	"Poisoned Damage Increase"	0	0	0	0	0	0	0	0	0	0	0	0	-1	9	0	0	0	0	0	4	4	4	4	4	4	4	4	4	4	4	4	4	4	4	4	0	0	1	0	0	0	43	1	0	0	0	0	0	0	0	0	0	-1	-1	-1	-1	100	0	0
1037	"Frozen Effect Increase"	0	0	0	0	0	0	0	0	0	0	0	0	-1	9	0	0	0	0	0	4	4	4	4	4	4	4	4	4	4	4	4	4	4	4	4	0	0	1	0	0	0	44	1	0	0	0	0	0	0	0	0	0	-1	-1	-1	-1	100	0	0
1038	"Severe Bleed Damage Increase"	0	0	0	0	0	0	0	0	0	0	0	0	-1	9	0	0	0	0	0	4	4	4	4	4	4	4	4	4	4	4	4	4	4	4	4	0	0	1	0	0	0	45	1	0	0	0	0	0	0	0	0	0	-1	-1	-1	-1	100	0	0
1040	"Poison Circle: Add Poisoned Effect"	0	0	0	0	0	0	0	0	0	0	0	0	-1	7	0	0	0	0	0	4	4	4	4	4	4	4	4	4	4	4	4	4	4	4	4	0	0	1	0	0	0	47	1	0	0	0	0	0	0	0	0	0	-1	-1	-1	-1	100	0	0
1041	"Freeze Circle: Add Frozen Effect"	0	0	0	0	0	0	0	0	0	0	0	0	-1	7	0	0	0	0	0	4	4	4	4	4	4	4	4	4	4	4	4	4	4	4	4	0	0	1	0	0	0	49	1	0	0	0	0	0	0	0	0	0	-1	-1	-1	-1	100	0	0
1042	"Bleed Circle: Add Severe Bleed Effect"	0	0	0	0	0	0	0	0	0	0	0	0	-1	7	0	0	0	0	0	4	4	4	4	4	4	4	4	4	4	4	4	4	4	4	4	0	0	1	0	0	0	48	1	0	0	0	0	0	0	0	0	0	-1	-1	-1	-1	100	0	0
1046	"Poison Circle Extra Chance Increase"	0	0	0	0	0	0	0	0	0	0	0	0	-1	9	0	0	0	0	0	4	4	4	4	4	4	4	4	4	4	4	4	4	4	4	4	0	0	1	0	0	0	31	1	0	0	0	0	0	0	0	0	0	-1	-1	-1	-1	100	0	0
1047	"Freeze Circle Extra Chance Increase"	0	0	0	0	0	0	0	0	0	0	0	0	-1	9	0	0	0	0	0	4	4	4	4	4	4	4	4	4	4	4	4	4	4	4	4	0	0	1	0	0	0	32	1	0	0	0	0	0	0	0	0	0	-1	-1	-1	-1	100	0	0
1048	"Bleed Circle Extra Chance Increase"	0	0	0	0	0	0	0	0	0	0	0	0	-1	9	0	0	0	0	0	4	4	4	4	4	4	4	4	4	4	4	4	4	4	4	4	0	0	1	0	0	0	33	1	0	0	0	0	0	0	0	0	0	-1	-1	-1	-1	100	0	0
1050	"Additional Poison Damage Increase"	0	0	0	0	0	0	0	0	0	0	0	0	-1	9	0	0	0	0	0	4	4	4	4	4	4	4	4	4	4	4	4	4	4	4	4	0	0	1	0	0	0	35	1	0	0	0	0	0	0	0	0	0	-1	-1	-1	-1	100	0	0
1051	"Additional Freeze Effect Increase"	0	0	0	0	0	0	0	0	0	0	0	0	-1	9	0	0	0	0	0	4	4	4	4	4	4	4	4	4	4	4	4	4	4	4	4	0	0	1	0	0	0	37	1	0	0	0	0	0	0	0	0	0	-1	-1	-1	-1	100	0	0
1052	"Additional Bleed Damage Increase"	0	0	0	0	0	0	0	0	0	0	0	0	-1	9	0	0	0	0	0	4	4	4	4	4	4	4	4	4	4	4	4	4	4	4	4	0	0	1	0	0	0	36	1	0	0	0	0	0	0	0	0	0	-1	-1	-1	-1	100	0	0
1054	"Poison Circle Extra Duration Increase"	0	0	0	0	0	0	0	0	0	0	0	0	-1	9	0	0	0	0	0	4	4	4	4	4	4	4	4	4	4	4	4	4	4	4	4	0	0	1	0	0	0	39	1	0	0	0	0	0	0	0	0	0	-1	-1	-1	-1	100	0	0
1055	"Freeze Circle Extra Duration Increase"	0	0	0	0	0	0	0	0	0	0	0	0	-1	9	0	0	0	0	0	4	4	4	4	4	4	4	4	4	4	4	4	4	4	4	4	0	0	1	0	0	0	41	1	0	0	0	0	0	0	0	0	0	-1	-1	-1	-1	100	0	0
1056	"Bleed Circle Extra Duration Increase"	0	0	0	0	0	0	0	0	0	0	0	0	-1	9	0	0	0	0	0	4	4	4	4	4	4	4	4	4	4	4	4	4	4	4	4	0	0	1	0	0	0	40	1	0	0	0	0	0	0	0	0	0	-1	-1	-1	-1	100	0	0
1058	"Additional Poisoned Damage Increase"	0	0	0	0	0	0	0	0	0	0	0	0	-1	9	0	0	0	0	0	4	4	4	4	4	4	4	4	4	4	4	4	4	4	4	4	0	0	1	0	0	0	43	1	0	0	0	0	0	0	0	0	0	-1	-1	-1	-1	100	0	0
1059	"Additional Frozen Effect Increase"	0	0	0	0	0	0	0	0	0	0	0	0	-1	9	0	0	0	0	0	4	4	4	4	4	4	4	4	4	4	4	4	4	4	4	4	0	0	1	0	0	0	44	1	0	0	0	0	0	0	0	0	0	-1	-1	-1	-1	100	0	0
1060	"Additional Severe Bleed Damage Increase"	0	0	0	0	0	0	0	0	0	0	0	0	-1	9	0	0	0	0	0	4	4	4	4	4	4	4	4	4	4	4	4	4	4	4	4	0	0	1	0	0	0	45	1	0	0	0	0	0	0	0	0	0	-1	-1	-1	-1	100	0	0
1062	"Poison Upgrade (Poisoned)"	0	0	0	0	0	0	0	0	0	0	0	0	-1	9	0	0	0	0	0	4	4	4	4	4	4	4	4	4	4	4	4	4	4	4	4	0	0	1	0	0	0	47	1	0	0	0	0	0	0	0	0	0	-1	-1	-1	-1	100	0	0
1063	"Freeze Upgrade (Frozen)"	0	0	0	0	0	0	0	0	0	0	0	0	-1	9	0	0	0	0	0	4	4	4	4	4	4	4	4	4	4	4	4	4	4	4	4	0	0	1	0	0	0	49	1	0	0	0	0	0	0	0	0	0	-1	-1	-1	-1	100	0	0
1064	"Bleed Upgrade (Severe Bleed)"	0	0	0	0	0	0	0	0	0	0	0	0	-1	9	0	0	0	0	0	4	4	4	4	4	4	4	4	4	4	4	4	4	4	4	4	0	0	1	0	0	0	48	1	0	0	0	0	0	0	0	0	0	-1	-1	-1	-1	100	0	0
1069	"Rage Strike Enhancement Skill"	170	60	25	22	3	0	0	0	0	0	0	6	0	8	331	0	0	0	0	0	4	0	0	0	0	0	0	0	0	4	0	0	0	0	0	0	0	1	0	0	0	54	0	0	1	0	1	0	2	1	0	2	1	150	-1	-1	125	0	0
1071	"Blow Enhancement Skill"	160	22	17	18	4	0	0	0	0	0	0	6	0	8	339	0	0	0	0	0	4	0	0	0	0	0	0	0	0	4	0	0	0	0	0	0	0	1	0	0	0	56	0	0	0	0	0	0	0	0	0	2	1	150	-1	-1	105	0	0
1072	"Fire Blow Enhancement Skill"	160	120	17	17	5	0	0	100	0	0	0	6	0	8	723	0	0	0	0	0	4	0	0	0	0	0	0	0	0	4	0	0	0	0	0	0	0	1	0	0	0	57	0	0	1	0	0	0	0	0	0	2	1	150	-1	-1	105	1	0
1075	"Meteor Strike Enhancement Skill"	160	100	92	17	7	0	1073	0	0	0	0	6	1	8	724	0	0	0	0	4	0	0	0	0	0	0	0	0	0	0	0	0	0	0	0	0	0	1	0	0	0	60	0	0	2	0	0	0	0	0	0	0	3	170	-1	-1	110	1	0
1076	"Meteor Storm Enhancement Skill"	160	105	105	20	6	500	1160	0	0	0	0	6	1	8	725	0	0	0	0	4	0	0	0	0	0	0	0	0	0	0	0	0	0	0	0	0	0	1	0	0	0	61	0	0	2	0	1	0	0	0	0	0	3	200	-1	-1	130	0	0
1078	"Evil Spirit Enhancement Skill"	50	45	108	7	6	0	220	0	0	0	0	6	1	8	385	0	0	0	0	4	0	0	4	0	0	0	0	0	0	0	0	0	0	0	0	0	0	1	0	0	0	63	0	0	2	0	1	0	0	0	0	0	3	150	-1	-1	110	0	0
1081	"Multiple Arrow Enhancement Skill"	0	0	9	4	6	0	0	0	0	0	0	6	0	8	418	0	0	0	0	0	0	4	0	0	0	0	0	0	0	0	0	0	0	0	0	0	0	1	0	0	0	66	0	1	0	0	1	0	0	0	0	5	2	100	-1	-1	160	0	0
1083	"Multi Shot Enhancement Skill"	100	22	11	7	6	0	0	0	0	0	0	6	0	8	411	0	0	0	0	0	0	4	0	0	0	0	0	0	0	0	0	0	0	0	0	0	0	1	0	0	0	68	0	0	1	0	1	0	0	0	0	5	2	100	-1	-1	105	0	0
1085	"Focus Shot Enhancement Skill"	160	110	12	9	7	0	0	0	1302	0	0	6	0	8	727	0	0	0	0	0	0	4	0	0	0	0	0	0	0	0	0	0	0	0	0	0	0	1	0	0	0	70	0	0	1	0	0	0	0	0	0	5	2	100	-1	-1	130	1	0
1087	"Gigantic Storm Enhancement Skill"	220	110	110	11	6	0	1058	0	0	0	0	6	1	8	496	0	0	0	0	0	0	0	4	0	0	0	0	0	0	0	0	0	0	0	0	0	0	1	0	0	0	72	0	0	2	0	1	0	2	0	0	0	3	250	-1	-1	115	0	0
1088	"Evil Spirit Enhancement Skill"	50	45	108	7	6	0	220	0	0	0	0	6	1	8	487	0	0	0	0	0	0	0	4	0	0	0	0	0	0	0	0	0	0	0	0	0	0	1	0	0	0	73	0	0	2	0	1	0	0	0	0	0	3	150	-1	-1	110	0	0
1089	"Dark Blast Enhancement Skill"	160	120	92	17	7	0	1073	0	0	0	0	6	1	8	733	0	0	0	0	0	0	0	4	0	0	0	0	0	0	0	0	0	0	0	0	0	0	1	0	0	0	74	0	0	2	0	0	0	0	0	0	0	3	170	-1	-1	110	1	0
1092	"Blood Attack Enhancement Skill"	0	80	15	12	3	0	0	596	0	0	0	6	-1	8	493	0	0	0	0	0	0	0	4	0	0	0	0	0	0	0	0	0	0	0	0	0	0	1	0	0	0	77	0	0	1	0	1	0	2	0	0	2	1	150	-1	-1	105	0	0
1094	"Fire Blood Enhancement Skill"	160	330	19	14	3	0	0	900	0	0	0	6	0	8	732	0	0	0	0	0	0	0	4	0	0	0	0	0	0	0	0	0	0	0	0	0	0	1	0	0	0	79	0	0	1	0	0	0	0	0	0	2	1	750	-1	-1	105	1	0
1095	"Ice Blood Enhancement Skill"	160	330	19	14	3	0	0	900	0	0	0	6	0	8	731	0	0	0	0	0	0	0	4	0	0	0	0	0	0	0	0	0	0	0	0	0	0	1	0	0	0	80	0	0	1	0	0	0	0	0	0	2	1	750	-1	-1	105	1	0
1096	"Fire Burst Enhancement Skill"	74	150	20	8	6	0	79	0	0	0	0	6	1	8	508	0	0	0	0	0	0	0	0	4	0	0	0	0	0	0	0	0	0	0	0	0	0	1	0	0	0	81	0	0	1	0	0	0	0	0	0	0	1	80	-1	-1	135	0	0
1098	"Chaotic Desire Enhancement Skill"	100	220	22	11	6	0	84	0	0	0	0	6	1	8	523	0	0	0	0	0	0	0	0	4	0	0	0	0	0	0	0	0	0	0	0	0	0	1	0	0	0	83	0	0	1	0	1	0	2	0	0	0	1	80	-1	-1	130	1	0
1099	"Wind Soul Enhancement Skill"	160	130	38	19	6	0	0	717	0	0	0	6	0	8	737	0	0	0	0	0	0	0	0	4	0	0	0	0	0	0	0	0	0	0	0	0	0	1	0	0	0	84	0	0	1	0	0	0	0	0	0	2	1	100	-1	-1	120	1	0
1102	"Fire Beast Enhancement Skill"	160	100	95	11	7	500	1220	0	0	0	0	6	1	8	729	0	0	0	0	0	0	0	0	0	4	0	0	0	0	0	0	0	0	0	0	0	0	1	0	0	0	87	0	0	2	0	0	0	0	0	0	0	3	170	-1	-1	105	1	0
1103	"Lightning Shock Enhancement Skill"	93	95	105	10	6	0	823	0	0	0	0	6	1	8	456	0	0	0	0	0	0	0	0	0	4	0	0	0	0	0	0	0	0	0	0	0	0	1	0	0	0	88	0	0	2	0	1	0	2	0	0	0	3	200	-1	-1	105	0	0
1105	"Aqua Beast Enhancement Skill"	160	100	95	11	7	500	1220	0	0	0	0	6	1	8	730	0	0	0	0	0	0	0	0	0	4	0	0	0	0	0	0	0	0	0	0	0	0	1	0	0	0	90	0	0	2	0	0	0	0	0	0	0	3	170	-1	-1	105	1	0
1111	"Dragon Roar Enhancement Skill"	150	0	42	17	3	700	0	0	0	0	0	6	1	8	560	0	0	0	0	0	0	0	0	0	0	4	0	0	0	0	0	0	0	0	0	0	0	1	0	0	0	96	0	0	1	0	0	0	1	0	0	7	-1	-1	-1	-1	100	0	0
1112	"Chain Drive Enhancement Skill"	150	0	22	18	4	700	0	0	0	0	0	6	1	8	558	0	0	0	0	0	0	0	0	0	0	4	0	0	0	0	0	0	0	0	0	0	0	1	0	0	0	97	0	0	1	0	0	0	1	0	0	7	-1	-1	-1	-1	105	0	0
1113	"Dark Side Enhancement Skill"	180	0	92	7	6	0	0	0	0	0	0	6	1	8	563	0	0	0	0	0	0	0	0	0	0	4	0	0	0	0	0	0	0	0	0	0	0	1	0	0	0	98	0	0	1	0	1	0	0	0	0	0	2	100	-1	-1	115	0	0
1117	"Magic Pin Enhancement Skill"	30	80	23	15	2	500	0	200	200	0	0	6	-1	8	695	0	0	0	0	0	0	0	0	0	0	0	4	0	0	0	0	0	0	0	0	0	0	1	0	0	0	102	0	0	0	0	0	0	0	0	0	4	2	100	-1	-1	100	0	0
1118	"Breath Enhancement Skill"	300	230	20	12	6	0	0	300	300	0	0	6	-1	8	698	0	0	0	0	0	0	0	0	0	0	0	4	0	0	0	0	0	0	0	0	0	0	1	0	0	0	103	0	0	0	0	1	0	0	0	0	4	1	100	-1	-1	110	0	0
1119	"Shining Pick Enhancement Skill"	92	50	15	12	4	0	0	600	0	0	0	6	-1	8	699	0	0	0	0	0	0	0	0	0	0	0	4	0	0	0	0	0	0	0	0	0	0	1	0	0	0	104	0	0	1	0	0	0	0	0	0	4	1	1	1	5	110	0	0
1125	"Poison Storm"	0	25000	40	30	6	1000	0	0	0	0	0	0	-1	8	0	0	0	0	0	4	4	4	4	4	4	4	4	4	4	4	4	4	4	4	4	0	0	1	0	0	0	110	0	0	1	0	0	0	0	0	0	0	-1	-1	-1	-1	100	0	0
1126	"Frozen Slayer"	0	25000	40	30	6	1000	0	0	0	0	0	0	-1	8	0	0	0	0	0	4	4	4	4	4	4	4	4	4	4	4	4	4	4	4	4	0	0	1	0	0	0	111	0	0	1	0	0	0	0	0	0	0	-1	-1	-1	-1	100	0	0
1127	"Bleeding Hit"	0	25000	40	30	6	1000	0	0	0	0	0	0	-1	8	0	0	0	0	0	4	4	4	4	4	4	4	4	4	4	4	4	4	4	4	4	0	0	1	0	0	0	112	0	0	1	0	0	0	0	0	0	0	-1	-1	-1	-1	100	0	0
1129	"Poison Storm Damage Boost"	0	100	40	30	6	1000	0	0	0	0	0	0	-1	8	1199	0	0	0	0	4	4	4	4	4	4	4	4	4	4	4	4	4	4	4	4	0	0	1	0	0	0	114	0	0	1	0	0	0	0	0	0	0	-1	-1	-1	-1	100	0	0
1130	"Frozen Slayer Damage Boost"	0	100	40	30	6	1000	0	0	0	0	0	0	-1	8	1200	0	0	0	0	4	4	4	4	4	4	4	4	4	4	4	4	4	4	4	4	0	0	1	0	0	0	115	0	0	1	0	0	0	0	0	0	0	-1	-1	-1	-1	100	0	0
1131	"Bleeding Hit Damage Boost"	0	100	40	30	6	1000	0	0	0	0	0	0	-1	8	1201	0	0	0	0	4	4	4	4	4	4	4	4	4	4	4	4	4	4	4	4	0	0	1	0	0	0	116	0	0	1	0	0	0	0	0	0	0	-1	-1	-1	-1	100	0	0
1133	"Poison Storm Explosion Infection Effect"	0	100	40	30	6	1000	0	0	0	0	0	0	-1	8	1129	0	0	0	0	4	4	4	4	4	4	4	4	4	4	4	4	4	4	4	4	0	0	1	0	0	0	118	0	0	1	0	0	0	0	0	0	0	-1	-1	-1	-1	100	0	0
1134	"Frozen Slayer Explosion Infection Effect"	0	100	40	30	6	1000	0	0	0	0	0	0	-1	8	1130	0	0	0	0	4	4	4	4	4	4	4	4	4	4	4	4	4	4	4	4	0	0	1	0	0	0	119	0	0	1	0	0	0	0	0	0	0	-1	-1	-1	-1	100	0	0
1135	"Bleeding Hit Explosion Infection Effect"	0	100	40	30	6	1000	0	0	0	0	0	0	-1	8	1131	0	0	0	0	4	4	4	4	4	4	4	4	4	4	4	4	4	4	4	4	0	0	1	0	0	0	120	0	0	1	0	0	0	0	0	0	0	-1	-1	-1	-1	100	0	0
1137	"Max HP Increase"	0	0	0	0	0	0	0	0	0	0	0	0	-1	10	0	0	0	0	0	4	4	4	4	4	4	4	4	4	4	4	4	4	4	4	4	0	0	1	0	0	0	123	1	0	0	282	0	0	0	0	0	0	-1	-1	-1	-1	100	0	0
1138	"4th Stat"	0	0	0	0	0	0	0	0	0	0	0	0	-1	10	0	0	0	0	0	4	4	4	4	4	4	4	4	4	4	4	4	4	4	4	4	0	0	1	0	0	0	122	1	0	0	283	0	0	0	0	0	0	-1	-1	-1	-1	100	0	0
1139	"Base Defense Increase"	0	0	0	0	0	0	0	0	0	0	0	0	-1	10	0	0	0	0	0	4	4	4	4	4	4	4	4	4	4	4	4	4	4	4	4	0	0	1	0	0	0	124	1	0	0	284	0	0	0	0	0	0	-1	-1	-1	-1	100	0	0
1140	"4th Wings/Cloak Defense Increase"	0	0	0	0	0	0	0	0	0	0	0	0	-1	10	0	0	0	0	0	4	4	4	4	4	4	4	4	4	4	4	4	4	4	4	4	0	0	1	0	0	0	223	1	0	0	285	0	0	0	0	0	0	-1	-1	-1	-1	100	0	0
1141	"Attack Power Increase"	0	0	0	0	0	0	0	0	0	0	0	0	-1	11	0	0	0	0	0	4	4	4	4	4	4	4	4	4	4	4	4	4	4	4	4	0	0	1	0	0	0	126	1	0	0	286	0	0	0	0	0	0	-1	-1	-1	-1	100	0	0
1142	"Magic Power Increase"	0	0	0	0	0	0	0	0	0	0	0	0	-1	11	0	0	0	0	0	4	4	4	4	4	4	4	4	4	4	4	4	4	4	4	4	0	0	1	0	0	0	127	1	0	0	287	0	0	0	0	0	0	-1	-1	-1	-1	100	0	0
1143	"4th Stat"	0	0	0	0	0	0	0	0	0	0	0	0	-1	11	0	0	0	0	0	4	4	4	4	4	4	4	4	4	4	4	4	4	4	4	4	0	0	1	0	0	0	122	1	0	0	288	0	0	0	0	0	0	-1	-1	-1	-1	100	0	0
1144	"Skill Damage Increase"	0	0	0	0	0	0	0	0	0	0	0	0	-1	11	0	0	0	0	0	4	4	4	4	4	4	4	4	4	4	4	4	4	4	4	4	0	0	1	0	0	0	128	1	0	0	289	0	0	0	0	0	0	-1	-1	-1	-1	100	0	0
1145	"4th Wings/Cloak Attack Increase"	0	0	0	0	0	0	0	0	0	0	0	0	-1	11	0	0	0	0	0	4	4	4	4	4	4	4	4	4	4	4	4	4	4	4	4	0	0	1	0	0	0	129	1	0	0	290	0	0	0	0	0	0	-1	-1	-1	-1	100	0	0
1146	"Attack/Magic Power Increase"	0	0	0	0	0	0	0	0	0	0	0	0	-1	11	0	0	0	0	0	4	4	4	4	4	4	4	4	4	4	4	4	4	4	4	4	0	0	1	0	0	0	130	1	0	0	291	0	0	0	0	0	0	-1	-1	-1	-1	100	0	0
1147	"Spirit Hook Enhancement Skill"	180	255	27	21	3	0	0	0	0	0	1480	6	1	8	282	0	0	0	0	0	0	0	0	0	0	4	0	0	0	0	0	0	0	0	0	0	0	0	0	0	0	134	0	0	1	0	0	0	1	0	0	7	4	10	-1	-1	105	1	0
1148	"Magic Arrow Enhancement Skill"	100	10	37	0	8	0	60	0	0	0	0	6	1	8	749	0	0	0	0	0	0	0	0	0	0	0	0	4	0	0	0	0	0	0	0	0	0	1	0	0	0	135	0	0	2	0	1	0	0	0	0	9	3	500	-1	-1	100	0	0
1149	"Plasma Ball Enhancement Skill"	160	40	120	35	8	4000	300	0	0	0	0	6	1	8	751	0	0	0	0	0	0	0	0	0	0	0	0	4	0	0	0	0	0	0	0	0	0	1	0	0	0	136	0	0	2	0	1	0	0	0	0	9	3	200	-1	-1	110	0	0
1150	"Lightning Storm Enhancement Skill"	160	300	80	7	8	0	1080	0	0	0	0	6	1	8	285	0	0	0	0	0	0	0	0	0	0	0	0	4	0	0	0	0	0	0	0	0	0	1	0	0	0	137	0	0	2	0	1	0	0	0	0	9	3	100	-1	-1	115	1	0
1151	"Move Speed/Distance Reduction"	0	0	0	0	0	0	0	0	0	0	0	0	-1	7	0	0	0	0	0	0	0	0	0	0	0	0	0	4	0	0	0	0	0	0	0	0	0	1	0	0	0	138	1	0	0	0	0	0	0	0	0	0	-1	-1	-1	-1	100	0	0
1152	"Plasma Attack Speed Increase"	0	0	0	0	0	0	0	0	0	0	0	0	-1	7	0	0	0	0	0	0	0	0	0	0	0	0	0	4	0	0	0	0	0	0	0	0	0	1	0	0	0	139	1	0	0	0	0	0	0	0	0	0	-1	-1	-1	-1	100	0	0
1153	"Splash Radius Increase"	0	0	0	0	0	0	0	0	0	0	0	0	-1	7	0	0	0	0	0	0	0	0	0	0	0	0	0	4	0	0	0	0	0	0	0	0	0	1	0	0	0	140	1	0	0	0	0	0	0	0	0	0	-1	-1	-1	-1	100	0	0
1154	"Splash Target Increase"	0	0	0	0	0	0	0	0	0	0	0	0	-1	7	0	0	0	0	0	0	0	0	0	0	0	0	0	4	0	0	0	0	0	0	0	0	0	1	0	0	0	141	1	0	0	0	0	0	0	0	0	0	-1	-1	-1	-1	100	0	0
1155	"Death Side Enhancement Skill"	93	95	120	20	6	0	930	0	0	0	0	6	1	8	288	0	0	0	0	0	0	0	0	0	4	0	0	0	0	0	0	0	0	0	0	0	0	1	0	0	0	142	0	0	2	306	1	0	2	0	0	11	3	200	-1	-1	105	1	0
1156	"Weapon Curse Power Increase"	0	0	0	0	0	0	0	0	0	0	0	0	-1	7	0	0	0	0	0	4	4	4	4	4	4	4	4	4	4	4	4	4	4	4	4	0	0	1	0	0	0	24	0	0	0	0	0	0	0	0	0	0	-1	-1	-1	-1	100	0	0
1157	"Magic/Curse Power Increase"	0	0	0	0	0	0	0	0	0	0	0	0	-1	11	0	0	0	0	0	4	4	4	4	4	4	4	4	4	4	4	4	4	4	4	4	0	0	1	0	0	0	130	1	0	0	314	0	0	0	0	0	0	-1	-1	-1	-1	100	0	0
1158	"Sword Inertia Enhancement Skill"	170	10	7	5	7	0	0	50	100	0	0	6	1	8	780	0	0	0	0	0	0	0	0	0	0	0	0	0	4	0	0	0	0	0	0	0	0	1	0	0	0	143	0	0	1	0	1	0	0	0	0	2	2	150	-1	-1	100	0	0
1159	"Bat Flock Enhancement Skill"	170	90	15	7	6	0	0	100	380	0	0	6	1	8	782	0	0	0	0	0	0	0	0	0	0	0	0	0	4	0	0	0	0	0	0	0	0	1	0	0	0	144	0	0	1	0	1	0	0	0	0	0	2	150	-1	-1	100	0	0
1160	"Pierce Attack Enhancement Skill"	170	170	20	10	6	0	0	300	1100	0	0	6	1	8	294	0	0	0	0	0	0	0	0	0	0	0	0	0	4	0	0	0	0	0	0	0	0	1	0	0	0	145	0	0	1	0	1	0	0	0	0	2	2	150	-1	-1	120	1	0
1166	"Poison Debuff Target Increase"	0	0	0	0	0	0	0	0	0	0	0	0	-1	9	0	0	0	0	0	4	4	4	4	4	4	4	4	4	4	4	4	4	4	4	4	0	0	1	0	0	0	151	1	0	0	0	0	0	0	0	0	0	-1	-1	-1	-1	100	0	0
1167	"Poisoned Debuff Target Increase"	0	0	0	0	0	0	0	0	0	0	0	0	-1	9	0	0	0	0	0	4	4	4	4	4	4	4	4	4	4	4	4	4	4	4	4	0	0	1	0	0	0	154	1	0	0	0	0	0	0	0	0	0	-1	-1	-1	-1	100	0	0
1168	"Bleed Debuff Target Increase"	0	0	0	0	0	0	0	0	0	0	0	0	-1	9	0	0	0	0	0	4	4	4	4	4	4	4	4	4	4	4	4	4	4	4	4	0	0	1	0	0	0	149	1	0	0	0	0	0	0	0	0	0	-1	-1	-1	-1	100	0	0
1169	"Severe Bleed Debuff Target Increase"	0	0	0	0	0	0	0	0	0	0	0	0	-1	9	0	0	0	0	0	4	4	4	4	4	4	4	4	4	4	4	4	4	4	4	4	0	0	1	0	0	0	152	1	0	0	0	0	0	0	0	0	0	-1	-1	-1	-1	100	0	0
1170	"Freeze Debuff Target Increase"	0	0	0	0	0	0	0	0	0	0	0	0	-1	9	0	0	0	0	0	4	4	4	4	4	4	4	4	4	4	4	4	4	4	4	4	0	0	1	0	0	0	150	1	0	0	0	0	0	0	0	0	0	-1	-1	-1	-1	100	0	0
1171	"Frozen Debuff Target Increase"	0	0	0	0	0	0	0	0	0	0	0	0	-1	9	0	0	0	0	0	4	4	4	4	4	4	4	4	4	4	4	4	4	4	4	4	0	0	1	0	0	0	153	1	0	0	0	0	0	0	0	0	0	-1	-1	-1	-1	100	0	0
1172	"Poison Debuff Area Increase"	0	0	0	0	0	0	0	0	0	0	0	0	-1	9	0	0	0	0	0	4	4	4	4	4	4	4	4	4	4	4	4	4	4	4	4	0	0	1	0	0	0	157	1	0	0	0	0	0	0	0	0	0	-1	-1	-1	-1	100	0	0
1174	"Bleed Debuff Area Increase"	0	0	0	0	0	0	0	0	0	0	0	0	-1	9	0	0	0	0	0	4	4	4	4	4	4	4	4	4	4	4	4	4	4	4	4	0	0	1	0	0	0	155	1	0	0	0	0	0	0	0	0	0	-1	-1	-1	-1	100	0	0
1176	"Freeze Debuff Area Increase"	0	0	0	0	0	0	0	0	0	0	0	0	-1	9	0	0	0	0	0	4	4	4	4	4	4	4	4	4	4	4	4	4	4	4	4	0	0	1	0	0	0	156	1	0	0	0	0	0	0	0	0	0	-1	-1	-1	-1	100	0	0
1178	"Poison Debuff Success Rate Increase"	0	0	0	0	0	0	0	0	0	0	0	0	-1	9	0	0	0	0	0	4	4	4	4	4	4	4	4	4	4	4	4	4	4	4	4	0	0	1	0	0	0	163	1	0	0	0	0	0	0	0	0	0	-1	-1	-1	-1	100	0	0
1179	"Poisoned Debuff Success Rate Increase"	0	0	0	0	0	0	0	0	0	0	0	0	-1	9	0	0	0	0	0	4	4	4	4	4	4	4	4	4	4	4	4	4	4	4	4	0	0	1	0	0	0	166	1	0	0	0	0	0	0	0	0	0	-1	-1	-1	-1	100	0	0
1180	"Bleed Debuff Success Rate Increase"	0	0	0	0	0	0	0	0	0	0	0	0	-1	9	0	0	0	0	0	4	4	4	4	4	4	4	4	4	4	4	4	4	4	4	4	0	0	1	0	0	0	161	1	0	0	0	0	0	0	0	0	0	-1	-1	-1	-1	100	0	0
1181	"Severe Bleed Debuff Success Rate Increase"	0	0	0	0	0	0	0	0	0	0	0	0	-1	9	0	0	0	0	0	4	4	4	4	4	4	4	4	4	4	4	4	4	4	4	4	0	0	1	0	0	0	164	1	0	0	0	0	0	0	0	0	0	-1	-1	-1	-1	100	0	0
1182	"Freeze Debuff Success Rate Increase"	0	0	0	0	0	0	0	0	0	0	0	0	-1	9	0	0	0	0	0	4	4	4	4	4	4	4	4	4	4	4	4	4	4	4	4	0	0	1	0	0	0	162	1	0	0	0	0	0	0	0	0	0	-1	-1	-1	-1	100	0	0
1183	"Frozen Debuff Success Rate Increase"	0	0	0	0	0	0	0	0	0	0	0	0	-1	9	0	0	0	0	0	4	4	4	4	4	4	4	4	4	4	4	4	4	4	4	4	0	0	1	0	0	0	165	1	0	0	0	0	0	0	0	0	0	-1	-1	-1	-1	100	0	0
1184	"Poison Debuff Extra Success Increase"	0	0	0	0	0	0	0	0	0	0	0	0	-1	9	0	0	0	0	0	4	4	4	4	4	4	4	4	4	4	4	4	4	4	4	4	0	0	1	0	0	0	163	1	0	0	0	0	0	0	0	0	0	-1	-1	-1	-1	100	0	0
1185	"Poisoned Debuff Extra Success Increase"	0	0	0	0	0	0	0	0	0	0	0	0	-1	9	0	0	0	0	0	4	4	4	4	4	4	4	4	4	4	4	4	4	4	4	4	0	0	1	0	0	0	166	1	0	0	0	0	0	0	0	0	0	-1	-1	-1	-1	100	0	0
1186	"Bleed Debuff Extra Success Increase"	0	0	0	0	0	0	0	0	0	0	0	0	-1	9	0	0	0	0	0	4	4	4	4	4	4	4	4	4	4	4	4	4	4	4	4	0	0	1	0	0	0	161	1	0	0	0	0	0	0	0	0	0	-1	-1	-1	-1	100	0	0
1187	"Severe Bleed Debuff Extra Success Increase"	0	0	0	0	0	0	0	0	0	0	0	0	-1	9	0	0	0	0	0	4	4	4	4	4	4	4	4	4	4	4	4	4	4	4	4	0	0	1	0	0	0	164	1	0	0	0	0	0	0	0	0	0	-1	-1	-1	-1	100	0	0
1188	"Freeze Debuff Extra Success Increase"	0	0	0	0	0	0	0	0	0	0	0	0	-1	9	0	0	0	0	0	4	4	4	4	4	4	4	4	4	4	4	4	4	4	4	4	0	0	1	0	0	0	162	1	0	0	0	0	0	0	0	0	0	-1	-1	-1	-1	100	0	0
1189	"Frozen Debuff Extra Success Increase"	0	0	0	0	0	0	0	0	0	0	0	0	-1	9	0	0	0	0	0	4	4	4	4	4	4	4	4	4	4	4	4	4	4	4	4	0	0	1	0	0	0	165	1	0	0	0	0	0	0	0	0	0	-1	-1	-1	-1	100	0	0
1190	"Poison/Poisoned Debuff Target Increase"	0	0	0	0	0	0	0	0	0	0	0	0	-1	9	0	0	0	0	0	4	4	4	4	4	4	4	4	4	4	4	4	4	4	4	4	0	0	1	0	0	0	154	1	0	0	0	0	0	0	0	0	0	-1	-1	-1	-1	100	0	0
1191	"Bleed/Severe Bleed Debuff Target Increase"	0	0	0	0	0	0	0	0	0	0	0	0	-1	9	0	0	0	0	0	4	4	4	4	4	4	4	4	4	4	4	4	4	4	4	4	0	0	1	0	0	0	152	1	0	0	0	0	0	0	0	0	0	-1	-1	-1	-1	100	0	0
1192	"Freeze/Frozen Debuff Target Increase"	0	0	0	0	0	0	0	0	0	0	0	0	-1	9	0	0	0	0	0	4	4	4	4	4	4	4	4	4	4	4	4	4	4	4	4	0	0	1	0	0	0	153	1	0	0	0	0	0	0	0	0	0	-1	-1	-1	-1	100	0	0
1193	"4th Wings/Cloak Magic Power Increase"	0	0	0	0	0	0	0	0	0	0	0	0	-1	11	0	0	0	0	0	4	4	4	4	4	4	4	4	4	4	4	4	4	4	4	4	0	0	1	0	0	0	122	1	0	0	285	0	0	0	0	0	0	-1	-1	-1	-1	100	0	0
1194	"4th Wings/Cloak Atk/Magic Increase"	0	0	0	0	0	0	0	0	0	0	0	0	-1	11	0	0	0	0	0	4	4	4	4	4	4	4	4	4	4	4	4	4	4	4	4	0	0	1	0	0	0	122	1	0	0	285	0	0	0	0	0	0	-1	-1	-1	-1	100	0	0
1195	"4th Wings/Cloak Magic/Curse Increase"	0	0	0	0	0	0	0	0	0	0	0	0	-1	11	0	0	0	0	0	4	4	4	4	4	4	4	4	4	4	4	4	4	4	4	4	0	0	1	0	0	0	122	1	0	0	285	0	0	0	0	0	0	-1	-1	-1	-1	100	0	0
1196	"Poison Storm Additional Damage Increase"	0	100	40	30	6	1000	0	0	0	0	0	0	-1	8	1133	0	0	0	0	4	4	4	4	4	4	4	4	4	4	4	4	4	4	4	4	0	0	1	0	0	0	114	0	0	1	0	0	0	0	0	0	0	-1	-1	-1	-1	100	0	0
1197	"Frozen Slayer Additional Damage Increase"	0	100	40	30	6	1000	0	0	0	0	0	0	-1	8	1134	0	0	0	0	4	4	4	4	4	4	4	4	4	4	4	4	4	4	4	4	0	0	1	0	0	0	115	0	0	1	0	0	0	0	0	0	0	-1	-1	-1	-1	100	0	0
1198	"Bleeding Hit Additional Damage Increase"	0	100	40	30	6	1000	0	0	0	0	0	0	-1	8	1135	0	0	0	0	4	4	4	4	4	4	4	4	4	4	4	4	4	4	4	4	0	0	1	0	0	0	116	0	0	1	0	0	0	0	0	0	0	-1	-1	-1	-1	100	0	0
1199	"Poison Storm Area Effect"	0	100	40	30	6	1000	0	0	0	0	0	0	-1	8	1125	0	0	0	0	4	4	4	4	4	4	4	4	4	4	4	4	4	4	4	4	0	0	1	0	0	0	118	0	0	1	0	0	0	0	0	0	0	-1	-1	-1	-1	100	0	0
1200	"Frozen Slayer Area Effect"	0	100	40	30	6	1000	0	0	0	0	0	0	-1	8	1126	0	0	0	0	4	4	4	4	4	4	4	4	4	4	4	4	4	4	4	4	0	0	1	0	0	0	119	0	0	1	0	0	0	0	0	0	0	-1	-1	-1	-1	100	0	0
1201	"Bleeding Hit Area Effect"	0	100	40	30	6	1000	0	0	0	0	0	0	-1	8	1127	0	0	0	0	4	4	4	4	4	4	4	4	4	4	4	4	4	4	4	4	0	0	1	0	0	0	120	0	0	1	0	0	0	0	0	0	0	-1	-1	-1	-1	100	0	0
1202	"Destruction Blow Enhancement Skill"	160	120	30	24	5	0	0	0	0	0	0	6	0	8	809	0	0	0	0	0	4	0	0	0	0	0	0	0	0	0	0	0	0	0	0	0	0	1	0	0	0	246	0	0	1	0	1	0	2	1	0	2	3	150	-1	-1	135	0	0
1203	"Sword Blow Enhancement Skill"	150	30	19	17	5	0	0	1090	0	0	0	6	0	8	1501	0	0	0	0	0	4	0	0	0	0	0	0	0	0	0	0	0	0	0	0	0	0	1	0	0	0	247	0	0	1	0	0	0	0	0	0	2	-1	-1	-1	-1	105	1	0
1204	"Solid Grace Enhancement Skill"	160	120	65	20	0	0	1052	0	0	0	0	0	0	8	806	0	0	0	0	0	4	0	0	0	0	0	0	0	0	0	0	0	0	0	0	0	0	1	0	0	600	250	1	0	0	335	0	3	0	0	0	8	-1	-1	-1	-1	100	0	0
1205	"Grace ? Max HP Increase"	0	0	0	0	0	0	0	0	0	0	0	0	-1	7	0	0	0	0	0	4	4	4	4	4	4	4	4	4	4	4	4	4	0	4	4	0	0	1	0	0	0	248	0	0	0	0	0	0	0	0	0	0	-1	-1	-1	-1	100	0	0
1206	"Grace ? Party Attack Increase"	0	0	0	0	0	0	0	0	0	0	0	0	-1	7	0	0	0	0	0	4	4	4	4	4	4	4	4	4	4	4	4	4	0	4	4	0	0	1	0	0	0	249	0	0	0	0	0	0	0	0	0	0	-1	-1	-1	-1	100	0	0
1207	"Grace ? HP Convert Amount (%)"	0	0	0	0	0	0	0	0	0	0	0	0	-1	7	0	0	0	0	0	4	4	4	4	4	4	4	4	4	4	4	4	4	0	4	4	0	0	1	0	0	0	252	0	0	0	0	0	0	0	0	0	0	-1	-1	-1	-1	100	0	0
1208	"Grace ? Damage Convert Amount (%)"	0	0	0	0	0	0	0	0	0	0	0	0	-1	7	0	0	0	0	0	4	4	4	4	4	4	4	4	4	4	4	4	4	0	4	4	0	0	1	0	0	0	253	0	0	0	0	0	0	0	0	0	0	-1	-1	-1	-1	100	0	0
1209	"Grace ? Party Defense Increase"	0	0	0	0	0	0	0	0	0	0	0	0	-1	7	0	0	0	0	0	4	4	4	4	4	4	4	4	4	4	4	4	4	0	4	4	0	0	1	0	0	0	65	0	0	0	0	0	0	0	0	0	0	-1	-1	-1	-1	100	0	0
1210	"Grace ? Shield Defense Increase"	0	0	0	0	0	0	0	0	0	0	0	0	-1	7	0	0	0	0	0	4	4	4	4	4	4	4	4	4	4	4	4	4	0	4	4	0	0	1	0	0	0	251	0	0	0	0	0	0	0	0	0	0	-1	-1	-1	-1	100	0	0
1211	"Dark Plasma Enhancement Skill"	100	50	19	15	6	5000	0	0	0	0	0	0	0	8	822	0	0	0	0	0	0	0	0	0	0	0	0	0	0	4	0	0	0	0	0	0	0	0	0	0	0	170	0	0	2	0	1	0	0	0	0	2	3	80	-1	-1	105	1	0
1212	"Ice Blast Enhancement Skill"	150	130	14	10	6	400	1000	0	0	0	0	6	0	8	2003	0	0	0	0	0	0	0	0	0	0	0	0	0	0	4	0	0	0	0	0	0	0	0	0	0	0	172	0	0	2	0	1	0	0	0	0	2	3	80	-1	-1	105	1	0
1213	"Bursting Flare Enhancement Skill"	150	50	14	13	6	0	800	100	200	0	0	6	0	8	2005	0	0	0	0	0	0	0	0	0	0	0	0	0	0	4	0	0	0	0	0	0	0	0	0	0	0	174	0	0	2	0	0	0	0	0	0	2	3	80	-1	-1	105	1	0
1214	"Chaos Blade Enhancement Skill"	160	350	19	14	3	0	0	900	0	0	0	6	0	8	2012	0	0	0	0	0	0	0	4	0	0	0	0	0	0	0	0	0	0	0	0	0	0	0	0	0	0	175	0	0	1	0	0	0	0	0	0	2	1	750	-1	-1	105	1	0
1215	"Havoc Spear Enhancement Skill"	160	150	92	20	6	0	1073	0	0	0	0	6	1	8	2013	0	0	0	0	0	0	0	4	0	0	0	0	0	0	0	0	0	0	0	0	0	0	0	0	0	0	176	0	0	2	0	0	0	0	0	0	0	3	200	-1	-1	110	1	0
1216	"Spear Storm Enhancement Skill"	160	160	108	7	6	500	1160	0	0	0	0	6	1	8	243	0	0	0	0	0	0	0	0	0	0	0	0	0	0	0	4	0	0	0	0	0	0	1	0	0	0	179	0	0	2	0	1	0	0	0	0	0	3	60	-1	-1	130	1	0
1217	"Marble Burst Enhancement Skill"	140	125	32	0	6	0	104	0	0	0	0	6	1	8	849	0	0	0	0	0	0	0	0	0	0	0	0	0	0	0	0	4	0	0	0	0	0	1	0	0	0	180	0	0	2	0	0	0	0	0	0	14	3	45	-1	-1	190	0	0
1218	"Unleash Marble Enhancement Skill"	155	135	113	0	7	10000	700	0	0	0	0	6	1	8	856	0	0	0	0	0	0	0	0	0	0	0	0	0	0	0	0	4	0	0	0	0	0	1	0	0	0	181	0	0	2	0	1	0	0	0	0	14	3	60	-1	-1	150	0	0
1219	"Ultimate Force Enhancement Skill"	160	10	95	6	7	0	1073	0	0	0	0	6	1	8	247	0	0	0	0	0	0	0	0	0	0	0	0	0	0	0	0	4	0	0	0	0	0	1	0	0	0	182	0	0	2	0	0	0	0	0	0	14	3	60	-1	-1	150	1	0
1220	"Shining Bird Enhancement Skill"	150	130	32	0	7	0	70	0	0	0	0	6	1	8	844	0	0	0	0	0	0	0	0	0	0	0	0	0	0	0	4	0	0	0	0	0	0	1	0	0	0	177	0	0	2	0	1	0	0	0	0	0	3	45	-1	-1	190	0	0
1221	"Dragon Violent Enhancement Skill"	160	140	95	0	7	0	680	0	0	0	0	6	1	8	847	0	0	0	0	0	0	0	0	0	0	0	0	0	0	0	4	0	0	0	0	0	0	1	0	0	0	178	0	0	2	0	0	0	0	0	0	0	3	60	-1	-1	190	0	0
1222	"Raining Arrow Enhancement Skill"	160	65	19	8	7	0	0	0	1302	0	0	6	0	8	2023	0	0	0	0	0	0	4	0	0	0	0	0	0	0	0	0	0	0	0	0	0	0	1	0	0	0	183	0	0	1	0	1	0	0	0	0	5	2	150	-1	-1	115	0	0
1223	"Holy Bolt Enhancement Skill"	120	777	30	0	6	0	1200	0	0	0	0	6	0	8	876	0	0	0	0	0	0	4	0	0	0	0	0	0	0	0	0	0	0	0	0	0	0	1	0	0	0	184	0	0	2	0	0	0	0	0	0	0	3	150	-1	-1	190	0	0
1224	"Elemental Attack Increase Enhancement Skill"	120	0	50	0	6	0	1500	0	0	0	0	0	-1	8	2026	0	0	0	0	0	0	4	0	0	0	0	0	0	0	0	0	0	0	0	0	0	0	1	0	0	0	185	1	0	4	398	4	0	0	0	0	0	-1	-1	-1	-1	100	0	0
1225	"Elemental Defense Increase Enhancement Skill"	120	0	50	0	6	0	1500	0	0	0	0	0	-1	8	2027	0	0	0	0	0	0	4	0	0	0	0	0	0	0	0	0	0	0	0	0	0	0	1	0	0	0	186	1	0	4	399	4	0	0	0	0	0	-1	-1	-1	-1	100	0	0
1226	"Heal Enhancement Skill"	100	0	40	0	6	0	52	0	0	0	0	0	0	8	413	0	0	0	0	0	0	4	0	0	0	0	0	0	0	0	0	0	0	0	0	0	0	1	0	0	0	187	6	0	4	0	4	0	0	0	0	0	-1	-1	-1	-1	100	0	0
1227	"Party Heal Enhancement Skill"	0	0	400	13	6	0	20	0	0	0	0	0	-1	8	429	0	0	0	0	0	0	4	0	0	0	0	0	0	0	0	0	0	0	0	0	0	0	1	0	0	0	188	6	0	4	0	4	0	0	0	0	0	-1	-1	-1	-1	100	0	0
1228	"Attack Increase Enhancement Skill"	100	120	55	0	6	0	92	0	0	0	0	0	-1	8	422	0	0	0	0	0	0	4	0	0	0	0	0	0	0	0	0	0	0	0	0	0	0	1	0	0	0	189	1	0	4	400	4	0	0	0	0	0	-1	-1	-1	-1	100	0	0
1229	"Defense Increase Enhancement Skill"	100	120	45	0	6	0	72	0	0	0	0	0	-1	8	423	0	0	0	0	0	0	4	0	0	0	0	0	0	0	0	0	0	0	0	0	0	0	1	0	0	0	190	1	0	4	401	4	0	0	0	0	0	-1	-1	-1	-1	100	0	0
1230	"Bless Enhancement Skill"	0	0	130	22	6	3000	20	0	0	0	0	0	-1	8	433	0	0	0	0	0	0	4	0	0	0	0	0	0	0	0	0	0	0	0	0	0	0	1	0	0	300	191	1	0	4	402	4	0	0	0	0	0	-1	-1	-1	-1	100	0	0
1231	"Charge Slash Enhancement Skill"	25	80	3	0	7	0	0	0	80	0	0	6	0	8	878	0	0	0	0	0	0	0	0	0	0	0	0	0	0	0	0	0	4	0	0	0	0	1	0	0	0	192	0	0	1	0	1	0	0	0	0	3	2	100	-1	-1	115	0	0
1232	"Wind Glaive Enhancement Skill"	45	150	6	0	6	0	0	0	650	0	0	6	0	8	880	0	0	0	0	0	0	0	0	0	0	0	0	0	0	0	0	0	4	0	0	0	0	1	0	0	0	193	0	0	1	0	1	0	0	0	0	3	2	80	-1	-1	100	1	0
1233	"Blade Storm Enhancement Skill"	160	300	10	10	6	0	0	0	1150	0	0	6	0	8	882	0	0	0	0	0	0	0	0	0	0	0	0	0	0	0	0	0	4	0	0	0	0	1	0	0	0	194	0	0	1	0	1	0	0	0	0	3	2	50	-1	-1	190	1	0
1234	"Illusion Avatar Enhancement Skill"	100	200	40	0	6	0	0	0	900	0	0	6	1	8	884	0	0	0	0	0	0	0	0	0	0	0	0	0	0	0	0	0	4	0	0	0	0	1	0	0	0	176	4	0	0	0	1	0	0	0	0	3	2	100	-1	-1	100	0	0
1235	"Over Sting Enhancement Skill"	300	320	27	17	6	0	0	0	1470	0	0	6	0	8	894	0	0	0	0	0	0	0	0	0	0	0	4	0	0	0	0	0	0	0	0	0	442	0	0	0	0	18	0	0	1	0	0	0	0	0	0	4	2	80	-1	-1	110	1	0
1236	"Wild Breath Enhancement Skill"	300	320	35	19	6	0	0	1020	0	0	0	6	0	8	896	0	0	0	0	0	0	0	0	0	0	0	4	0	0	0	0	0	0	0	0	0	443	0	0	0	0	109	0	0	1	0	1	0	0	0	0	4	1	100	-1	-1	110	1	0
1237	"Synthesis: Angel Homunculus Enhancement Skill"	150	130	35	0	6	0	70	0	0	0	0	6	1	8	901	0	0	0	0	0	0	0	0	0	0	0	0	0	0	0	0	0	0	4	0	0	0	1	0	0	0	196	0	0	2	0	1	0	0	0	0	17	3	45	-1	-1	190	0	0
1238	"Synthesis: Ignition Bomber Enhancement Skill"	160	140	95	0	7	0	680	0	0	0	0	6	1	8	904	0	0	0	0	0	0	0	0	0	0	0	0	0	0	0	0	0	0	4	0	0	0	1	0	0	0	197	0	0	2	0	0	0	0	0	0	17	3	60	-1	-1	190	0	0
1239	"Synthesis: Countless Weapon Enhancement Skill"	160	160	112	11	6	0	1025	0	0	0	0	6	1	8	2093	0	0	0	0	0	0	0	0	0	0	0	0	0	0	0	0	0	0	4	0	0	0	1	0	0	0	198	0	0	2	0	0	0	0	0	0	17	3	60	-1	-1	130	1	0
1240	"Spirit Blast Enhancement Skill"	160	350	35	16	6	0	0	800	0	620	0	6	0	8	911	0	0	0	0	0	0	0	0	4	0	0	0	0	0	0	0	0	0	0	0	0	0	0	0	0	0	195	0	0	1	0	1	0	0	0	0	15	5	50	1	100	130	1	0
1241	"4th Stat"	0	0	0	0	0	0	0	0	0	0	0	0	-1	10	0	0	0	0	0	4	4	4	4	4	4	4	4	4	4	4	4	4	4	4	4	0	0	1	0	0	0	122	1	0	0	283	0	0	0	0	0	0	-1	-1	-1	-1	100	0	0
1242	"4th Stat"	0	0	0	0	0	0	0	0	0	0	0	0	-1	11	0	0	0	0	0	4	4	4	4	4	4	4	4	4	4	4	4	4	4	4	4	0	0	1	0	0	0	122	1	0	0	288	0	0	0	0	0	0	-1	-1	-1	-1	100	0	0
1500	"Sword Rage"	120	0	21	17	0	0	0	1060	0	0	0	0	-1	0	0	0	0	0	0	0	1	0	0	0	0	0	0	0	0	0	0	0	0	0	0	0	0	0	0	0	0	92	1	0	0	324	2	1	0	1	0	0	-1	-1	-1	-1	100	0	0
1501	"Sword Blow"	150	30	19	17	5	0	0	1090	0	0	0	6	0	0	0	0	0	0	0	0	1	0	0	0	0	0	0	0	0	0	0	0	0	0	0	0	0	0	0	0	0	91	0	0	1	0	0	0	0	0	0	2	-1	-1	-1	-1	105	1	0
1502	"Strong Faith"	120	0	80	25	0	0	1040	0	0	0	0	0	-1	0	0	0	0	0	0	0	1	0	0	0	0	0	0	0	0	0	0	0	0	0	0	0	0	0	0	0	0	93	1	0	0	325	2	1	0	1	0	8	-1	-1	-1	-1	100	0	0
1503	"Solid Grace"	120	0	65	20	0	0	1052	0	0	0	0	0	-1	0	0	0	0	0	0	0	1	0	0	0	0	0	0	0	0	0	0	0	0	0	0	0	0	0	0	0	600	94	1	0	0	326	2	1	0	1	0	8	-1	-1	-1	-1	100	0	0
1504	"Runic Spear Enhancement Skill"	150	20	42	0	7	0	600	0	0	0	0	6	1	8	916	0	0	0	0	0	0	0	0	0	0	0	0	4	0	0	0	0	0	0	0	0	0	1	0	0	0	199	0	0	2	0	0	0	0	0	0	9	3	100	-1	-1	120	0	0
1505	"Rune Praise Enhancement Skill"	160	160	80	6	7	0	1180	0	0	0	0	6	1	8	2102	0	0	0	0	0	0	0	0	0	0	0	0	4	0	0	0	0	0	0	0	0	0	1	0	0	0	200	0	0	2	0	1	0	0	0	0	9	3	100	-1	-1	130	1	0
1506	"Divine Fall Enhancement Skill"	30	150	16	0	6	0	0	60	29	0	0	6	0	8	920	0	0	0	0	0	0	0	0	0	0	0	0	0	0	0	0	0	0	0	4	0	0	1	0	0	0	202	0	0	1	0	1	0	0	0	0	18	1	45	-1	-1	130	0	0
1507	"Holy Sweep Enhancement Skill"	50	300	20	4	5	0	0	420	168	0	0	6	0	8	921	0	0	0	0	0	0	0	0	0	0	0	0	0	0	0	0	0	0	0	4	0	0	1	0	0	0	201	7	0	1	0	1	0	0	0	0	18	1	10	-1	-1	130	0	0
1508	"Sacred Impact Enhancement Skill"	160	350	26	18	7	0	0	1045	418	0	0	6	0	8	923	0	0	0	0	0	0	0	0	0	0	0	0	0	0	0	0	0	0	0	4	0	0	1	0	0	0	203	0	0	1	0	0	0	0	0	0	18	1	30	-1	-1	190	1	0
2001	"Dark Plasma"	130	30	22	10	6	5000	0	0	0	0	0	0	0	0	0	0	0	0	0	0	0	0	0	0	0	0	0	0	0	2	0	0	0	0	0	0	0	0	0	0	0	95	0	0	2	0	1	0	0	0	0	2	3	80	-1	-1	105	1	0
2002	"Ice Break"	50	180	7	1	6	0	295	0	0	0	0	6	0	0	0	0	0	0	0	0	0	0	0	0	0	0	0	0	0	1	0	0	0	0	0	0	0	0	0	0	0	96	0	0	2	0	0	0	0	0	0	2	3	80	-1	-1	105	1	0
2003	"Ice Blast"	160	140	13	10	6	400	1000	0	0	0	0	6	0	0	0	0	0	0	0	0	0	0	0	0	0	0	0	0	0	3	0	0	0	0	0	0	0	0	0	0	0	97	0	0	2	0	1	0	0	0	0	2	-1	-1	-1	-1	105	1	0
2004	"Death Fire"	50	160	5	1	6	0	100	0	0	0	0	6	0	0	0	0	0	0	0	0	0	0	0	0	0	0	0	0	0	1	0	0	0	0	0	0	0	0	0	0	0	98	0	0	2	0	0	0	0	0	0	2	3	80	-1	-1	105	0	0
2005	"Bursting Flare"	160	70	10	13	6	0	800	100	200	0	0	6	0	0	0	0	0	0	0	0	0	0	0	0	0	0	0	0	0	3	0	0	0	0	0	0	0	0	0	0	0	99	0	0	2	0	0	0	0	0	0	2	-1	-1	-1	-1	105	1	0
2006	"Death Ice"	50	160	5	1	6	0	100	0	0	0	0	6	0	0	0	0	0	0	0	0	0	0	0	0	0	0	0	0	0	1	0	0	0	0	0	0	0	0	0	0	0	100	0	0	2	0	0	0	0	0	0	2	3	80	-1	-1	105	0	0
2007	"Basic Heal"	8	0	20	0	6	0	52	0	0	0	0	0	0	0	0	0	0	0	0	0	0	0	0	0	0	0	0	0	0	0	0	1	0	0	0	0	0	0	0	0	0	116	6	0	4	0	4	0	0	0	0	0	-1	-1	-1	-1	100	0	0
2008	"Basic Recovery"	100	0	40	10	6	0	168	0	0	0	0	0	0	0	0	0	0	0	0	0	0	0	0	0	0	0	0	0	0	0	0	2	0	0	0	0	0	0	0	0	0	117	6	0	0	0	4	0	0	0	0	0	-1	-1	-1	-1	100	0	0
2009	"Basic Defense Increase"	13	0	30	0	6	0	72	0	0	0	0	0	-1	0	0	0	0	0	0	0	0	0	0	0	0	0	0	0	0	0	0	1	0	0	0	0	0	0	0	0	0	118	1	0	4	347	4	0	0	0	0	0	-1	-1	-1	-1	100	0	0
2010	"Basic Attack Increase"	18	0	40	0	6	0	92	0	0	0	0	0	-1	0	0	0	0	0	0	0	0	0	0	0	0	0	0	0	0	0	0	1	0	0	0	0	0	0	0	0	0	119	1	0	4	346	4	0	0	0	0	0	-1	-1	-1	-1	100	0	0
2011	"Basic Bless"	10	0	40	10	6	3000	150	0	0	0	0	0	-1	0	0	0	0	0	0	0	0	0	0	0	0	0	0	0	0	0	0	1	0	0	0	0	0	0	0	0	300	124	1	0	4	348	4	0	0	0	0	0	-1	-1	-1	-1	100	0	0
2012	"Chaos Blade"	160	350	19	14	3	0	0	900	0	0	0	6	0	0	0	0	0	0	0	0	0	0	3	0	0	0	0	0	0	0	0	0	0	0	0	0	0	0	0	0	0	101	0	0	1	0	0	0	0	0	0	2	1	700	-1	-1	105	1	0
2013	"Havoc Spear"	160	150	92	20	6	0	1073	0	0	0	0	6	1	0	0	0	0	0	0	0	0	0	3	0	0	0	0	0	0	0	0	0	0	0	0	0	0	0	0	0	0	102	0	0	2	0	1	0	0	0	0	0	3	150	-1	-1	110	1	0
2014	"Spiral Charge"	120	0	21	17	0	0	0	900	0	0	0	0	-1	0	0	0	0	0	0	0	0	0	3	0	0	0	0	0	0	0	0	0	0	0	0	0	0	0	0	0	600	103	1	0	0	365	2	1	0	1	0	3	-1	-1	-1	-1	100	0	0
2015	"Crusher Charge"	120	0	21	17	0	0	0	900	0	0	0	0	-1	0	0	0	0	0	0	0	0	0	3	0	0	0	0	0	0	0	0	0	0	0	0	0	0	0	0	0	600	104	1	0	0	366	2	1	0	1	0	3	-1	-1	-1	-1	100	0	0
2016	"Elemental Charge"	120	0	65	20	0	0	1073	0	0	0	0	0	-1	0	0	0	0	0	0	0	0	0	3	0	0	0	0	0	0	0	0	0	0	0	0	0	0	0	0	0	600	105	1	0	0	367	2	1	0	1	0	6	-1	-1	-1	-1	100	0	0
2017	"Chaos Blade Sword Energy Explosion"	120	400	0	0	6	0	0	0	0	0	0	0	1	6	0	0	0	0	0	0	0	0	3	0	0	0	0	0	0	0	0	0	0	0	0	0	0	0	0	0	0	280	0	0	0	0	0	0	0	0	0	0	1	700	-1	-1	110	1	0
2018	"Fire Blood Sword Energy Explosion"	120	200	0	0	6	0	0	0	0	0	0	0	1	6	0	0	0	0	0	0	0	0	3	0	0	0	0	0	0	0	0	0	0	0	0	0	0	0	0	0	0	280	0	0	0	0	0	0	0	0	0	0	1	700	-1	-1	110	1	0
2019	"Ice Blood Sword Energy Explosion"	120	200	0	0	6	0	0	0	0	0	0	0	1	6	0	0	0	0	0	0	0	0	3	0	0	0	0	0	0	0	0	0	0	0	0	0	0	0	0	0	0	280	0	0	0	0	0	0	0	0	0	0	1	700	-1	-1	110	1	0
2020	"Havoc Spear Nova"	120	200	0	0	6	0	0	0	0	0	0	0	1	6	0	0	0	0	0	0	0	0	3	0	0	0	0	0	0	0	0	0	0	0	0	0	0	0	0	0	0	280	0	0	0	0	0	0	0	0	0	0	3	150	-1	-1	110	1	0
2021	"Fixed Fire"	100	0	100	50	0	0	300	0	0	0	0	0	1	0	0	0	0	0	0	0	0	0	0	0	0	0	0	0	0	1	0	0	0	0	0	0	0	0	0	0	0	107	1	0	0	380	2	0	0	0	0	2	0	0	0	0	100	0	0
2022	"Bond of Unity"	0	0	0	0	0	0	0	0	0	0	0	0	-1	0	0	0	0	0	0	0	0	0	0	0	0	0	0	0	0	0	0	0	0	0	0	0	0	0	0	0	0	0	0	0	0	0	0	0	0	0	0	0	-1	-1	-1	-1	100	0	0
2023	"Raining Arrow"	160	65	15	7	7	0	0	0	1302	0	0	6	0	0	0	0	0	0	0	0	0	3	0	0	0	0	0	0	0	0	0	0	0	0	0	0	0	0	0	0	0	125	0	0	1	0	1	0	0	0	0	5	2	150	-1	-1	115	0	0
2024	"Dex Booster"	100	0	10	12	0	50000	0	0	500	0	0	0	-1	0	0	0	0	0	0	0	0	3	0	0	0	0	0	0	0	0	0	0	0	0	0	0	0	0	0	0	0	126	1	0	0	395	2	0	0	0	0	0	-1	-1	-1	-1	100	0	0
2025	"Holy Bolt"	110	777	20	0	6	0	1200	0	0	0	0	6	0	0	0	0	0	0	0	0	0	3	0	0	0	0	0	0	0	0	0	0	0	0	0	0	0	0	0	0	0	127	0	0	2	0	0	0	0	0	0	0	3	150	-1	-1	190	0	0
2026	"Elemental Attack Increase"	100	0	40	0	6	0	1500	0	0	0	0	0	-1	0	0	0	0	0	0	0	0	3	0	0	0	0	0	0	0	0	0	0	0	0	0	0	0	0	0	0	0	128	1	0	4	396	4	0	0	0	0	0	-1	-1	-1	-1	100	0	0
2027	"Elemental Defense Increase"	100	0	40	0	6	0	1500	0	0	0	0	0	-1	0	0	0	0	0	0	0	0	3	0	0	0	0	0	0	0	0	0	0	0	0	0	0	0	0	0	0	0	129	1	0	4	397	4	0	0	0	0	0	-1	-1	-1	-1	100	0	0
2028	"Charge Slash"	25	80	3	0	6	0	0	0	80	0	0	6	0	0	0	0	0	0	0	0	0	0	0	0	0	0	0	0	0	0	0	0	1	0	0	0	0	0	0	0	0	132	0	0	1	0	1	0	0	0	0	3	2	100	-1	-1	115	0	0
2029	"Wind Glaive"	45	150	6	0	5	0	0	0	650	0	0	6	0	0	0	0	0	0	0	0	0	0	0	0	0	0	0	0	0	0	0	0	1	0	0	0	0	0	0	0	0	133	0	0	1	0	1	0	0	0	0	3	2	80	-1	-1	100	1	0
2030	"Blade Storm"	160	220	10	10	6	0	0	0	1150	0	0	6	0	0	0	0	0	0	0	0	0	0	0	0	0	0	0	0	0	0	0	0	3	0	0	0	0	0	0	0	0	134	0	0	1	0	1	0	0	0	0	3	2	50	-1	-1	190	1	0
2031	"Illusion Avatar"	100	200	40	0	6	0	0	0	900	0	0	6	0	0	0	0	0	0	0	0	0	0	0	0	0	0	0	0	0	0	0	0	2	0	0	0	0	0	0	0	0	130	4	0	1	0	1	0	0	0	0	3	2	80	-1	-1	100	0	0
2032	"Illusion Blade"	25	0	40	0	0	0	0	0	0	0	0	0	-1	0	0	0	0	0	0	0	0	0	0	0	0	0	0	0	0	0	0	0	1	0	0	0	0	0	0	0	0	131	1	0	0	405	2	0	0	0	0	3	-1	-1	-1	-1	100	0	0
2036	"Over Sting"	300	320	25	12	6	0	0	0	1470	0	0	6	0	0	0	0	0	0	0	0	0	0	0	0	0	0	3	0	0	0	0	0	0	0	0	0	0	0	0	0	0	135	0	0	1	0	0	0	0	0	0	4	2	80	-1	-1	110	1	0
2085	"Wild Breath"	300	320	35	18	6	0	0	1020	0	0	0	6	0	0	0	0	0	0	0	0	0	0	0	0	0	0	3	0	0	0	0	0	0	0	0	0	0	0	0	0	0	29	0	0	1	0	1	0	0	0	0	4	1	100	-1	-1	110	1	0
2037	"Gale Meteor Storm"	160	105	105	20	6	500	1160	0	0	0	0	6	1	14	0	0	0	0	0	5	0	0	0	0	0	0	0	0	0	0	0	0	0	0	0	0	0	0	0	0	0	0	0	0	2	0	1	0	0	0	0	0	3	200	-1	-1	130	0	0
2040	"Barrage Sword Blow"	150	30	19	17	5	0	0	1090	0	0	0	6	0	14	0	0	0	0	0	0	5	0	0	0	0	0	0	0	0	0	0	0	0	0	0	0	0	0	0	0	0	3	0	0	1	0	0	0	0	0	0	2	-1	-1	-1	-1	105	1	0
2043	"Gale Destruction Blow"	160	120	30	24	5	0	0	0	0	0	0	6	0	14	0	0	0	0	0	0	5	0	0	0	0	0	0	0	0	0	0	0	0	0	0	0	0	0	0	0	0	6	0	0	1	0	1	0	2	1	0	2	3	150	-1	-1	135	0	0
2044	"Barrage Raining Arrow"	160	65	19	8	7	0	0	0	1302	0	0	6	0	14	0	0	0	0	0	0	0	5	0	0	0	0	0	0	0	0	0	0	0	0	0	0	0	0	0	0	0	7	0	0	1	0	1	0	0	0	0	5	2	150	-1	-1	115	0	0
2047	"Gale Holy Bolt"	120	777	30	0	6	0	1200	0	0	0	0	6	0	14	0	0	0	0	0	0	0	5	0	0	0	0	0	0	0	0	0	0	0	0	0	0	0	0	0	0	0	10	0	0	2	0	0	0	0	0	0	0	3	150	-1	-1	190	0	0
2049	"Barrage Chaos Blade"	160	350	19	14	3	0	0	900	0	0	0	6	0	14	0	0	0	0	0	0	0	0	5	0	0	0	0	0	0	0	0	0	0	0	0	0	0	0	0	0	0	12	0	0	1	0	0	0	0	0	0	2	1	750	-1	-1	105	1	0
2051	"Rage Havoc Spear"	160	150	92	20	6	0	1073	0	0	0	0	6	1	14	0	0	0	0	0	0	0	0	5	0	0	0	0	0	0	0	0	0	0	0	0	0	0	0	0	0	0	14	0	0	2	0	1	0	0	0	0	0	3	200	-1	-1	110	1	0
2054	"Barrage Wind Soul"	160	130	38	19	6	0	0	717	0	0	0	6	0	14	0	0	0	0	0	0	0	0	0	5	0	0	0	0	0	0	0	0	0	0	0	0	0	0	0	0	0	17	0	0	1	0	0	0	0	0	0	2	1	100	-1	-1	120	1	0
2058	"Barrage Fire Beast"	160	100	95	11	7	500	1220	0	0	0	0	6	1	14	0	0	0	0	0	0	0	0	0	0	5	0	0	0	0	0	0	0	0	0	0	0	0	0	0	0	0	21	0	0	2	0	0	0	0	0	0	0	3	170	-1	-1	105	1	0
2060	"Rage Death Side"	93	95	120	20	6	0	930	0	0	0	0	6	1	14	0	0	0	0	0	0	0	0	0	0	5	0	0	0	0	0	0	0	0	0	0	0	0	0	0	0	0	23	0	0	2	306	1	0	2	0	0	11	3	200	-1	-1	105	1	0
2061	"Barrage Dark Side"	180	0	92	7	6	0	0	0	0	0	0	6	1	14	0	0	0	0	0	0	0	0	0	0	0	5	0	0	0	0	0	0	0	0	0	0	0	0	0	0	0	24	0	0	1	0	1	0	0	0	0	0	2	100	-1	-1	115	0	0
2063	"Barrage Spirit Hook"	180	255	27	21	3	0	0	0	0	0	1480	6	1	14	0	0	0	0	0	0	0	0	0	0	0	5	0	0	0	0	0	0	0	0	0	0	0	0	0	0	0	26	0	0	1	0	0	0	1	0	0	7	4	10	-1	-1	105	1	0
2065	"Barrage Over Sting"	300	320	27	17	6	0	0	0	1470	0	0	6	0	14	0	0	0	0	0	0	0	0	0	0	0	0	5	0	0	0	0	0	0	0	0	0	0	0	0	0	0	28	0	0	1	0	0	0	0	0	0	4	2	80	-1	-1	110	1	0
2068	"Gale Lightning Storm"	160	300	80	7	8	0	1080	0	0	0	0	6	1	14	0	0	0	0	0	0	0	0	0	0	0	0	0	5	0	0	0	0	0	0	0	0	0	0	0	0	0	31	0	0	2	0	1	0	0	0	0	9	3	100	-1	-1	115	1	0
2071	"Barrage Pierce Attack"	170	170	20	10	6	0	0	300	1100	0	0	6	1	14	0	0	0	0	0	0	0	0	0	0	0	0	0	0	5	0	0	0	0	0	0	0	0	0	0	0	0	34	0	0	1	0	1	0	0	0	0	2	2	150	-1	-1	120	1	0
2073	"Gale Bursting Flare"	150	50	14	13	6	0	800	100	200	0	0	6	0	14	0	0	0	0	0	0	0	0	0	0	0	0	0	0	0	5	0	0	0	0	0	0	0	0	0	0	0	36	0	0	2	0	0	0	0	0	0	2	3	80	-1	-1	105	1	0
2076	"Barrage Ultimate Force"	160	10	95	6	7	0	1073	0	0	0	0	6	1	14	0	0	0	0	0	0	0	0	0	0	0	0	0	0	0	0	0	5	0	0	0	0	0	0	0	0	0	39	0	0	2	0	0	0	0	0	0	14	3	60	-1	-1	150	1	0
2080	"Barrage Spear Storm"	160	160	108	7	6	500	1160	0	0	0	0	6	1	14	0	0	0	0	0	0	0	0	0	0	0	0	0	0	0	0	5	0	0	0	0	0	0	0	0	0	0	43	0	0	2	0	1	0	0	0	0	0	3	60	-1	-1	130	1	0
2082	"Barrage Blade Storm"	160	300	10	10	6	0	0	0	1150	0	0	6	0	14	0	0	0	0	0	0	0	0	0	0	0	0	0	0	0	0	0	0	5	0	0	0	0	0	0	0	0	45	0	0	1	0	1	0	0	0	0	3	2	50	-1	-1	190	1	0
2086	"Nuke (Trigger)"	0	0	0	0	0	0	0	0	0	0	0	0	1	0	0	0	0	0	0	0	0	0	0	0	0	0	0	0	0	0	0	0	0	0	0	0	0	0	0	0	0	0	0	0	0	0	1	0	0	0	0	0	-1	-1	-1	-1	100	0	0
2087	"Bolt (Trigger)"	0	0	0	0	0	0	0	0	0	0	0	0	1	0	0	0	0	0	0	0	0	0	0	0	0	0	0	0	0	0	0	0	0	0	0	0	0	0	0	0	0	0	0	0	0	0	1	0	0	0	0	0	-1	-1	-1	-1	100	0	0
2088	"AoE (Trigger)"	0	0	0	0	0	0	0	0	0	0	0	0	1	0	0	0	0	0	0	0	0	0	0	0	0	0	0	0	0	0	0	0	0	0	0	0	0	0	0	0	0	0	0	0	0	0	1	0	0	0	0	0	-1	-1	-1	-1	100	0	0
2089	"Gale Wild Breath"	300	320	35	19	6	0	0	1020	0	0	0	6	0	14	0	0	0	0	0	0	0	0	0	0	0	0	5	0	0	0	0	0	0	0	0	0	0	0	0	0	0	48	0	0	1	0	1	0	0	0	0	4	1	100	-1	-1	110	1	0
2090	"Synthesis: Confusion Stone"	77	0	70	25	6	300000	850	0	0	0	0	0	1	0	0	0	0	0	0	0	0	0	0	0	0	0	0	0	0	0	0	0	0	1	0	0	0	0	0	0	0	141	1	0	0	443	2	0	0	0	0	17	-1	-1	-1	-1	100	0	0
2091	"Synthesis: Angel Homunculus"	30	130	5	0	6	0	70	0	0	0	0	6	1	0	0	0	0	0	0	0	0	0	0	0	0	0	0	0	0	0	0	0	0	1	0	0	0	0	0	0	0	142	0	0	2	0	1	0	0	0	0	17	3	45	-1	-1	190	0	0
2092	"Synthesis: Ignition Bomber"	50	140	30	0	6	0	680	0	0	0	0	6	1	0	0	0	0	0	0	0	0	0	0	0	0	0	0	0	0	0	0	0	0	1	0	0	0	0	0	0	0	143	0	0	2	0	0	0	0	0	0	17	3	60	-1	-1	190	0	0
2093	"Synthesis: Countless Weapon"	160	160	108	10	6	0	1025	0	0	0	0	6	1	0	0	0	0	0	0	0	0	0	0	0	0	0	0	0	0	0	0	0	0	3	0	0	0	0	0	0	0	144	0	0	2	1	0	0	0	0	0	17	3	60	-1	-1	150	1	0
2094	"Barrage Countless Weapon"	160	160	120	13	6	0	1025	0	0	0	0	6	1	14	0	0	0	0	0	0	0	0	0	0	0	0	0	0	0	0	0	0	0	5	0	0	0	0	0	0	0	50	0	0	2	0	0	0	0	0	0	17	3	60	-1	-1	130	1	0
2095	"Spirit Blast"	160	350	35	16	6	0	0	800	0	620	0	6	0	0	0	0	0	0	0	0	0	0	0	3	0	0	0	0	0	0	0	0	0	0	0	0	0	0	0	0	0	136	0	0	1	0	1	0	0	0	0	15	5	50	1	100	130	1	0
2096	"Rage Spirit Blast"	160	350	35	16	6	0	0	800	0	620	0	6	0	14	0	0	0	0	0	0	0	0	0	5	0	0	0	0	0	0	0	0	0	0	0	0	0	0	0	0	0	49	0	0	1	0	1	0	0	0	0	15	5	50	1	100	130	1	0
2097	"Crown Force"	10	0	80	20	0	3000	300	0	0	400	0	0	-1	0	0	0	0	0	0	0	0	0	0	1	0	0	0	0	0	0	0	0	0	0	0	0	0	0	0	0	60000	137	1	0	4	427	3	0	0	0	0	0	-1	-1	-1	-1	100	0	0
2098	"Divine Force"	10	0	100	0	0	30000	0	0	0	500	0	0	-1	0	0	0	0	0	0	0	0	0	0	3	0	0	0	0	0	0	0	0	0	0	0	0	0	0	0	0	3000	138	1	0	4	428	3	0	0	0	0	15	-1	-1	-1	-1	100	0	0
2099	"Divine Aura"	10	0	100	0	0	30000	0	0	0	500	0	0	-1	0	0	0	0	0	0	0	0	0	0	3	0	0	0	0	0	0	0	0	0	0	0	0	0	0	0	0	3000	139	1	0	4	429	3	0	0	0	0	16	-1	-1	-1	-1	100	0	0
2100	"Battle Glory"	66	0	40	30	0	0	0	200	0	200	0	0	0	0	0	0	0	0	0	0	0	0	0	1	0	0	0	0	0	0	0	0	0	0	0	0	0	0	0	0	0	140	1	0	0	436	2	0	0	0	0	0	-1	-1	-1	-1	100	0	0
2101	"Runic Spear"	140	20	15	0	7	0	600	0	0	0	0	6	1	0	0	0	0	0	0	0	0	0	0	0	0	0	0	2	0	0	0	0	0	0	0	0	0	0	0	0	0	145	0	0	2	0	0	0	0	0	0	9	3	100	-1	-1	120	0	0
2102	"Rune Praise"	160	160	70	5	7	0	1180	0	0	0	0	6	1	0	0	0	0	0	0	0	0	0	0	0	0	0	0	3	0	0	0	0	0	0	0	0	0	0	0	0	0	146	0	0	2	0	1	0	0	0	0	9	3	100	-1	-1	130	1	0
2103	"Barrage Rune Praise"	160	160	90	6	7	0	1180	0	0	0	0	6	1	14	0	0	0	0	0	0	0	0	0	0	0	0	0	5	0	0	0	0	0	0	0	0	0	0	0	0	0	51	0	0	2	0	1	0	0	0	0	9	3	100	-1	-1	130	1	0
2104	"Special Praise"	160	160	0	0	7	0	0	0	0	0	0	0	1	6	0	0	0	0	0	0	0	0	0	0	0	0	0	3	0	0	0	0	0	0	0	0	0	0	0	0	0	146	0	0	0	0	1	0	0	0	0	0	3	100	-1	-1	130	1	0
2105	"Divine Fall"	30	150	5	0	6	0	0	60	29	0	0	6	0	0	0	0	0	0	0	0	0	0	0	0	0	0	0	0	0	0	0	0	0	0	1	0	0	0	0	0	0	148	0	0	1	0	1	0	0	0	0	18	1	45	-1	-1	130	0	0
2106	"Holy Sweep"	50	300	13	1	5	0	0	420	168	0	0	6	0	0	0	0	0	0	0	0	0	0	0	0	0	0	0	0	0	0	0	0	0	0	2	0	0	0	0	0	0	147	7	0	1	0	1	0	0	0	0	18	1	10	-1	-1	130	0	0
2107	"Sacred Impact"	160	350	20	15	7	0	0	1045	418	0	0	6	0	0	0	0	0	0	0	0	0	0	0	0	0	0	0	0	0	0	0	0	0	0	3	0	0	0	0	0	0	149	0	0	1	0	0	0	0	0	0	18	1	50	-1	-1	190	1	0
2108	"Lugard¡¯s Blessing: Punishment"	50	0	200	30	8	0	200	0	0	0	0	0	-1	0	0	0	0	0	0	0	0	0	0	0	0	0	0	0	0	0	0	0	0	0	2	0	0	0	0	0	1800000	152	1	0	0	448	2	0	0	0	0	0	-1	-1	-1	-1	100	0	0
2109	"Gale Sacred Impact"	160	350	28	19	7	0	0	1045	418	0	0	6	0	14	0	0	0	0	0	0	0	0	0	0	0	0	0	0	0	0	0	0	0	0	5	0	0	0	0	0	0	52	0	0	1	0	0	0	0	0	0	18	1	30	-1	-1	190	1	0
end																																																												
